:020000040800F2
:1000000000A00020E905000851060008510600087C
:1000100051060008510600085106000800000000C3
:100020000000000000000000000000005106000871
:10003000510600080000000051060008C9640008CD
:100040005106000851060008510600085106000834
:100050005106000851060008510600085106000824
:1000600051060008C3640008510600085106000844
:1000700051060008510600089111010851060008B8
:1000800051060008510600085106000851060008F4
:1000900051060008510600085106000851060008E4
:1000A00025160108DD15010835160108CD150108D2
:1000B000E1150108F11501080116010851060008B3
:1000C00051060008510600085106000851060008B4
:1000D00051060008511201085D120108510600087E
:1000E000BD640008510600085106000851060008CA
:1000F00021160108510600081116010851060008D2
:100100000000000000000000000000005106000890
:100110005106000851060008510600085106000863
:100120005106000851060008510600085106000853
:100130005106000851060008000000000000000001
:100140005106000851060008510600080000000092
:10015000000000000000000000000000000000009F
:1001600000000000000000005106000851060008D1
:100170005106000800000000000000000000000020
:08018000000000005106000818
:1001C000844641EA000313F003036DD1403A41D362
:1001D00051F8043B40F8043B51F8043B40F8043B21
:1001E00051F8043B40F8043B51F8043B40F8043B11
:1001F00051F8043B40F8043B51F8043B40F8043B01
:1002000051F8043B40F8043B51F8043B40F8043BF0
:1002100051F8043B40F8043B51F8043B40F8043BE0
:1002200051F8043B40F8043B51F8043B40F8043BD0
:1002300051F8043B40F8043B51F8043B40F8043BC0
:1002400051F8043B40F8043B51F8043B40F8043BB0
:10025000403ABDD2303211D351F8043B40F8043B50
:1002600051F8043B40F8043B51F8043B40F8043B90
:1002700051F8043B40F8043B103AEDD20C3205D360
:1002800051F8043B40F8043B043AF9D2043208D058
:10029000D2071CBF11F8013B00F8013B01D30B88CA
:1002A00003806046704700BF082A13D38B078DD0A8
:1002B00010F003038AD0C3F10403D21ADB071CBF7A
:1002C00011F8013B00F8013B80D331F8023B20F8E4
:1002D000023B7BE7043AD9D3013A11F8013B00F81D
:1002E000013BF9D20B7803704B7843708B788370A5
:1002F00060467047000000000000000000000000A1
:1003000030B490F800F020F007016FF0000C10F00E
:10031000070491F820F040F048804FF000046FF09F
:100320000700D1E9002391F840F000F1080082FABB
:100330004CF2A4FA8CF283FA4CF3A2FA8CF34BBB86
:10034000D1E9022382FA4CF200F10800A4FA8CF2FF
:1003500083FA4CF3A2FA8CF3E3B9D1E9042382FACD
:100360004CF200F10800A4FA8CF283FA4CF3A2FAE2
:100370008CF37BB9D1E9062301F1200182FA4CF21A
:1003800000F10800A4FA8CF283FA4CF3A2FA8CF381
:10039000002BC6D0002A04BF04301A4612BAB2FAA3
:1003A00082F200EBD20030BC7047D1E9002304F0A8
:1003B0000305C4F100004FEAC50514F0040F91F8DD
:1003C00040F00CFA05F562EA05021CBF63EA05037A
:1003D00062464FF00004AAE753B94AB9002908BFA2
:1003E00000281CBF4FF0FF314FF0FF3000F0E2B8A3
:1003F000ADF1080C6DE904CE13F0E6FFDDF804E082
:10040000DDE9022304B0704700F1340191E83800BF
:100410009C46A6464CF8045D90E8FF0FE54600BDFB
:1004200090EC210B704700BF80EC210B704700BFA0
:1004300090EC200B704700BF80EC200B704700BF92
:10044000D0EC200B704700BFC0EC200B704700BF02
:10045000F0EC0201F0EC0211F0EC0221F0EC0231C0
:10046000F0EC0241F0EC0251F0EC0261F0EC0271B0
:10047000F0EC0281F0EC0291F0EC02A1F0EC02B1A0
:10048000F0EC02C1F0EC02D1F0EC02E1F0EC02F190
:10049000704700BFE0EC0201E0EC0211E0EC022149
:1004A000E0EC0231E0EC0241E0EC0251E0EC0261F0
:1004B000E0EC0271E0EC0281E0EC0291E0EC02A1E0
:1004C000E0EC02B1E0EC02C1E0EC02D1E0EC02E1D0
:1004D000E0EC02F1704700BFB0FC0181B0FC01917B
:1004E000B0FC01A1B0FC01B1704700BFA0FC0181CC
:1004F000A0FC0191A0FC01A1A0FC01B1704700BFCC
:10050000EC4600B52DE900502DE9FF1F4FF0000328
:100510002DE90C0001A914F031FADDF840E012B029
:10052000704700BFEC4600B52DE900502DE9FF1FD4
:100530004FF000032DE90C0001A914F05DFADDF87D
:1005400040E012B0704700BFEC4600B52DE9005006
:100550002DE9FF1F4FF000032DE90C0001A914F055
:100560006DFADDF840E012B0704700BFEC4600B510
:100570002DE900502DE9FF1F4FF000032DE90C007D
:1005800001AB14F031FADDF840E012B0704700BF63
:10059000EC4600B52DE900502DE9FF1F4FF0000398
:1005A0002DE90C0001AA14F0A5FADDF840E012B024
:1005B000704700BF704700BF9FED010A0CF0BEB945
:1005C0000000C84200200CF065BD000001480CF09E
:1005D00079BA00BFC155010801480CF073BA00BFD9
:1005E000CD550108704700001148124902680060AB
:1005F0008A4218D0002103E00F4B5B58435004316E
:100600000E480F4B42189A42F6D30E4A02E00023DE
:1006100042F8043B0C4B9A42F9D301F081F900F007
:10062000CBF97047FEE70948D0F800D04068004792
:10063000FC9F0020EFBEADDEC06F0108000000206F
:10064000D0040020D0040020402A002000D8FF1F42
:10065000FEE70000F0B5C24EC24FC34C87B002F0B7
:1006600061FA01F0C1FA01F00FFD01F06FFD33787E
:1006700043F001033370BD4B4FF47002C3F8882080
:1006800001F082F9386005F047FF01F02BFB0FF015
:1006900099FE0CF093FD402001F02EFB0146B4487A
:1006A00007F096F8607904F1100105F035FD142289
:1006B000002101A813F06EFD4FF4802001F01CFB17
:1006C00010B9AC4B01221A703378AB48AB4D43F0F4
:1006D000040333700FF048FDA9480FF045FD0020DA
:1006E0000FF0FAFAA7480AF041FA00232B8094F899
:1006F000EF2094F8F730B4F8F010A3480AF0BEFCED
:1007000018B92B8843F002032B8094F8F8000AF004
:100710001FFD18B92B8843F020032B8011F09AFAA3
:1007200018B12B8843F480732B8010F06EF818B941
:100730002B8843F080032B803B68012B02BF2B8862
:1007400043F040032B80288808B105F03BFF337845
:100750008E4D43F0020333704FF400532B854FF45A
:100760008043AB610F27AB8A9BB283F40053AB820B
:10077000AB8A9BB283F48043AB82AB8A9BB283F497
:100780000043AB82192005F012FF013F192005F04C
:100790000EFF17F0FF07E6D14FF48043AB614FF433
:1007A0000053AB614FF40043AB61082001F05EFDE4
:1007B00008B10AF08DFA04F099FA6D4807F02EFF9F
:1007C000B4F8DE10724802F0F1FE724B70481968FE
:1007D0007D3108F0F3FD0FF0BDFE08F057FD05F088
:1007E0007BFE6D4B18606379052B03D14FF47A7053
:1007F00009F016FD02F0A6FC4FF47A700AF074FBC3
:10080000C82011F023F911F02DF911F00FFA10F0B2
:1008100053FF624A137843F008031370604A137859
:1008200040F6020023F00203137001F065FA10B1E4
:100830005C4809F07BFE01F055FA4E4B01221A701C
:10084000337863F07F0333700BF0A4F90CF046FBB0
:10085000FFF7B2FE10F0F4FD4FF4967005F0A7FE1E
:1008600010F0F0FE6279182A9DBF4F4BD34003F081
:100870000103002302208DF80E3006F067FF8DF88B
:100880000900022001F038FA8DF80A00402001F03A
:1008900033FA8DF80C004FF4005001F02DFA8DF86A
:1008A00004004FF4004001F027FA8DF807004FF4E0
:1008B000006001F021FA20B194F82B01C31E5842C8
:1008C00058418DF808004FF4803001F015FA8DF88A
:1008D0000D00012001F010FA8DF80500082001F04C
:1008E0000BFA8DF806004FF4802001F005FAB4F8F9
:1008F000E0308DF80B00ADF810304FF48050B4F8B4
:10090000D430ADF8123001F0F7F918B1B4F8DC309A
:10091000ADF81230BDF8103094F87C01B3F5FA7FD1
:1009200084BF0023ADF8123010F046F901A80FF093
:10093000FFFE05F00DFC1D4B1B780BB105F074FF9D
:100940000BF08AFF0CF0DCF8194B93F9000088BB20
:1009500006210BF0DBFF02210A200BF097FF29E0B4
:1009600044240020D80400203405002000ED00E0DD
:10097000C4060020512400200030014090200020B7
:10098000003800401C06002018060020000800481F
:1009900064060020300500201005002055240020AA
:1009A000562400205C060020004100012126002082
:1009B0009400002007B0F0BD08B5FFF74BFE00F033
:1009C000C1FEFCE7074B01881B68B3F85C200A44B2
:1009D000A3F85C204188B3F85E200A44A3F85E20A7
:1009E00001F000BC3005002008B5174BB3F9082111
:1009F00042B1B3F90A212AB1B3F90C3113B1134B47
:100A00001B78BBB9012001F043FC09F00FFCA8B131
:100A10000AF070FA90B1002001F044FC002001F0CF
:100A20004BFC78B90A4B1B6801205BB9BDE8084054
:100A300001F042BC012001F035FCE6E7002001F0A6
:100A400027FCEBE708BD00BF34050020860000202E
:100A5000B00D00202DE9F04FB54AB64B1768B3F939
:100A600006307A892DED028B934289B0C0F25B810A
:100A7000B3F5FA6FFC79BDBF9B1A13FB04F3C2F503
:100A8000FA62C4F16404BCBF93FBF2F3C3F16404E3
:100A9000A94BAA4DB3F83E81A94BD3F800E0A54B72
:100AA0000693A84B0593A84B0493A84B03933B1DB7
:100AB000F446002064220793069B33F9029B0693B9
:100AC000A9EB080303F2F31140F2E636B14200F25B
:100AD0002C81002BB8BF5B42022800F059819EF8A0
:100AE000151119B19942B4BF5B1A00239849B3FBA1
:100AF000F2FB0E4631F91BA00BF1010136F9111082
:100B00004FF69C761BFB0636A1EB0A01714391FB65
:100B1000F2F1514429800799095C11FB03F38D49D7
:100B200093FBF1F364339BB2634393FBF2F31CF842
:100B3000011F059E594391FBF2F106F8011B9CF839
:100B40000B100596049E594391FBF2F106F8011B28
:100B50009CF8161004965943039B91FBF2F103F89D
:100B6000011B03937C4B022814BF1C549A70C1458F
:100B7000B8BF2B8800F10100BCBF5B422B8003286B
:100B800005F1020598D102F0DDFC6A4D30B1B5F9EE
:100B9000062040F2DC539A42C8BFEB806F4B1B78B3
:100BA00013B16F4B1B88EB80634CB5F90600B4F8AA
:100BB0004011624E4FF4FA6201F007FDB4F8403183
:100BC0004FF47A72C01A64245043C3F5FA63B0FB41
:100BD000F3F0644B90FBF4F2571C33F9121033F925
:100BE00017306FF063075B1A07FB0200434393FB68
:100BF000F4F30B44F3805C4B5C4C1B78002B00F04F
:100C0000F18023785B0740F1ED800AF04DFF3080E2
:100C10000AF050FF7080564B1B885F062FD5554B4E
:100C20001888554B1B88C01A00B201F033FDF0EE56
:100C3000408A01F0B3FCB0EE408AB0EE680A01F0E1
:100C40004BFCB6F9023006EE903AB6F9003007EEEA
:100C5000103AF8EEE66AB8EEC77A67EE007A20EE50
:100C6000660AE6EE887AA7EE080AFDEEE77ABDEEA0
:100C7000C00A10EE103A338017EE903A73800220CB
:100C800001F03AF83D4E50B13D4A3168136845F2E3
:100C90000720CB1A834202DD116009F077FC4FF484
:100CA000006001F029F868B1364A3068136845F2EF
:100CB0000721C31A8B4205DD21781060C1F3800142
:100CC00009F0DCFC3068A0F5A443083B45F207229C
:100CD00093420BDDB5F90620237829490092294A71
:100CE00009681268C3F3800309F09AFD05F044FD1A
:100CF00023785D074FF008007BD501F0C9FA072083
:100D000001F0D0FA062001F0CDFA06F08FFD1E4B5F
:100D10009B680BB11D48984709B0BDEC028BBDE83C
:100D2000F04F0BF085BF6424B2E64FF4FA73D3E6BC
:100D300028050020C42100203405002024210020A3
:100D400030050020612400205E2400205B24002068
:100D5000522100200CFEFFFF58240020F625002021
:100D6000960000202C210020192600205624002067
:100D7000AE200020D8200020000000201405002014
:100D8000F8040020F404002030120020A8200020E5
:100D90009EF8161119B19942B4BF5B1A0023B3FB38
:100DA000F2F63D4906F1010B31F916A031F91B109D
:100DB0004FF69C7B16FB0B36A1EB0A017143374EB5
:100DC00091FBF2F196F9EE605144764211FB06F187
:100DD000334EB180B97911FB03F3324993FBF1F340
:100DE0006433A4E60AF06CFE4FF0FF300BF040FBDA
:100DF00011E701F057FA2C4B1B68D80710D42B4A87
:100E000023781278110702D5294A1278CAB923F03B
:100E100001030720237001F045FA062001F038FA9B
:100E2000022001F049FA234D00B32A789AB11F4BF2
:100E30001B781A071DD5022001F034FA00232B700D
:100E400017E043F001030720237001F021FA062088
:100E500001F028FAE4E718484FF496710BF0D2FD40
:100E600020B1012314482B700BF0EEFD2B78002BE2
:100E7000DDD1FFF7B9FD30B108F0F4F8237823F0A5
:100E80000103237041E72378DB0702D508F0E9F876
:100E90003BE708F0E7F838E744210020340500205C
:100EA000242100200CFEFFFF3C0F002055240020D1
:100EB0004F2400204E240020880B002010B5234A28
:100EC0001378590705D523F005030420137005F0A6
:100ED00031FC1F4B1B7813B11E4B00221A701E4BA6
:100EE0001E4A00241C701E4B1C70012313701D4AE7
:100EF00014701D4A14701D4A13701D4B1C701D4B3D
:100F00001C701D4B40F2B6321A601C4B78221A80BE
:100F10001B4B40F214521A801A4B1C601A4B1C6077
:100F20001A4B04201C6001F0BDF9052001F0BAF94C
:100F3000174B1C70174B1C70174B1C70174B1C70F9
:100F4000174B1C70BDE810400AF0ACBD56240020C1
:100F5000F7250020A20000204C240020A100002042
:100F6000F6250020F5250020F4250020A000002013
:100F7000F3250020F22500209C000020980000208E
:100F8000960000204C12002000050020FC040020E8
:100F9000E8250020E7250020502400209A24002086
:100FA0009924002008B525490B7813F0010F03F0B0
:100FB000040203D122480068012838DC2148007867
:100FC000002834D01AB1BDE8084010F031BE1E4AE6
:100FD0001268500131D49A072AD443F004030B70ED
:100FE0001A4B1A782AB901221A7005F08FFA184B99
:100FF0001860184B1B78C3B1174B184AB3F900306F
:10100000138005F083FA164B186005F07FFA154B34
:1010100093F888214FF47A7302FB0300124B186097
:10102000BDE80840052005F085BB104BE5E722B977
:10103000BDE80840012005F083BB08BD5624002010
:10104000B40D00204F2400203C0F00204C24002031
:10105000FC0400200D2600200824002000000020B1
:1010600000050020340500200C050020D8200020B9
:10107000094B1A782AB100221A70084B01221A7003
:101080007047074A137883F00103137013B10C20E3
:1010900005F050BB0D20FBE74A2400204924002026
:1010A0004B240020194A1A4B11781B6810B591B1D6
:1010B0001849097849070ED51749B1F906001749AB
:1010C000B1F84011884206DD13F0010101BF144858
:1010D000117032240480DB030BD5124B1A782AB925
:1010E000114A127812B90E4A3221118001221A7067
:1010F00010BD0D4A1378002BFAD0064B1B7813F065
:101100000403F5D11370094BF0E700BF4B24002016
:101110003C0F002056240020C4210020340500206C
:10112000A4200020482400204A2400204924002034
:101130002B4BB3F9043040F2DC529342D4BFD31AA4
:10114000A3F2DC53B3F5967F10B5264A41DA264B5D
:101150001B8803F04403002B3BD013786BB1234B67
:10116000B3F90430032B2EDD9B10452B2ADC002322
:1011700013701F4B1A881F4B1A801D4B18881D4B6C
:101180001B88C01A83B200B210F1B30F02DA03F564
:10119000B47318B2B328C4BFA0F5B47000B21E2255
:1011A0006FF01D0101F011FA134B144C1B68144928
:1011B0005B7A13FB00F000B24FF4C872A08001F01C
:1011C00004FAA08010BD002BB8BF03339B105B4214
:1011D000CBE701231370064B1A88064B1A80F1E700
:1011E000C421002047240020AE200020BE23002080
:1011F000D8200020AA200020300500202421002033
:1012000070FEFFFF70B51A4C23685A1C012B226038
:1012100010D0022B18D03BB9082001F027F818B1E4
:101220001449881F09F060FD2368042BC4BF002304
:10123000236070BD042001F019F80028F4D00E4B93
:10124000186810F039FCEFE7FFF7CEFB0B4D68B9DB
:10125000094E306802F04AF8094B93F9003013B98F
:1012600030680AF083FD01232B70DDE70023FBE7E4
:10127000F00400203C060020140500204F2400202C
:10128000940000202DE9F843974C984D206808F011
:10129000F1F94FF4805000F02FFD20B12B68DA07F0
:1012A00001D4FFF70BFE206808F04EFB4FF480706E
:1012B00000F022FD50B122688D4B9A4204D902F011
:1012C00085F908B902F08EF902F0CAF9894CB4F830
:1012D000DE1004F5987005F007FD064618B903F016
:1012E00095FC03F0A1FCDFF8409299F800305B0711
:1012F00025D5102000F000FD08B37F4B1B78DF06DA
:101300001DD405F0EBFC7D4F002800F0858094F89B
:101310008831002E6ED14BB1794BD3F8008005F0A7
:10132000F5F8A8EB0008B8F1000F05DB102005F078
:1013300001FA01233B7002E0FFF7C0FD3E7094F814
:10134000873194F886216F48003B18BF0123003A8B
:1013500018BF0122314605F0EDFC042000F0CCFC62
:1013600008B1FFF79FFE684E30687D3005F050FEF3
:10137000664B1B7843B93068CD3006F0B5F8644B46
:101380006049186806F034F82B689E0747D502209C
:1013900000F06CFF00284DD1012000F057FF012321
:1013A0002A68510752D5002B50D0012000F04EFF83
:1013B000584B1B889A0704D403F028FC022000F045
:1013C00037FF99F800305B0708D4524B1B8803F0B5
:1013D00044031BB1504B1A88504B1A80022000F076
:1013E00045FF002836D02B68DF0649D4042000F0E2
:1013F0002DFF50E04BB105F089F894F888214FF4A7
:101400007A7302FB03003E4B18603B78002B96D0AA
:1014100005F07AF900238DE7002EF6D186E74FF428
:10142000807000F069FC0028B6D002F0D5F80028E2
:10143000ADD1B1E7374B1B88D80701D50023AFE703
:1014400003F0E4FB012000F0F3FEF7E7022000F0D8
:10145000FDFEB6E7082000F009FF0028C3D12B6885
:101460001B054FF480703AD500F0E2FE6379082B3B
:1014700001D00E2B36D1BDE8F843402000F0E6BE87
:10148000244B1B885E0706D4042000F0D1FE224BBB
:101490001A88224B1A802B68980613D51D4B1B887F
:1014A000590602D4402000F0C3FE2B685A0641BF03
:1014B000194A11881A4A118013F00803194A05D1F4
:1014C0001370CCE7402000F0C1FEEEE71378002B4C
:1014D000C5D1114B1988124B19800123F0E700F098
:1014E000B5FEC3E7BDE8F883140500203C0F0020DB
:1014F000404B4C0034050020552400204624002099
:101500000C05002064060020300500209D240020EA
:1015100028050020AE200020D8200020AA2000208E
:101520000000002050240020562400202DE9F7431D
:101530000DF1060008F014FA2B4B2C481B882C4C9C
:1015400000EE103A0121B8EE400A04F06DFFBCEE47
:10155000C00ADFF8ACC0BDF806009CF8002010EE11
:10156000103A9BB2B0FBF3F0411CB4F9003009B261
:10157000A2B3DFF888801F4F1F4E002538F902EB19
:10158000B6F90090B7F9002026F802EBAEEB090996
:1015900001355A43042D92FBF1F24A4427F8022BFD
:1015A000ECD100238CF8003003B2002B19DD124F70
:1015B000104E124D2380002037F9024B36F9022BD2
:1015C000013013FB02F2042892FBF1F2A4EB0202B9
:1015D00025F8022BF0D103B0BDE8F083013B1BB22C
:1015E000E3E700232380F6E7A6200020EC04002098
:1015F00092200020942000209C2000202421002004
:101600004D24002038B53D4B3D4D1B783D4A35F902
:101610001330128893422FDB3B4A128893422BDC13
:1016200007F066FF20B30123384C394A237013704A
:1016300005F03CFB2478002C48D004F04DFF354BDE
:10164000354A18601368C31A002B17DB334B344C30
:101650001B6803441360237833B1FEF7B7FF002300
:101660002370304B01221A70BDE83840FEF7B4BF3A
:1016700007F044FF0028D6D10023D5E72A4A2B499A
:101680002B4800231478ECB1032B06D051F82340EB
:1016900020F8134001330132F4E7CB68EB80254B8F
:1016A0001B781BB1244B1A88244B1A80244D00242C
:1016B00015F8013B13B1E0B20BF05EF90134062CD2
:1016C000F6D138BD0133042BE5D1E8E7154D2B7871
:1016D000002BF6D0144B154A1C705C709C70DC70AB
:1016E000144B146054609460D4601C70FEF77AFF51
:1016F0000B4B2C7001221A70E3E700BF2426002058
:10170000C4210020102400200E24002022260020C6
:10171000812400200805002004050020B8000020D6
:10172000B60000201C2600201D260020581A00208C
:10173000242100201B2600200A240020AA200020AB
:10174000132600202DE9F341614E05F07BF8306847
:1017500007F002FF00F0BAFD306807F07DFF0028B7
:1017600000F0A680FFF78EFD5A4B01221A705A4BEB
:101770001B782BB1042000F079FD08B101F06AFB61
:10178000564D04F0A9FEAB895549306023B10A6873
:10179000821A002AC0F29980524C034420680B60E0
:1017A0005C3004F04DFB04F097FE4F4A4F4913683C
:1017B0003060C31A0B804E4B1060187810F0040094
:1017C00003D04C4B1B6813B1012009F06BFF236859
:1017D00093F85630D3B1DFF84481474F0026B8F96B
:1017E000003000EE103A2368384693F85610B8EEF1
:1017F000C00A04F019FEBDEEC00A013610EE103A20
:10180000032E28F8023B07F10407E8D1FFF722F97D
:1018100095F83D310BB1FFF789FEFFF7F3FE2E4B34
:10182000012208201A7000F021FD08B1FFF780FCAA
:10183000042000F01BFD00283DD0304B1B8803F432
:101840000273002B3DD105F049FA48B12C4BB3F996
:101850000620B5F840319A42DEBF2A4B00229A801A
:10186000236893F81C0148B1244B1B889B0705D0C3
:1018700004F0E6FB234BDA881044D880224B206822
:1018800022490093224BB5F8FA201C68096800F140
:101890005C03A04704F0C6FC1E4B1B780BB104F0A0
:1018A00071FC01F0A1FF02B0BDE8F0410AF0AEBD4D
:1018B000FFF7A8FC64E7102000F0D8FC0028BCD19A
:1018C000C1E7154801F0F4F9BDE702B0BDE8F081C9
:1018D000140500204D24002045240020340500205C
:1018E000E80400203005002010050020A62000207C
:1018F000562400204C120020DC040020AE200020E2
:10190000C421002024210020640600202805002096
:101910002C00002051240020C2060020BE230020FD
:101920001549D1F8883043F47003C1F88830134B5F
:101930001A6842F001021A605868114A02405A605F
:101940001A6822F0847222F480321A601A6822F433
:1019500080221A605A6822F4FE025A60DA6A22F083
:101960000F02DA62186B074A02401A6300229A607B
:101970004FF000638B60704700ED00E00010024004
:101980000CC07FF8CCFC00FF84B0002301930293CD
:10199000039303F1804303F504331A6842F4803261
:1019A0001A601A6802F400320292019A013201921E
:1019B000029A1AB9019AB2F5A04FF2D11A6812F43C
:1019C000003218BF01220292029A012A2BD1022270
:1019D0000392164A122111605A685A605A685A6076
:1019E0005A6842F480625A605A6822F47C125A6043
:1019F0005A6842F4E8125A601A6842F080721A601B
:101A00001A689201FCD55A6822F003025A605A689B
:101A100042F002025A605A6802F00C02082AFAD117
:101A2000039804B0704701230393F9E700200240B4
:101A300010B50F4B1A786A2A18D1598840F24C52C7
:101A4000914213D11A79BE2A10D193F84A25EF2A70
:101A50000CD1084C002213F8011BA342104682EA65
:101A60000102F8D1431A5842584110BD0020FCE74A
:101A700000F003084CF503080023038000234360B3
:101A800083604FF0A063C360704741F62A63038010
:101A90004FF4487343804FF41673C38070470000BF
:101AA000F8B5212204460021013012F073FB0B48E7
:101AB000234604F1200505210122002610F9017BAF
:101AC0009F709971DA715E7203F8081FAB42F5D10D
:101AD0000223A38152232370A280F8BDAC5A0108CF
:101AE000014B1878704700BF5224002010B5064CF7
:101AF000206805F043FD206805F05CFD206803497F
:101B0000BDE8104005F06EBD280500200406002049
:101B100037B5324D324CFFF7E9FF05F027FD2A6853
:101B2000214602F17D0005F00DFD04F1260009F0CB
:101B3000D5F92B68187803F087F804F1AE0001F0AE
:101B40001BFD04F12C0008F08BFC04F1400008F0B0
:101B50008DFC04F16003009304F1BA0204F1BE03AA
:101B6000214604F1080004F0C5FA638C29681D4879
:101B700091ED190A07EE903AA38CF8EE677A01F11D
:101B80006802C0ED017A07EE903AB1F86030038048
:101B900091F87C308370F8EE677A94F8B93003736B
:101BA000B1F81A31C0ED027A03F072F828682346C2
:101BB00000F2151200F16C0101F048F8286800F2FB
:101BC000151109F069FF28680AF000FA28686C30DE
:101BD00003B0BDE830400FF033BF00BF3005002038
:101BE000040600201805002070470000F8B507F033
:101BF0008BFC234B6A221A7040F24C525A80BE2250
:101C00001A71EF22A3F84A2540F24D5100221846DE
:101C1000013929D180F84B2509F086FC032440F2D4
:101C20004C57342009F096FC1648154E09F0BEFCBE
:101C300004281DD1002505F1006056F8041B00F5AD
:101C40007C3009F0D1FC042812D10435BD42F2D118
:101C500009F078FCFFF7ECFE10B9042004F0B2FCA8
:101C6000BDE8F84007F068BC13F8014B6240CFE7CD
:101C7000013C14F0FF04D4D109F064FCEDE700BF8F
:101C80003405002000F00308064B042828BF02207A
:101C90001870054B0C2202FB0033044A1360FFF757
:101CA00025BF00BF522400205A0A0020280500202A
:101CB00008B504F0B1FA322004F079FC074B1B6838
:101CC0005A0309D5064B9B685B0305D4BDE8084061
:101CD00040F2DC5004F06BBC08BD00BF2C050020B6
:101CE00034050020024B9A68024B1A60704700BF0F
:101CF000340500202C050020034B1B6818400038D9
:101D000018BF0120704700BF2C050020024A9368CD
:101D100003439360704700BF340500202DE9F84F5E
:101D200040F24C522DED028B0021BA48BA4FDFF839
:101D30005483BA4C12F02EFAB64A02F5E2733B60B5
:101D4000B74B00261E7002F22653C8F800306A23F3
:101D500013704FF40060032311465371FFF7D6FF51
:101D60008020FFF7D3FF0220FFF7D0FF4FF4006081
:101D7000FFF7CCFF4FF48070FFF7C8FF4FF07E53A2
:101D8000C1F81031C1F81431C1F81831C823A1F8D5
:101D9000FA30A44B81F824654FF48030C1E93B034D
:101DA0004FF0000BA04BC1F8F43001F59470C1F86E
:101DB0001CB1C1F820B1C1F824B1A1F8E46081F8E8
:101DC000E660C1F8FC60A1F80061C1F8E86081F844
:101DD000F860FFF75AFE01F5DA70FFF74DFE40F2AA
:101DE000DC53A1F83E31914BA1F83861C1E9504371
:101DF0008A460C460D464FF01909032ECCBF01232D
:101E000000238AF848310CBFB5F84401B5F83E010B
:101E100040F6CA0240F2EE2100F0D7FB0136A0F2F4
:101E2000EE20122E90FBF9F0C0B28AF849010AF1B7
:101E3000020AE2D14FF4F0534FF480797C48A5F8C0
:101E40003A31A5F83C9107F061FA7A4BC5F8883130
:101E5000794BC5F8D030A3F1FA73643BC5F8D430A0
:101E600003F5602303F5CB73744AC5F8D830744B7F
:101E70007448A5F8869100264FF0C8094FF0010A72
:101E8000C5E9372385F87C61A5F88C9185F88EA18A
:101E9000FFF706FE40F6AC53AB816B4A3B68AE736E
:101EA0001A6002F10342A2F51D22A2F29D725A604D
:101EB0006649674AC3F844B0C3E90212654A1A6129
:101EC0002D225A7541F61E62DA82634A9A6145F202
:101ED00005329A8364229A7740F201521A845F4A4B
:101EE000DA631A645E4ADA624FF07E529A635D4AA0
:101EF000DA644B2283F850205B4919634FF07F501E
:101F00004FF4FA72B1EE048A5963A3F85220586272
:101F1000986283ED128A5E6540F2DC53A5F8303595
:101F200044F25A13A5F826353223C5F82835A5F80A
:101F30002C6585F82E6538685C3008F07FF93B68C1
:101F40004A49A3F85A6040F60822A3F8602042F6F6
:101F50002802A3F86820152283F86C20444A1A67E7
:101F6000444A5A67444A83ED198A9A6783F87CA0E9
:101F7000424807F099FC3F68282387F817314FF44F
:101F80004873A7F81A314CF60A0387F8156187F8E9
:101F9000166187F8186187F81C61A5F87E3140F258
:101FA0001453A5F8803185F88261A5F884910C233B
:101FB000013B44F810BFFBD1314C39464FF49072CD
:101FC0002046FEF7FDF84FF49072A0183946FEF750
:101FD000F7F8D8F800301A68C4F84E225A68C4F8E6
:101FE00052229A68C4F856221A68C4F85A225A68CB
:101FF000C4F85E229A68C4F86222012385F83C3353
:10200000022385F85C34BDEC028BBDE8F84FFFF786
:10201000EDBD00BF34050020300500204C046C07E6
:10202000522400202A005802FA00200075034308B9
:10203000A0060020059601014C04D007B40532002B
:10204000204E3200C4060020012828962828783C1B
:102050000A0A46000002210A1E321E008FC2F53C09
:102060000000204000004040CDCCCC3E6406002063
:102070009A99193FF6287C3F1F856B3F225601082D
:10208000180800202805002008B5FFF7D1FC18B972
:10209000BDE80840FFF742BE08BD0000024A936851
:1020A00023EA0003936070473405002008B5FEF76B
:1020B00089FA23498B6846F209021A4203D14FF488
:1020C0000050FFF723FE8B68DB0703D54FF4005069
:1020D000FFF7E4FF8B68580409D50820FFF7DEFFFF
:1020E0004FF40050FFF7DAFF0120FFF7D7FF8B68AE
:1020F0001A0706D54FF40050FFF7D0FF0120FFF775
:10210000CDFF8B689B0402D54020FFF7C7FF01235A
:1021100081F8B53191F886312BB191F88A3113B13C
:10212000002381F88A31074807F0EAF8064805F0ED
:10213000C5FA20B9BDE808400348FFF7B1BC08BDA7
:102140003405002064060020C406002010B5FFF707
:102150006FFC10B9032004F035FA194C07F0D4F9DC
:10216000184940F24C522046FEF72AF894F82435DC
:102170001549022B88BF00234FF4907288BF84F862
:102180002435534303F5E272234422440A6093F852
:102190001C22022A84BF002283F81C220B4B1A70D7
:1021A0000C2303FB02440A4B04F226541C60FFF785
:1021B0007DFFFFF7ADFCBDE8104007F0BDB900BFE3
:1021C0003405002000F003083005002052240020D0
:1021D0002805002008B5FFF7B9FFBDE80840012039
:1021E00004F0AEBA08B5FFF701FDBDE80840FFF7FF
:1021F000F1BF000010B5074B044683F82405FFF734
:10220000F5FCFFF7A3FF601CC0B2BDE8104004F06E
:1022100097BA00BF34050020014B00229A60704736
:1022200034050020014B9868704700BF340500203A
:1022300010B5054C238818439842208002D0012015
:1022400004F07EFA208810BDAE20002010B5064CA8
:10225000238823EA00009842208002D0012004F065
:102260006FFA208810BD00BFAE200020034B1B6812
:102270001840003818BF0120704700BF800A0020B6
:10228000024A136803431360704700BF800A0020AE
:10229000034A0123118883400B431380704700BF1A
:1022A000AC200020034A01238340108820EA030069
:1022B00010807047AC200020034B1B8843FA00F0CD
:1022C00000F00100704700BFAC2000202DE9F04174
:1022D000714F724C04F01AF93B682268C31A93429A
:1022E00006462CDB6E4B1B784BB36E4D2B780133BF
:1022F0002B706D4B188800F076FA08281CD8DFE8A0
:1023000000F02E05BFAB9FB7824B9200DFF8A08193
:1023100098F80050642323609DB1002101200EF045
:1023200095F8012102200EF091F8012100200EF015
:102330008DF8002388F80030236833443B60BDE803
:10234000F081294601200EF081F8294602200EF086
:102350007DF8294628460EF079F80123EAE7DFF8F0
:10236000508198F800506423236055B1012108463C
:102370000EF06CF8002108460EF068F801210220EA
:10238000D5E7294601200EF061F8294628460EF0CF
:102390005DF829460220DEE7444B1B7873B16423C5
:1023A0000021012023600EF051F8002102200EF0E0
:1023B0004DF8012100200EF049F8BDE77823236095
:1023C0002B7803F00303022B14D0032B19D0012B1D
:1023D0000AD0012100200EF039F8002101200EF072
:1023E00035F800210220E6E7012100200EF02EF84A
:1023F0000121F3E7012100200EF028F8012101203E
:1024000032E00021E6E7294B1B78002BD6D00221D1
:102410006423084623600EF019F8002101200EF015
:1024200015F80021C6E7214B1B78002B84D0012131
:102430000846642323600EF009F800210846CEE721
:1024400064230021012023600EF000F800210846DB
:102450000DF0FCFF0221C5E7642300210120236069
:102460000DF0F4FF002108460DF0F0FF0121B9E75F
:1024700064230021022023600DF0E8FF0221CDE754
:10248000642323602B78DB07A3D5002108460DF0D9
:10249000DDFF0021B3E700BF0C000020100000208A
:1024A000A800002053240020AC2000205424002049
:1024B0000800002008B5002102200DF0C7FF02210E
:1024C00000200DF0C3FF022101200DF0BFFF6420AA
:1024D00004F06DF8EFE70000FDEEC07A17EE903AD9
:1024E0002033402B43D8DFED237A9FED237AB4EEDF
:1024F000E70AF1EE10FA28DCDFED207A9FED1E7A74
:10250000B4EEE70AF1EE10FA22D4DFED1D7AB4EE54
:10251000E70AF1EE10FA1EDD30EE670A37EEC00A68
:1025200060EE007ADFED176A9FED177AA7EEA67AC4
:10253000DFED166AE7EE876A9FED157AA7EEA67AB9
:1025400020EE276AA6EE070A704730EE470ACEE76C
:1025500030EE070AD4E79FED0F7AB4EEC70AF1EE2A
:1025600010FA44BF30EE270A37EE400AD8E79FED55
:102570000A0A7047DB0F4940DB0FC940DB0F49C037
:10258000DB0FC93F9A7C2E36FAAF4FB93587083C2E
:10259000A4AA2ABEDB0FC9BF00000000DFED027A4B
:1025A00030EE270AFFF798BFDB0FC93F80EAE073E0
:1025B000A3EBE0738B4206DB002801DD401A704775
:1025C00002D0084470470020704703468B420846FB
:1025D00003DB9342A8BF134618467047F0EE407ADB
:1025E000F4EEE07AF1EE10FAB0EE600A08D4F4EE00
:1025F000C17AF1EE10FAD4BFB0EE670AB0EE410A2C
:10260000704700230361704703690133012B0361A5
:1026100008D1DFED117A80ED010A80ED000AC0EDEE
:10262000027A704790ED006A07EE903A70EE466AC3
:10263000F8EEE77A86EEA77AD0ED027A37EE067AE0
:1026400030EE470A80ED017AE6EE807AB0EE470A76
:10265000C0ED037AE1E700BF000000000369012B31
:10266000C1BF03F1FF3307EE903A90ED037AF8EE25
:10267000E77ACCBF87EE270A9FED010A704700BFBB
:102680000000000008B5FFF7E9FFBDE8084010F0C2
:1026900001BA000007EE900A9FED030AF8EEE77A10
:1026A00027EE800A704700BF35FA8E3C30B5039D97
:1026B000441AEB1A5C43521A94FBF2F4E41A6019C0
:1026C00030BD90ED005A08B5B0EE450AFFF766FF41
:1026D000F0EE405AB0EE450AFFF7FEFE90ED015ACB
:1026E000F0EE404AB0EE450AFFF758FFF0EE403AF0
:1026F000B0EE450AFFF7F0FE90ED023AB0EE405A18
:10270000B0EE430AFFF74AFFB0EE404AB0EE430A8C
:10271000FFF7E2FE25EE806A63EEC07A24EE847A4B
:10272000C1ED017AF0EE467AE5EE077A25EE843ABD
:1027300064EE806AC1ED037AF0EE437AE5EE667AE4
:10274000A5EE067AE5EE436A23EE844A64EEE34A98
:1027500065EEA35A81ED004A81ED025AC1ED047A7B
:10276000C1ED054AC1ED066A81ED077AC1ED085A4F
:1027700008BD00B58BB00246084601A9D2ED001A8B
:10278000D2ED012A92ED022AFFF79BFFDDED047ADC
:102790009DED017A62EEA77AE7EE217A9DED077A48
:1027A000E7EE027A9DED027AC2ED007ADDED057A60
:1027B00062EEA77AE7EE217A9DED087AE7EE027ADB
:1027C000C2ED017ADDED067A62EEA72ADDED037A2D
:1027D000E7EEA12ADDED097AE7EE822AC2ED022AB0
:1027E0000BB05DF804FB00230122104207D1013336
:1027F0005200092B92B2F8D14FF6FF70704798B291
:1028000070470000B4EE400AF1EE10FA0FD6B7EEB2
:10281000007AB4EEC70AF1EE10FA0BDABFEE007AD6
:10282000B4EEC70AF1EE10FA07D910F0D5B89FED53
:10283000040A70479FED030A70479FED030A704733
:1028400000000000DB0FC93FDB0FC9BFDFED027ADC
:1028500020EE270A704700BF35FA8E3C0023028124
:10286000016043604381838101EB4202914200D1C8
:10287000704721F8023BF9E78389026830B5058982
:1028800044899D4201BF32F8145043685B1B43608A
:102890001CBF0133838122F8141043680289194454
:1028A0004389416001339BB29A4298BF0023438120
:1028B000808910B1B1FBF0F080B230BD2DE9F84352
:1028C000089F002B05460E460CBF4FF020094FF025
:1028D00030093B4613F8011B1446013A09B1002C9C
:1028E000F8DCA04604E049462846B04708F1FF3826
:1028F000B8F1000FF7DC24EAE4743846804618F893
:10290000011B19B9E41B2044BDE8F8832846B047F1
:102910004046F3E703685A1C0260197070470000D4
:10292000014B186803F0ACBD8C0A00202DE9F0477C
:1029300088B0002506460F4603921C46A846039B16
:102940005A1C0392197869B3252903D03046B84739
:102950000135F4E79A1C0392CDF81080587830289E
:1029600002BFDA1C03929878A0F13003DBB20CBFEF
:102970004FF001094FF00009092B04D804AB0A22DB
:1029800003A900F028F96C2840F08580039B5A1CAD
:1029900003921A78642A4CD00FD8252A75D005D80E
:1029A000002ACCD1284608B0BDE8F087582A4FD07D
:1029B000632AC4D114F8041BC8E7A2F16E03D9B28C
:1029C0000A29BCD80A2BBAD801A151F823F000BFBC
:1029D0008F2A00083F2900083F2900083F290008E6
:1029E0003F290008812A00083F290008FD29000826
:1029F0003F2900083F290008512A000801220DF153
:102A0000140A54F8040B53467AB100220A2100F04C
:102A100097F8CDF800A04B46049A39463046FFF7A8
:102A20004DFF05448BE70022E9E70A2100F0B9F8E1
:102A3000EFE701230DF1140A54F8040B514623B1BA
:102A400000F0A4F8E5E70023F4E700F0ACF8E0E7D5
:102A5000A2F158004242424105AB54F8040B102148
:102A600000F06EF805AB0093D5E7A0F158014A429B
:102A70004A4154F8040B05AB102100F092F8F1E73D
:102A800054F8043B00930023C6E725215EE754F881
:102A9000043B1D6053E76428D5D00AD82528F4D01C
:102AA00003D800283FF47EAF49E75828DDD06328DB
:102AB0007FE7A0F16E03DAB20A2A3FF640AF0A2B95
:102AC0003FF63DAF01A252F823F000BF8F2A000865
:102AD0003F2900083F2900083F2900083F29000836
:102AE000812A00083F290008272A00083F290008FA
:102AF0003F2900086B2A00080EB40FB505AB019002
:102B000053F8042B0649039301A8FFF70FFF019B1D
:102B100000221A7004B05DF804EB03B0704700BFE8
:102B200015290008034B044A1A60044B00221A605E
:102B3000704700BF880A002021290008840A00206D
:102B4000F0B50124B0FBF4F58D4203D200261CB988
:102B50001C70F0BD4C43F5E7B0FBF4F5B4FBF1F7A6
:102B600004FB15002EB9002D03DC8C420CD33C462F
:102B7000EDE7092D08DD002A0CBF572437242C442B
:102B800003F8014B0136F2E73024F8E700280B4642
:102B9000BEBF2D2203F8012B404200220A21FFF77D
:102BA000CFBFFFF7CDBFFFF7F1BF03463038C2B24A
:102BB000092A0FD9A3F16102052A02D8A3F157000F
:102BC0007047A3F14102052A02D8A3F137007047EC
:102BD0004FF0FF3070472DE9F0410E6815469846DA
:102BE000044600272046FFF7E0FF431C05D10E6096
:102BF0002046C8F80070BDE8F081A842F7DC16F85E
:102C0000014B05FB0707EDE790ED037AD0ED007A65
:102C100037EE277AD0ED017A77EE277AC7EE276A6A
:102C2000D0ED027AC0ED046A30EE676AE6EE867A8D
:102C3000B0EE670AC0ED027AF7EE007A77EEE67A38
:102C400067EE877AC0ED037A7047000010B50F4C2D
:102C500020600F4801600F4802600F4A0F48116062
:102C60000F4A13600F4B104A1A604FF07C525A60A3
:102C70004FF07E5100229A60D9601A610B4B1860A8
:102C800059609A60D9601A6110BD00BF3C0B0020EA
:102C9000400B0020380B0020300B0020CDCCCC3D69
:102CA000340B0020740B00200AD7233C600B00205B
:102CB0002DE9F84F544B554C1B78554D13F0100C23
:102CC00009D090F900206388B5F9001001FB0233A8
:102CD0006380BDE8F88F4F4BDFF868911A684E4E5D
:102CE0009178D278B9F90630DFF85CA1DFF85C8121
:102CF000002A4CD0B6F90000484F1B1A83EAE37251
:102D0000A2EBE3728A4230DD01228AF800206FF0E4
:102D100031015022062093FBF0F0FFF756FC3B8870
:102D2000184400B2E08038803D4B1A78002A68D001
:102D3000B9F9061040F2DC52914262DC4FF47A732A
:102D4000E380384BD8F800201A60374B2A681A60A5
:102D5000364BB6F900201A60354B9AF800201A60FD
:102D6000344BB4F906201A60B3E79AF800302BB15F
:102D7000314B8AF800C01B68C8F800302F4B196827
:102D80002B684A8809881844FFF71FFCC9E740F2FE
:102D9000DC529342CCBFA3F2DC52D21A8A42DFF853
:102DA000B0B0274F20DDA3F2DC500028BCBF6FF489
:102DB000BB629818801078226FF06301CBF8000096
:102DC000FFF703FC0123CBF800003B708AF80030CA
:102DD0001A4BB6F9000019682B684A88098818440C
:102DE000FFF7F3FBE0809FE79AF8002000233B7099
:102DF000CBF80030002AEBD00F4A1268C8F8002048
:102E0000E4E700221A709CE75524002024210020CA
:102E1000580B0020380B0020B2200020B0200020EA
:102E200099240020C00A0020BC0A0020B80A002013
:102E3000B40A0020B00A0020940A0020340B0020BD
:102E40002A000020C421002057240020540B002019
:102E50004C0B002038B5124B1B681B0704D4BDE88F
:102E600038400820FFF7F2B90E4B0F4D1C8814F0C4
:102E700008040DD10820FFF7DBF90C4B1A680C4B46
:102E80001A6040F2DC532B800A4B1C600A4B1C601A
:102E90000A4B2A881A800A4BDA880A4B1A8038BDF6
:102EA0003C0F0020AE200020B2200020940A002019
:102EB000540B00205C0B0020580B0020B620002093
:102EC00024210020B4200020B0F90030002BB8BF2E
:102ED0005B429BB2B3F5487F0BD2B0F902000028E9
:102EE000B8BF404280B2B0F5487F2CBF002001201F
:102EF00070470020704700002DE9F04180462DED1D
:102F0000028B4D48FFF7E0FFB0EE408AF0EE608A9A
:102F10000446002800F08780484F494D3B785B0706
:102F20005FBF484B1A68484B1A60484B1B78002B10
:102F30007ED1454B46491868424B1B684FF4FA72E4
:102F4000C01AFFF742FB0521FFF730FB414B424916
:102F50001860424B18602B681B79584348BF7F307C
:102F60004FF49672C011FFF730FB3D4B3A493D4E8E
:102F7000A0EB0808C3F800802B68987A43465843B2
:102F800048BF1F304FF496724011FFF71EFB3B788D
:102F90003060044613F0040018BF2B68324F1CBF8A
:102FA0005B7D3868314918BF08FB03004FF41612E7
:102FB0003860FFF70AFB38600028BCBF00F5FF50FF
:102FC0001F30431373602B6893F8203007EE903A5C
:102FD00038EE288AF8EEE77ADFED258A67EE887A00
:102FE00004EB603467EEA87A9622FDEEE77A6FF084
:102FF000950117EE900AFFF7E8FA2B6893F8203056
:1030000007EE903AF8EEE77A241A67EE887A96226D
:1030100067EEA87A6FF09501FDEEE77A17EE900A59
:10302000FFF7D3FAB060BDEC028B2046BDE8F0811B
:10303000104B186899E700BFE420002056240020B8
:103040003C0B0020940A0020540B00202A00002092
:103050000CFEFFFF24000020D4FEFFFFA80A002082
:10306000A40A0020980A00205C0B00200080DAFFF0
:103070000000003B4C0B002070B5174B174D184853
:103080001C682B88B0F90020164901331BB2A242FC
:103090001E460BDA9C42DCBF00231E4601EB860174
:1030A0002B8081ED000A0132028070BD0E482B801A
:1030B00002889C4202F1010212B204D100232B804B
:1030C00081ED000AF0E701EB8301944281ED000AF3
:1030D000EAD100230380E8E71C000020180000204C
:1030E000BA200020F40A0020BC2000200A4A0B4924
:1030F000B2F9003001EB830191ED000A0849013378
:1031000009681BB28B42138004BF00231380054A59
:103110001388013B13807047BC200020F40A002074
:103120001C000020BA200020044BB3F90000044B1F
:103130001B68C31A58425841704700BFBA2000208C
:103140001C000020124B134AD3ED007A1249134899
:10315000F5EE407AF1EE10FA4FF0000303D1136060
:103160000B6003607047F0EE086A86EEA77A80ED88
:10317000007A27EEA77A67EE877A86EE876AF7EEFF
:10318000006A86EEA77A81ED006A82ED007A7047C8
:1031900014000020E00A0020E40A0020E80A0020D1
:1031A00008B5BDEEC07A1D4B83ED007AB6EE007A0D
:1031B000F4EEC70AF1EE10FAF0EE407A2DDCFFF7DC
:1031C000B3FF18B3FFF792FF154B164993ED007A42
:1031D000154B164A30EE070A77EEC07AC3ED007A37
:1031E000B1F90030002BB8BF5B429BB21E2B07D851
:1031F000B1F90230002BB8BF5B429BB21E2B09D93C
:103200000B4B1360BDE80840FFF79CBF094B93EDE3
:10321000000AD9E74FF08043F3E708BDAC0A00206D
:10322000D80A0020DE200020CC0A00201400002054
:103230000000A040DC0A002038B50E4D2DED028BB9
:103240000EF03CFC2B68834204460FD0C31A08EEF4
:10325000103ADFED097AB8EE488A28EE278A0EF098
:1032600079FCF0EE480AFFF79BFF2C60BDEC028B67
:1032700038BD00BF440B00206F12833A014B186821
:10328000704700BF940A0020104B10B501200024A5
:103290001C6001F065FD0E4A002313700D4A40F2D8
:1032A000DC5111800C4A0D4913600D4A13600D4B1F
:1032B0004FF07E521A6059609C60DA601C610A4BC4
:1032C0001A6059609C60DA601C6110BDD00A002051
:1032D00020000020B22000205C0B0020CDCCCC3D93
:1032E000580B0020740B0020600B0020704B2DE960
:1032F000F0411C6842F20F72041B94422DED048BC6
:1033000042D9186044F620639C4202D9012001F0A2
:1033100027FD684D2B782BB1674B1B785B0701D4D9
:10332000FFF7B2FFFFF788FF644B654E1B68654FE0
:103330009FED651ADFED650A002BC9BF644ADFED1A
:10334000657AD2ED026A07EE903AC4BFF8EEE66AFB
:10335000B8EEE77A604BC8BFC6EE877A93ED000AF5
:10336000C6ED007A27EE800AC7ED007AFFF736F93E
:10337000012086ED000A01F0F3FC584AB2F9003052
:10338000052B05DC01331380BDEC048BBDE8F08117
:1033900007EE904ADFED526A524B534ADFF88081C4
:1033A000F8EE677A87EEA67AD3ED006A4F4B93ED7D
:1033B000006A4F4B26EE866AD3ED007AE6EE077A76
:1033C000C3ED007A4B4B93ED006A4B4B26EE866AB9
:1033D00093ED000AA6EE070A92ED006A474A66EEF0
:1033E000866A92ED008AA6EE878AD6ED006A82EDA3
:1033F000008A77EEA67AB6EE006A67EE877AF0EE7C
:10340000406AE7EE866A3E4A3E4ED2ED008AE6EE1C
:10341000878A30EE270A38EE288AC2ED008A3A4AB7
:1034200083ED000A82ED008A0FF0D6FBB0EE480A69
:1034300009EE100A0FF0D0FBB0EE680A05EE100A94
:10344000FFF71AFE3148B8EEC90AFFF7DDFB304836
:10345000F0EE405AB8EEC50AFFF7D6FBB0EE408A50
:10346000B0EE650A0FF0B8FBB0EE480A04463060D3
:103470000FF0B2FB274BD8ED000A186097ED000A59
:103480002046FFF739FD244B052118603B68306862
:10349000C8F80030FFF78AF8204B18603368002B1B
:1034A000B8BF5B42C82BC4BF01232B706CE700BFC1
:1034B000900A00202000002056240020E00D00206B
:1034C000C40A0020F00A002000004844000048C45C
:1034D000F40D002000000000D80D0020B8200020CE
:1034E00000247449CC0A0020E80A0020E00A0020E9
:1034F000D40A0020E40A0020D00A0020D80A0020C4
:10350000DC0A0020480B0020C80A0020600B0020C5
:10351000740B0020940A0020580B0020500B002050
:10352000EC0A0020024B034A1B68034413607047F7
:10353000940A0020540B0020014B1868704700BF0C
:10354000480B0020094BB3F900305A1C0CD0084A34
:10355000106810F0080008D0064A1068323B834219
:10356000CCBF0020012070470020704728000020B9
:103570003C0F0020940A0020094B02781860C821F3
:10358000084B642012FB00125A6007480022C3E96E
:103590000222C3E90422C3E906221A8409F054BABC
:1035A000980B00209C0B0020880B0020044B186017
:1035B000044B054800221A809A7009F045BA00BFF2
:1035C000940B00209C0B0020880B0020014B987866
:1035D000704700BF9C0B0020014BD878704700BF9C
:1035E0009C0B0020014B01229A7070479C0B00201D
:1035F000044A4FF47A73B0FBF3F09368034493608A
:10360000704700BF9C0B002008B502F07FFF034B02
:103610000122986083F8212008BD00BF9C0B002088
:1036200008B502F073FF054BDA689860801AC82865
:1036300084BF012283F8212008BD00BF9C0B00201D
:1036400008B502F063FF054B9A68D860801A5A6883
:10365000904284BF002283F8212008BD9C0B0020EB
:103660002DE9F74FDFF878B19BF80220002A00F02F
:10367000AA80564E9BF82140DFF868813578D8F84B
:103680000030DFF858A10193012C05F0040514BFA8
:10369000032700274FF000099BF8201005290DD8BB
:1036A000DFE801F00323274A627E85B1012C05D0B3
:1036B0000520FEF7EDFD464B02221A70002F00F0A8
:1036C0008280384603B0BDE8F04F03F033B8019B69
:1036D0005A014FF4806005D5FEF7AAFD0022CBF811
:1036E0001020EBE7FEF7B2FDF8E7012CD4D105225C
:1036F0001FE0012C04BF05228BF8202065B1354A5C
:103700001268B2F90E00344A50809080108033481D
:1037100000684088D0800F4602F0F8FEDBF81420E5
:10372000904201D8002D4AD142F21072CBF81C20F1
:1037300003228BF82020AFE7327842F00202327089
:10374000FDF7BCFB02F0E2FEDBF81C200244CBF8E4
:10375000182004228BF820204FF48060FEF776FDBD
:103760000520FEF79FFD97E7012C11D102F0CEFE58
:10377000DBF818208242A1D203F0B0FA18B9D8F8C9
:103780000020D3079AD4327822F002023270AEE7DA
:1037900002F0BCFEDBF81C200244CBF818208DE7B9
:1037A00002F0B4FEDAF800208BF82090D2888BF873
:1037B0000390642303FB0200CBF81000CCE7012C3C
:1037C0003FF46AAF7AE703B0BDE8F08F56240020DB
:1037D000F7250020940B0020C4210020980B002026
:1037E0009C0B00203C0F002008B51E4B1B785A078D
:1037F00037D51D4B1B78002B33D01C4B1B88DB07A8
:103800002FD51B4AB2F90030002BB8BF5B429BB2E8
:10381000B3F52F7F1BD8B2F90230002BB8BF5B4243
:103820009BB2B3F52F7F12D81249B1F90030002BAB
:10383000B8BF5B429BB242F6E062934207D8B1F94F
:103840000230002BB8BF5B429BB2934209D90A4BAE
:103850001B6833B90220FEF71BFDBDE80840FDF7E9
:103860002DBB08BD56240020B4000020AE2000204F
:10387000E4200020EC2000204C1200202DE9F04F25
:103880002DED028BA549DFF8CC92DFF8CC82DFF872
:10389000CCA28DB0CDE90923B1F90030B1F90220F5
:1038A000002BB8BF5B42002AB8BF52429BB292B213
:1038B000934238BF1346B3F5FA7F28BF4FF4FA732B
:1038C0000593974B0293974B08930025964B0793CC
:1038D000CDE90355954B0693431C064601938B4651
:1038E0002F462C46924B1B889B0730D0022C2ED0A3
:1038F000099ABBF9000051424000FEF766FE8D4B6D
:103900000A9A33F91430B17F32F91420C31A307A8D
:103910001344C1EB817CA1EB8C025843C1EB8C01B9
:103920004FF0640C90FBFCF00493FEF74EFE049BFA
:103930000390DAF800008049184442F21072FEF752
:1039400044FECAF80000F37C43431B130493784BF6
:103950001B88D80703D5990701D4022C39D1BBF9AC
:103960000070019B75491B7807EB8700000190FBF5
:10397000F3F0B9F90030002BB8BF0333A0EBA3007C
:10398000D8F800304FF47A521844FEF71EFEB9F909
:103990000030C8F80000002BB8BF5B429BB2B3F503
:1039A000206F0AD8022C0BD15C4BB3F90430002BEA
:1039B000B8BF5B429BB2642B02D90020C8F800005C
:1039C0007D2390FBF3F0019BDD7A454348BF3F35F3
:1039D000AD11574B1B889A0740F18E80022C00F0E6
:1039E0008B80059B0498C3F5FA7203FB07F1039BD8
:1039F00003FB0211059B6B434FF4FA7C00FB02337F
:103A000091FBFCF193FBFCF3B9F900204C48002A30
:103A1000005DB8BF0332921012FB00F26FF04F004E
:103A200092FBF0F20A4496F8551008EE102A51B1B4
:103A300044480B93B8EEC80A00EB840002F0F4FC93
:103A40000B9BBDEEC08A089939F9022B31F902CBE4
:103A500008910899B2EB0C0C21F8022C079A116816
:103A6000069A126848BF0CF1030C0A4402EBAC0240
:103A700000EE102A069A42F8041B0692079A4FEAB3
:103A8000AC0042F8040B96F85410079251B12E483E
:103A90000B93B8EEC00A00EB840002F0C5FC0B9B50
:103AA000BDEEC00A18EE102A91B2284A10EE100A94
:103AB000125D50430246264800789BB248BF1F3231
:103AC000C2F34F120B4408BB9B1A029A1380029B4D
:103AD00002330293019B01340133032C019308F15B
:103AE00004080BF1020B0AF1040A7FF4FBAE0DB0DF
:103AF000BDEC028BBDE8F08FDB0701D5022C02D1B3
:103B00002B46394680E7DDE903137DE7022C01D01F
:103B10001344DAE79B1A024A9380D8E72421002055
:103B2000D2200020C6200020FC0B0020F00B00203B
:103B3000AE200020DE200020F0D8FFFF80C1FFFF74
:103B400061240020380C00202C0C00205B24002075
:103B50001A260020BE2300208C0C0020780C0020A8
:103B60002DE9F04F2DED028B8DB0CDE90921B24941
:103B70000B93B1F90030B1F90220DFF8FC82DFF8D5
:103B8000ECA2DFF8FC920291002BB8BF5B42002A46
:103B9000B8BF52429BB292B2934238BF1346B3F5BC
:103BA000FA7F28BF4FF4FA730593A44B0893A44BF4
:103BB0000793A44B0693002400F10C0305460193E0
:103BC000274626460494A3469F4B1A8892072CD07A
:103BD000029B099AB3F9000051424000FEF7F5FC40
:103BE0009A4BA97F33F91B200B9B861A33F91B20B4
:103BF000287A1644C1EB817CA1EB8C027043C1EBA7
:103C00008C014FF0640C90FBFCF0FEF7DEFC04909E
:103C1000D9F800008E49304442F21072FEF7D5FC0C
:103C2000C9F80000EE7C46433613874B1A88D30749
:103C300001D590072ED5029BDAF80000B3F9007089
:103C4000019B844913F80B2C07EB8704240194FB98
:103C5000F2F4B8F90020002AB8BF0332A4EBA204A2
:103C600020444FF47A52FEF7B0FCB8F90020019BD3
:103C7000002AB8BF524292B2B2F5206F88BF00202E
:103C8000CAF800001C787D2290FBF2F0444348BF44
:103C90003F34A4116C4B1A88910740F1C580059BF5
:103CA000C3F5FA7103FB07F0049B03FB0100059BBE
:103CB00003FB04F24FF4FA7C06FB012292FBFCF3B7
:103CC000039390FBFCF0B8F90010634B002913F844
:103CD0000BC0B8BF0331891011FB0CF16FF04F0C12
:103CE00091FBFCF10B1895F8551008EE103A41B114
:103CF0005A48B8EEC80A00EB8B0002F095FBBDEE07
:103D0000C08A089B38F9021B33F9020B0893089A02
:103D1000081A22F8021C079A06991268096848BF17
:103D20000330114401EBA00100EE101A069941F88E
:103D3000042B079A0691831042F8043B95F854101F
:103D4000079241B14648B8EEC00A00EB8B0002F082
:103D50006BFBBDEEC00A039B424918EE102A11F816
:103D60000B101A4410EE103A4B431946029B48BF01
:103D70001F31A2EB61124FEA4B0002333A49029322
:103D8000019B0A520BF101020133022A0AF1040AD3
:103D900009F1040901934FF0010B7FF415AF0A9B61
:103DA000254A9B799488314E314AB06831490F33A6
:103DB00014FB03F4304BB3F90430002B4FEA241406
:103DC000B8BF0333A4EBA307AB7B07FB0300B060D2
:103DD000FEF7FBFB002CB8BF6442332CA8BF0020C9
:103DE000264BB060EC781B787C43032B4FEAA4147D
:103DF00009D9B5F85220B2F5FA7F04D220465142D3
:103E0000FEF7E3FB0446B0684FF480726FF0FF01E9
:103E100040F34F30FEF7D9FB134B04449C800DB0A8
:103E2000BDEC028BBDE8F08FD30747BF0498039623
:103E30000394384647E700BF24210020BE2000201D
:103E4000D80B0020D00B0020AE200020DE20002068
:103E5000F0D8FFFF80C1FFFF61240020380C002054
:103E60002C0C00205B240020D22000208C0C002091
:103E7000FEFFFF0F020000F0BE230020642400209C
:103E8000780C00202DE9F04F8BB0CDE90621089386
:103E9000964B974A1B8813F00203064613D0B2F9DB
:103EA0000030B2F90220002BB8BF5B42002AB8BF35
:103EB00052429BB292B2934238BF1346B3F5007F91
:103EC00028BF4FF400730193894B0593894B0493EA
:103ED000894B0393DFF84C92DFF850B2DFF850A221
:103EE000DFF8508206F10B0302930027059B8349FC
:103EF00033F9024B0593049B53F8040B049339F9EF
:103F0000023B002BB8BF03336400A4EBA3034FF4C0
:103F10007A521844FEF759FB39F9023C029A002BF9
:103F2000B8BF5B429BB2B3F5206F049B88BF0020F3
:103F300043F8040C12F8013F0292C5115D4312F8D8
:103F40000B3C5C43694B1B889B074FEAA5154FEA66
:103F5000A41433D0059B069A33F9020C5142400059
:103F6000FEF733FB664B089A33F9173032F9172006
:103F70006449C31AD8F800001344184442F210727E
:103F80000993FEF722FBC8F80000099BB27F307A44
:103F900002EB820258435142C011FEF716FBD8F8DB
:103FA0000020F37C5343019AA5EB23355543241A93
:103FB0006D12544305EB233500EB642439F9023CC0
:103FC000514A96F85510D25D002BB8BF03339B10B1
:103FD00013FB02F3A4EBA31461B107EE904A4B4824
:103FE000B8EEE70A00EB870002F01EFAFDEEC07A99
:103FF00017EE904A039A39F9023C32F9020B039208
:10400000181A039A48BF033022F8023C8110DBF8EB
:104010000020DAF800304BF8041B4AF8042B134454
:1040200096F8541003EBA00300EE103A41B1384863
:10403000B8EEC00A00EB870002F0F6F9BDEEC00A48
:10404000344B10EE102ADB5D2C445343A4EB631475
:10405000314B23F817407B1C022B08F104084FF06A
:1040600001077FF443AF079B214A9B799488214D38
:104070002A4AA8682A490F3314FB03F4294BB3F9E1
:104080000430002B4FEA2414B8BF0333A4EBA3077A
:10409000B37B07FB0300A860FEF797FA002CB8BFBC
:1040A0006442332CA8BF00201F4BA860F4781B7813
:1040B0007C43032B4FEAA41409D9B6F85220B2F579
:1040C000FA7F04D220465142FEF77FFA0446A868E0
:1040D0004FF480726FF0FF0140F34F30FEF775FA36
:1040E0000D4B04449C800BB0BDE8F08FAE20002047
:1040F000242100208C0C0020C220002080C1FFFF62
:10410000DE200020F0D8FFFF61240020380C0020C2
:104110002C0C00205B240020D2200020FEFFFF0F8B
:10412000020000F0BE23002064240020E80B0020E1
:10413000E00B0020780C00202DE9F04F2DED0A8BCC
:10414000044687B090F854000593CDE90321002878
:1041500000F0068232220121FEF737FA07EE900ABC
:104160009FEDD57AF8EEE77A87EE278AD34BD44ACB
:1041700018880121FEF729FAD24B1B880AEE100A93
:10418000DFEDD1AAB8EECAAA98076AEE2AAA38EEDD
:104190002A8ACAEE88BA40F1E681CC4AB2F90030E8
:1041A000B2F90220002BB8BF5B42002AB8BF5242CE
:1041B0009BB292B2934238BF1346B3F5E17F28BF5A
:1041C0004FF4E17307EE903A9FEDC17AF8EEE77A8B
:1041D00087EE87CABF4B0193DFF850B3BE4BDFF8C1
:1041E0005093DFF85083BD4FDFF8D8A2029304F15B
:1041F0000C060025DFEDBA9ADFEDBACAB0EE69BA57
:10420000019B33F9022B019308EE902AF8EEE88A1D
:10421000AE4BF5EE047A68EEA78A33F91530FDEE61
:10422000E88A00EE103ABAF80030F8EEE88A99070A
:1042300068EEAC8AB8EEC08A54D078EE087A039A59
:10424000FDEEE77A514217EE900AFEF7BEF9A64B53
:104250009FEDA66A33F91530C01A059B33F9153066
:104260001844A37F07EE103A07EE900A237AB8EEBF
:10427000477AB8EEE79AF1EE047A27EE277A07EE4E
:10428000903AF8EE677AF1EE476A67EE897ABDEE0A
:10429000C77A67EE867A17EE102AFDEEE77ABDEE52
:1042A000E67A17EE900A17EE101AFEF78EF997EDE0
:1042B000000AB3EE0E1AAAEE890AFBEE0E0A0BEE06
:1042C000100AFEF78BF987ED000AE37CDFED887AB0
:1042D00009EE903AF8EE699AB8EECBBA69EE809A98
:1042E00069EEA79ABAF80030DA0700F14281019B23
:1042F00033F9023C002BB8BF5B429BB2B3F5206F91
:1043000000F2348116F80B3CDFED7A6A98ED000A72
:104310009FED791ADFED790A07EE103A68EE266A0A
:10432000B8EE477AC6EE877A77EEE87AAAEEA70A61
:10433000FEF754F988ED000A3378DFED717A09EE63
:10434000103AB8EE499ABAF8003029EE009A9B0765
:1043500029EE279A0BD578EE4B7AB0EE4B8AA7EE72
:104360008C8A79EE697AB0EE699AA7EE8C9A029BF4
:1043700094F8551013F8012B9FED627A029307EE23
:10438000902AF8EEE77AB0EE480A68EEE77AA7EEF0
:10439000870A21B15C4800EB850002F045F89BEDEF
:1043A000007AEBEC018A78EEC78AD9ED007A574B98
:1043B00088EEAA7A5B5D08F104080437013630EE16
:1043C000090A37EE677AE7EE2B7A07EE103AB8EE75
:1043D000C77AE9EC017A67EEC77A9FED4D7AA7EECE
:1043E000870A0EF0F9FB4B4B23F815006B1C022BD0
:1043F0004FF001057FF404AFBDEECAAADFED467AA7
:1044000094F85770454E1AEE103A23F003030AEE63
:10441000103A2E4BB3F90480049B9D792D4BB3F9D0
:104420000430B8EECAAA00EE103ACAEE279ABAEEE5
:10443000CF0A002F00F0C58088EAE879E778A9EB79
:10444000E8790EF0C9FB1FFA89F9354BDFED356AC3
:1044500005FB09F595FBF3F5643507EE100A7D437E
:10446000642395FBF3F307EE903AB8EEC77AF8EEC3
:10447000E77A80EAE07367EE877AA3EBE07387EE72
:10448000A67AB3F5207F07EE908AB8EEE78A38EE79
:10449000478A02DCB9F1640F70D90023B36094F845
:1044A0005510002948D0B0EE480A1F4801F0BCFF63
:1044B000B0EE408A40E000BF83F9223EA6200020F3
:1044C000A0860100AE200020BD37863524210020C3
:1044D0000000E143BE23002061240020700C002076
:1044E00000000000CDCC4C40DE2000206F12033CC9
:1044F0000AD7A33D0000A04300004043000040C392
:104500000AD7233CA69B443B380C00205B240020A8
:10451000F7CC9238D220002000803B458C0C002044
:104520000CFEFFFF0000A042400C0020C80B002042
:10453000C00B0020800C002038EE090ABDEEC00A36
:1045400010EE103A1BB200EE103AB8EEC00A0EF0B0
:1045500043FB464B988007B0BDEC0A8BBDE8F08F5B
:104560009FED438A02E69FED43CA33E69FED410A81
:10457000E0E6B0EE699AB0EE4B8AF8E608EB880305
:104580001B0193FBF7F31B1A07EE903AF8EEE77A5C
:10459000B368394967EEA97A4FF47A52FDEEE77AAB
:1045A00017EE900A1844FEF710F87D23B06090FBD8
:1045B000F3F0A37B5843801107EE900AB8EEE79A18
:1045C0006DE76D000EF008FB283515FB08F56D1141
:1045D000281A002D07EE900AB8BF6D42322DF8EE72
:1045E000E78A40DCA37B254A254907EE903AF8EE9E
:1045F000677AB36867EEA87A67EEA97AFDEEE77A84
:1046000017EE900A1844FDF7E0FFB0604FF4807297
:104610006FF0FF014013FDF7D8FFFDEEE87AE27876
:1046200017EE903A53439B1107EE903A154B1B78C7
:1046300009EE100A032BB8EEC99AB8EEE78A7FF6A6
:104640002EAFB4F85220B2F5FA7FBFF428AFFDEEDA
:10465000C87A514217EE900AFDF7B7FF08EE100A2C
:10466000B8EEC88A1BE73846CFE700BFD22000204B
:10467000AF4C593C0000000080C1FFFFFEFFFF0F60
:10468000020000F0642400202DE9F04F2DED088B8E
:1046900087B0DFED9D7A05939C4B189E1B88049193
:1046A00009EE103A9A4B02921B88B8EE499A13F021
:1046B000020F29EE279A0546F7EE009A00F0E980EE
:1046C000F189002002F02AFFF1890446012002F05E
:1046D00025FF95F85020002A00F0DE80002CB8BF9E
:1046E00064420028B8BF40428442B8BF0446C4F5C3
:1046F000FA7407EE904ADFED876ADFED870AF8EE7D
:10470000E77A642387EEA67AB3FBF2F307EE903ADA
:1047100037EE697AF8EEE77AB0EE690AA7EE270A73
:10472000B0EE691AFDF75AFFB0EE40AA7B4BDFF8F6
:1047300028B2DFF828A2DFF82892DFF82882784E26
:10474000DFED78AA019305F124070024049B0433CC
:10475000022C1B5DB2EE04BA40F0A180704ADFED7E
:10476000726A92880A3312FB03F207EE902AB8EEBF
:10477000E77AC7EE267A6D4B95F8551033F9143069
:1047800007EE103A6A4BB8EEC77AD3ED036A019B85
:104790000393E7EE667A1B78B7EC017AB0EE678A8E
:1047A00007EE903A27EE087AF8EEE77A67EE877A16
:1047B000C7EEAA8A41B15F4800EB8400B0EE680AF8
:1047C00001F032FEF0EE408A97ED027A9BED000A8E
:1047D0009FED591ADFED590A69EE087A67EE877A7C
:1047E000A7EE8B0AFDF7FAFE89EE897ADAED007AF8
:1047F000D9ED006AABEC010A78EE677AAAEC018A7F
:1048000027EE277AD8ED007AA9EC017AE8EC016A64
:1048100076EEA77A95F85410B0EE40BA37EE870AD4
:1048200021B1474800EB840001F0FEFDB0EE087AAC
:10483000C0EE077A019B01330193039B1B7802367C
:1048400097ED057A9FED3F1ADFED3F0A67EE877A15
:1048500007EE103AB8EEC77A67EE877A87EEAA0AB3
:10486000FDF7BCFE78EE8B8A38EE800A0EF0B4F9C4
:1048700036494FF47A72FDF7A8FE354B23F8140041
:104880000134032C7FF462AF07B0BDEC088BBDE8A8
:10489000F08FB0EE69AA49E79FED1FAA46E7029A9A
:1048A000B6F9000003935142FDF78FFE294B33F90F
:1048B0001420059B801A33F91420039B1044144ADA
:1048C00007EE900A1188F8EEE77A11F0010FC7EEB3
:1048D0008B6A04D0D5ED127A66EEA77A4BE7328860
:1048E0009FED116A143312FB03F207EE902AB8EE23
:1048F000E77A8B07C7EE067A42BF95ED137A66EE2C
:10490000876AE6EE8A7A36E7BD378635A62000202C
:10491000AE2000200000FA430000000058240020D0
:10492000242100200000C84200004842BE2300208D
:1049300030120020380C002000007A4300007AC3B7
:104940002C0C002000009643000096C318FCFFFFCB
:10495000D2200020DE200020800C0020200C00202F
:10496000140C0020080C00202DE9F04F2DED028BD7
:1049700089B0CDE904210693924B149E1B889907B8
:10498000054640F1EC80F189002002F0C7FDF18975
:104990000446012002F0C2FD002CB8BF644200288A
:1049A000B8BF40428442B8BF04460523C4F5FA703C
:1049B00090FBF3F0AB7F40B2DB10642264385843C5
:1049C00000210A2390FBF3F01044FDF7FEFD43B2F3
:1049D0007D4C039301F09AFD23689FED7C7ADFF80C
:1049E00024A27B4EDFF820927A4FDFF8F881C31AB9
:1049F00007EE903AF8EE677A774B67EE877AC3ED69
:104A0000007A01F083FD754B0293754B2060009591
:104A100001930024059B1A1D022C12F804B040F0EB
:104A2000A080704A6B4992880BF1140B12FB0BF2B9
:104A300052118A60019B57F8042BB3F90010009BB8
:104A400030780029B8BF0331A2EBA10213F8011F8F
:104A5000009351434143642091FBF0F1CB1195F851
:104A6000551008EE103AB34651B15F480792B8EEC0
:104A7000C80A00EB840001F0D7FC079ABDEEC08A9B
:104A80005A48009B0088D9F800105043DA7AC012C7
:104A9000504332785043642290FBF2F0084449F8C6
:104AA000040B53494FF40012FDF78FFD4A4A019B56
:104AB000D2ED007A49F8040CF5EEC07A4113F1EE1C
:104AC00010FA33F9020B019317DD029BDAED006A4D
:104AD000B3F90020831A07EE903AF8EEE77AB1EEC8
:104AE000087A77EEE67AB2EE046A67EE877A87EEA6
:104AF000867A77EE267ACAED007A029BBAEC017AC2
:104B000023F8020B0293009BDFED3A6A9B7D07EED0
:104B1000903A9BF80030F8EEE77A013667EE877A34
:104B200007EE103AB8EEC77A18EE103A67EE877AB9
:104B300008F1020887EEA67ABDEEC77A17EE102AB2
:104B4000A3EBA2102C4A084422F814000134032CD1
:104B50007FF460AF09B0BDEC028BBDE8F08F642339
:104B600036E7049AB8F90000244B5142400043F85C
:104B70002400FDF72AFD224B33F91420069B801AEE
:104B800033F914200F4B19881044CA0715D4B8F80C
:104B900000200BF1140B12FB0BF212118B073A6081
:104BA0007FF548AFE97C039B41435943642091FB67
:104BB000F0F102EB21123A603CE72A7A42431211EB
:104BC000F9E700BFAE200020440C00206F12833AAA
:104BD00058240020580C0020480C0020CC20002035
:104BE000BE23002024210020380C0020A620002015
:104BF0000000E0FF0000C842D2200020640C00202A
:104C0000DE2000204C0C00208C0C0020044B0022E5
:104C1000C3E90022034B00221A605A60704700BFAC
:104C2000780C0020700C0020054B0022C3E9002204
:104C30009A60044B00221A605A609A60704700BF65
:104C40008C0C0020800C00200138042810D8DFE8EC
:104C500000F00307090B0D00064B074A136070476D
:104C6000064BFAE7064BF8E7064BF6E7064BF4E788
:104C7000064BF2E7694900082C000020894600082D
:104C8000853E0008613B0008394100087D38000876
:104C90009FED0F7A20EE070AF6EE006A86EE807A24
:104CA00007EE903A0B4BDFED0C6A18600B4B1A6065
:104CB0000B4B83ED007AB8EEE77A0A4BC6EE877AA3
:104CC0009FED097A67EE877AC3ED007A704700BFDF
:104CD000DB0F4940BC0D002000006144B80D0020EE
:104CE000D00D0020D40D00204C3D0F44124BDFEDC1
:104CF000136A1B681A7B124B1A80124B1B8807EE33
:104D0000103AB8EEC77A104BC6EE877A9FED0F7A4D
:104D100067EE877A9FED0E7AC3ED007A0D4BD3EDE7
:104D2000037A0D4B67EE877A9FED0C7A67EE877AF0
:104D3000C3ED007A704700BFBC0D00200AE81C419B
:104D4000EA20002072000020D80D00200000C84298
:104D500035FA8E3C30120020CC0D0020BD37863550
:104D6000094B58B9C3E90000084BC3E9000098603B
:104D7000074B1860074B00221A60704700229A60A8
:104D8000054B1A60F6E700BFF40D0020E80D002087
:104D9000DC0D0020E40D0020E00D002008B52DED15
:104DA000068BF0EE409AB0EE600AF0EE41AAF0EE0B
:104DB000608A0DF091FEB0EE408AB0EE680A0DF008
:104DC000CBFEB0EE409AB0EE690A0DF0C5FEF0EEF3
:104DD000408AB0EE690A0DF07FFEB0EE40AAB0EE58
:104DE0006A0A0DF0B9FEF0EE409AB0EE6A0A0DF0D4
:104DF00073FE1A4B28EE007A29EE286A83ED007ABA
:104E000029EECA7A69EE0A6AA6EE007A60EE687A3E
:104E100083ED017A28EEA97A68EE288AA6EE807AD8
:104E2000B1EE499A83ED027A28EE297A28EE0A8AB1
:104E300083ED037A2AEE007AE6EEA97AA6EE297AC5
:104E400083ED069AC3ED078A83ED088ABDEC068BD5
:104E500083ED047AC3ED057A08BD00BF4000002051
:104E600070B5054614460E4641B10F4B93ED060A48
:104E7000FDF7C8FCB1EE400A86ED000A45B10A4BC9
:104E8000D3ED080A93ED070A0DF0D2FD85ED000A77
:104E900044B1054BD3ED000A93ED030A0DF0C8FDB4
:104EA00084ED000A70BD00BF440D0020324BD0EDF0
:104EB000016A93ED023AD3ED054A93ED086A90ED4D
:104EC000027AD3ED012A93ED044A93ED030AD3ED60
:104ED000075AD3ED061AD0ED007A2DED048B26EE9D
:104EE000C32A93ED009A64EEE63A26EE665AA2EEE5
:104EF000872AE7EE043AA7EE255A69EE478A60EE64
:104F0000470A21EEC77AE3EE278AE7EEA40AA7EE66
:104F1000867A27EEE28A24EE671A65EEE77AA6EE35
:104F2000898AA6EE801AE6EEA17A72EE096A72EE1E
:104F3000A82AC3ED006A73EE806A33EE083A34EEB5
:104F4000204A74EE814A75EE875A36EE276AC3ED21
:104F5000036A75EE216ABDEC048BC3ED012A83ED73
:104F6000023A83ED044AC3ED054AC3ED066AC3ED78
:104F7000075A83ED086A7047400000201C4BD0EDB3
:104F8000017A93ED037AD0ED006A93ED006A27EE83
:104F9000877A0246A6EE267AD0ED026A93ED066A7B
:104FA0001448A6EE267A93ED016A80ED007A93ED1F
:104FB000047A67EE877A92ED007AE6EE077A93ED4F
:104FC000077A93ED026AE6EE877AC0ED017A92EDF8
:104FD000017AD3ED057A67EE877A92ED007AE6EEF4
:104FE000077A93ED087AE6EE877AC0ED027A704789
:104FF00040000020CC0C0020134BD0ED017A93ED43
:10500000017AD0ED006A93ED006A27EE877A0246B6
:10501000A6EE267AD0ED026A93ED026A0B48A6EE60
:10502000267A93ED036A80ED007A93ED047A67EEB9
:10503000877A92ED007AE6EE077A93ED057AE6EE4E
:10504000877AC0ED017A704740000020C40C002030
:1050500010B53F4B2DED048B93ED018AD3ED009AF3
:10506000B0EE480A04460DF037FDB0EE409AB0EEBF
:10507000480A0DF071FDF0EE408AB0EE690A0DF0BD
:105080006BFDB0EE408AB0EE690A0DF025FD9FED94
:10509000316A314B314883ED009A68EE885A68EEE8
:1050A000804AB0EE407AA5EE867AF0EE656AB0EE00
:1050B000644AF0EE485AA8EE064AD4EE865AE0EE6C
:1050C000466A29EE065A29EE088A69EE007AF1EE60
:1050D000688AC3ED016A83ED024A83ED047A83EDA9
:1050E000078A83ED035AC3ED055AC3ED068AC3ED63
:1050F000087A1B4B226894ED026A1A6062685A6053
:1051000083ED026AD4ED014AD4ED003A66EEA46A5A
:1051100027EE247AE3EE896AE4EE066AC0ED006ABF
:10512000D4ED006AA5EE267AA5EE867A80ED017AA6
:1051300094ED017A28EE078A94ED007AA8EE878A2A
:10514000A7EE868A80ED028ABDEC048B10BD00BFFD
:10515000C00D0020000000008C0D0020B80C0020C5
:10516000680D0020F0B56A4B6A4AD3ED007AB2F9B7
:1051700000209FED697A8BB0F1EE677ACDED017A70
:10518000D3ED017A654BB3F90030F1EE677A9B1AE3
:10519000CDED027A07EE903A614BF8EEE77AB3F97B
:1051A000002067EE877A06EE902AB3F90220B3F961
:1051B0000430CDED037A07EE102A07EE903AB8EEF0
:1051C000C77AF8EEE66AF8EEE77A044601A904A881
:1051D0008DED057A8DED087ACDED046ACDED067A78
:1051E000CDED076ACDED097AFDF7C3FA4D4B9DED84
:1051F000067A1B689B78012B40F086804A4B4B490E
:105200001B7813F0040F15D14948026892B10B685E
:10521000002B1D46B8BFDD1DA3EBE50307EE903A5A
:10522000F8EEE77A013A77EE877A0260FDEEE77AE8
:10523000C1ED007A0B68002BB8BF0733DB1007EE17
:10524000903AF8EEE77A3B4E9DED040A3A4D37EE80
:10525000677A8DED067A0DF0BFFC33681978FDF79B
:10526000A5F92B689DED050A03442B600DF0B4FCF5
:1052700033681978FDF79AF96B689DED060A0344C7
:105280006B600DF0A9FC33685978FDF78FF9AB68B6
:10529000034407A8AB60FFF7DBFED0ED007A33686C
:1052A000264D1978FDEEE77A074617EE900AFDF7CE
:1052B0007DF92B68D7ED017A03442B60FDEEE77A88
:1052C000336817EE900A1978FDF770F96B68D7ED1F
:1052D000027A03446B60FDEEE77A336817EE900ABA
:1052E0005978FDF763F9AB68154A0344AB6013685E
:1052F00023441360134A136801331360124A13687E
:10530000013313600BB0F0BD104B1B8897E700BF53
:10531000C00D00200000002035FA8E3CD82000206F
:10532000EC200020BC0D002056240020A80C0020FA
:10533000B00D0020B80D0020F40D0020E80D002075
:10534000E40D0020E00D0020DC0D002072000020A4
:105350001FB52A4B9FED2A6AB3F9022007EE902A67
:10536000B3F90420B3F9003005EE902A07EE103AA5
:10537000244A254BD2ED006AB8EEC77AF8EEE77AF8
:10538000E7EE066A01A892ED017AC3ED006AA7EE86
:10539000867AF8EEE55AD2ED027A1C4A83ED017A5C
:1053A000E5EE867A92ED006AC3ED027A184B76EE4E
:1053B000866A93ED006A76EE866A66EE806ACDEDC7
:1053C000016AD2ED016A37EE267AD3ED016A37EE33
:1053D000267A27EE007A8DED027A92ED027A77EE48
:1053E000877A93ED027A77EE877A27EE800A8DED41
:1053F000030AFFF75BFD05B05DF804FBBE23002048
:10540000487D8B3A200D0020040D0020380D00202F
:105410002C0D0020154A0023136053609360144A3A
:10542000136053609360134A136053609360124A91
:1054300013605360936090B1104B93ED000AB4EE8B
:10544000400AF1EE10FA0AD693ED021AB4EE411AB0
:10545000F1EE10FA03D6D3ED010AFFF79FBC9FEDE2
:10546000081AF0EE410AB0EE410AF6E7200D0020DE
:10547000380D00202C0D0020040D0020C00D002050
:105480000000000090ED010AD0ED007A20EE000A45
:1054900038B5A7EEA70A04460D46D0ED027AA7EE6E
:1054A000A70A0DF0F7FAB7EE007AC7EE007A1E4BA6
:1054B0001E4A93ED007A37EE277A83ED007A13883F
:1054C000B0EE007AF4EEC77A0133F1EE10FA1380F1
:1054D00021D5B6EE007AF4EEC77AF1EE10FA06DCCA
:1054E0009FED137AF4EEC77AF1EE10FA1ADD94ED1F
:1054F000007A27EE277A012085ED007A94ED017A73
:1055000027EE277A85ED017A94ED027A67EE277A05
:10551000C5ED027A38BD9FED077AF4EEC77AF1EE59
:1055200010FAE4D40020F5E7000D0020DC20002074
:10553000BD3786350024744910B5314CD4ED013A9D
:1055400094ED046A94ED003A94ED037A94ED024AE6
:10555000D4ED056A63EE867AF6EE005AE3EE077A3A
:105560008AB02146B0EE635AE4EE267A01A8F0EE46
:10557000444A67EEA57AF0EE435AA6EE675AE6EE85
:10558000E74AA3EEE76AE7EE675AE4EE676AA3EE3E
:10559000677A66EE647ACDED066AE5EE267A66EE07
:1055A000E56A8DED047AE4EE876A27EE457ACDED63
:1055B000015AA5EE867A8DED025ACDED034A8DEDA6
:1055C000056ACDED077ACDED086A8DED097AFFF712
:1055D00059FF28B901200AB0BDE81040FFF71ABFF3
:1055E00004F10C0104A8FFF74DFF0028F2D004F1EC
:1055F000180107A8FFF746FF0028EBD00AB010BD3E
:105600004000002008B52DED028BB0EE408A9FEDE2
:10561000110AFDF71BF9B4EEC80AF1EE10FA13DC1B
:105620009FED0D0AFDF712F9B4EEC08AF1EE10FA03
:105630000DDC9FED080AFDF709F9C8EE007ABDEC14
:10564000028BB0EE670A08BDF7EE007AF7E7F2EEDC
:10565000047AF4E7000048420000FA4310B5354CE4
:10566000D4ED007AF4EE677AF1EE10FA41D6D4ED7B
:10567000017AF4EE677AF1EE10FA3AD6D4ED027AB6
:10568000F4EE677AF1EE10FA6CBF01230023D4ED3B
:10569000037AF4EE677AF1EE10FA2CD6D4ED047AA0
:1056A000F4EE677AF1EE10FA25D6D4ED057AF4EE31
:1056B000677AF1EE10FA68BF43F00103D4ED067A81
:1056C000F4EE677AF1EE10FA0ED694ED077AB4EEA6
:1056D000477AF1EE10FA07D694ED087AB4EE477ADD
:1056E000F1EE10FA00D643B1BDE810400120FFF7FB
:1056F00091BE0123CBE70123E0E7B7EE007AF4EE99
:10570000C77AF1EE10FA06D5BFEE007AF4EEC77A4A
:10571000F1EE10FA0CDCFFF70FFFD4ED067AB2EED3
:10572000047AF0EEE77AF4EEC77AF1EE10FADBDCF9
:1057300010BD00BF400000200C4A0D4B11681960DD
:105740005168596091689960D168D960116919618F
:105750005169596191699961D169126A1A62054A60
:10576000D961A2F10800111FFFF77ABB40000020A9
:10577000440D0020C80D002008B52D4B2D4AB3F96B
:105780000210D2ED087AD2ED074A92ED065A07EEE2
:10579000101AB3F90410B3F9003006EE901AF8EEBF
:1057A000E66AB8EEC77A67EEA60A24EEE60AB7EE16
:1057B000006AA7EE270AF0EE607AE7EE247A05EE9B
:1057C000903AA5EE456A67EEC50AF8EEE55AB1EEE5
:1057D000400AE5EE860A0DF02BF99FED171ADFED72
:1057E000170AFCF7FBFE164BD3ED007AB0EEE77A12
:1057F000B5EEC07AF1EE10FA0CDD30EE270ADFEDDF
:10580000117AB4EEE70AF1EE10FA04DDDFED0E7A5C
:1058100030EE670A08BDDFED0D7AB4EEE70AF1EE6F
:1058200010FA44BFDFED087A30EE270AF2E700BF36
:10583000B2230020400000209A9949409A9949C01B
:10584000DC110020DB0F4940DB0FC940DB0F49C0F2
:1058500000B52F4B2DED068BD3ED009A2D4BB3F9F0
:10586000002007EE902AB3F90220B3F90430F8EED5
:10587000E77A85B0CDED017A07EE902AF8EEE77A67
:1058800001A8CDED027A07EE903AF8EEE77ACDED79
:10589000037AFFF7B1FB90ED019A90ED008A29EEB3
:1058A00009AAB0EE4A0AA8EE080A0DF0F3F8C8EE0D
:1058B000008AB0EE4A0AA8EEA80A0DF0EBF8DFED78
:1058C000167AB0EEE87AB4EE677AF1EE10FA1BDCE5
:1058D00089EE008AB0EEC87AB4EE677AF1EE10FA7B
:1058E00012DCB0EE690A0DF037F9B0EE409AB0EE76
:1058F000690A0DF0F1F828EE400AA9EE280A05B071
:10590000BDEC068B5DF804FB9FED040AF7E700BFD2
:10591000DC110020B2230020FFFF7F7F0000000089
:1059200008B50F4B93ED010AD3ED007A20EE000A83
:10593000A7EEA70A0DF0AEF8F1EE007AB4EEE70A92
:10594000F1EE10FA9DBFF1EE027A37EEC00ADFEDFC
:10595000057A9FED050A98BF20EE270A08BD00BF13
:10596000F00C0020CDCC4C3ECDCCCC3D38B55349CD
:10597000534B544C1A680B689A422DED068B16D186
:105980009FED517AD4ED007A67EE877AC4ED007A04
:10599000D4ED017A67EE877AC4ED017AD4ED027A0C
:1059A00067EE877AC4ED027ABDEC068B38BDD31A58
:1059B00009EE903A454DDFED467A2B780A60F8EE15
:1059C000699A69EEA79A83B9FFF7D6FE414BB0EE0C
:1059D000401AD3ED010A93ED000AFFF7DFF9002327
:1059E00023606360A36001232B70FFF731FF3A4B04
:1059F0003A4D93ED089A3A4B20EE099AF0EE408A20
:105A000093ED010AD3ED007A20EE000AA7EEA70A73
:105A1000D3ED027AA7EEA70A0DF03CF8DFED317A5C
:105A200095ED007AB4EEE77AF1EE10FA48BFC5EDD5
:105A3000007AB0EE40AAFFF7E5FD95ED007A69EE39
:105A4000007A27EE878AFFF76BFF274B1B6868EE0B
:105A5000007ADB0758BFB2EE007AC4ED027A5CBF71
:105A600067EE877AC4ED027AF0EE007AF4EEE79AF8
:105A7000F1EE10FA14D5B3EE040AFCF7E7FEB4EE2B
:105A8000C0AAF1EE10FA0BD5184BD3ED007A184BE3
:105A900029EE279AD3ED027AE9EE297AC3ED027A4C
:105AA000144B154AD3ED007AF0EEE88A78EEA78A17
:105AB000C3ED008A13880133138075E7DC0C0020E6
:105AC000D81100202C0D0020EC51783FE525002056
:105AD000BD378635C00D0020400000203400002076
:105AE000040D0020CDCC4C3D3C0F002030000020A8
:105AF000140D0020FC0C0020DA200020F0B52DED64
:105B0000068B85B0F0EE409AFFF730FFBB4ABC4FE2
:105B1000B2F90030BB4DBC4EBC4C5B4207EE903A34
:105B2000B2F90230B2F904205B4208EE103AB84BE9
:105B3000B8EEC88A93ED019AD3ED026AD3ED048AD8
:105B4000B8EEE77A28EE099AD3ED007A5242A7EE32
:105B5000879A07EE902AF8EEE77A68EE288AA6EE92
:105B6000A79AAC4AD3ED036A82ED009AE7EE268A43
:105B7000D3ED056AE7EEA68AD3ED076AC2ED018A86
:105B800028EE268AD3ED066AA7EE268A93ED087AD8
:105B9000A7EE878AD7ED007A82ED028A37EEA90A4E
:105BA000DFED9D7A87ED000A68EEA78A29EE279A35
:105BB00028EEA8AA28EE278AB0EE4A0AA9EE090A1A
:105BC00085ED009AA8EE080AC5ED018A85ED028AE6
:105BD0000CF060FFC9EE009AB0EE4A0AA9EEA90ADD
:105BE000A8EE080A0CF056FF88EE809A29EE090A02
:105BF000A9EEA90AA8EE080A0CF04CFFC8EE007A3C
:105C000001A89FED868AB0EE497A97EEC87A28EE11
:105C1000499A8DED017AB0EE697AA7EE887AA9EEFD
:105C2000889A8DED027A8DED039AFFF7A7F97C4BE8
:105C300090ED00AA93ED010AD3ED007AD0ED019A20
:105C400090ED029A8DED01AA20EE000ACDED029AA8
:105C5000A7EEA70AD3ED027A8DED039AA7EEA70A65
:105C60000CF018FF96ED007ADFED6E7AB4EEE77A6D
:105C7000F1EE10FA48BFC6ED007AF0EE408AFFF769
:105C8000C1FCD6ED007A2AEE000A20EE270A84ED48
:105C9000000AB0EE680AFFF7B5FCD6ED007A29EEEF
:105CA000800A20EE270A84ED010AB0EE680AFFF7A9
:105CB000A9FC5D4B96ED007A1B6869EE007ADB0764
:105CC00067EE877AC4ED027A11D4D4ED006AB2EEA1
:105CD000007A66EE876A67EE877AC4ED006AD4EDD3
:105CE000016AC4ED027A66EE876AC4ED016AB3EE1A
:105CF000040AFCF7ABFDF4EEC08AF1EE10FA4B4E4D
:105D000023D54B4BD7ED007A93ED007A494B96EDB6
:105D1000006AD3ED006A2AEE07AA69EE879AEAEED6
:105D2000276A29EE079AC3ED006A93ED027AD3ED54
:105D3000016AA7EE897AE7EEA96A77EE867AC3ED63
:105D4000016A83ED027AC6ED007AD6ED008AF1EEA3
:105D5000047AF4EEE78AF1EE10FA42DB364B354C6A
:105D6000D3ED007A94ED000A68EEA78AB1EE689A46
:105D7000B0EE681AF0EE490AFCF730FCB0EE681A93
:105D800084ED000AF0EE490A94ED010AFCF726FCC6
:105D9000B0EE681A84ED010AF0EE490A94ED020AA9
:105DA000FCF71CFC254B94ED007AD3ED007A84EDD2
:105DB000008A77EE877A94ED017AC3ED007AD3ED0D
:105DC000017A84ED018A77EE877A84ED028AC3ED49
:105DD000017AD3ED027A86ED008A77EE807AC3ED00
:105DE000027A85ED008A85ED018A85ED028A87EDCC
:105DF000008A05B0BDEC068BF0BD00BF7822002004
:105E0000E00C0020E40C00203C000020380D0020B5
:105E100040000020F00C002000008039000000004D
:105E2000040D0020CDCC4C3D3C0F0020100D002077
:105E300038000020140D0020D80C0020200D002078
:105E4000F8B52DED048B044605F05CF800F044FB3A
:105E5000664ADFED678A13681060C31A07EE903A4E
:105E6000F8EE677A87EEA88ADFED627AB4EEE78A09
:105E7000F1EE10FA09DD604A00231360536093606D
:105E80005E4A1360BDEC048BF8BD0220FCF7EEF90E
:105E90005B4B002800F0A580204604F0B5FA594E6F
:105EA0009FED599A594CB0EE480AFFF751FAFFF7A7
:105EB00043FBB0EE480AFFF721FEFFF7CFFBFFF7E9
:105EC0003BFC96ED000A20EE090A0CF085FE96EDEB
:105ED000010A05B220EE090A25800CF07DFE96ED40
:105EE000027ADFED4B7ADFED4B6A4B4B4B4E27EEE0
:105EF000677A00B2C7EE267A6080494C25806080C0
:105F000093ED007A77EE877AB2EE040A87EE800A84
:105F10000CF062FE03B2002B424ADFF8E4C0BCBFC3
:105F200000F5B47003B213803F4B40481B681F78E4
:105F30003F4B00221D881146B7EE007A3CF9023B28
:105F4000C7B107EE907AF8EEE77AC7EE276A07EE58
:105F5000903AF8EEE77A37EE666A67EEA67AD0ED09
:105F6000006AE6EE867AC0ED007AFDEEE77A17EE7B
:105F7000903A1BB20131C9B2032926F8023B00F165
:105F8000040003FB03F3B3FBF5F31A44D6D128EE68
:105F9000288A6423FCEEC87A5A43264B92FBF5F21A
:105FA00017EE900A1A60FFF7DDF8B4F90220224BD1
:105FB0002249B3F900000B78002AB8BF524292B2CE
:105FC00082420BDAB4F90020002AB8BF524292B2E2
:105FD000904203DD43F008030B7053E723F00803FE
:105FE000FAE71880588098804CE700BFA40C002086
:105FF00000247449CDCC4C3EE40C0020E00C002081
:1060000078220020C00D00204C3D0F44E4200020E9
:106010000000E144DB0F4940DC110020EC200020AF
:10602000DE200020D8200020BC0D0020980C00208D
:1060300072000020B40D0020EA200020552400202A
:1060400008B5214B93ED010AD3ED007A20EE000A4A
:106050002DED028BA7EEA70AD3ED028AA8EEA80ABF
:1060600008EE100A0CF016FDC8EE807A9FED177A44
:10607000F4EEC77AF1EE10FA23D9B0EE670A0CF00D
:106080007FFC134BD3ED007A20EE270A0CF0A4FD21
:10609000B0F5617FA8BF4FF4617007EE900AB8EECB
:1060A000E70ADFED0C7A80EE270AFCF715FAB8EE66
:1060B000C88A28EE000A0CF08FFD00B2BDEC028BFE
:1060C00008BD0020FAE700BFAC0C00208FC2753C71
:1060D000D40D0020EFB6B04408B59FED040AFCF7DC
:1060E000B5FB034B83ED000A08BD00BF8988083C5F
:1060F000D80C0020044B1860044B1960044B1A6044
:10610000044B009A1A607047C80E0020C40E00208D
:10611000CC0E0020C00E002070470000F8B5094DDD
:10612000094E0A4F00244FF48050FBF7E5FD38B1CB
:106130003B689B8825F8023B01340C2CF3D1F8BD59
:106140003368F6E7F2200020C40E0020C80E0020BD
:1061500030B4094B094D0A4C04221A700FCD0FC4FC
:106160000FCD0FC40FCD0FC495E80F0084E80F00CA
:1061700030BCFFF7D3BF00BF64240020E4580108FF
:10618000000E002070B50C4D0C4E00242B78E0B2B0
:10619000834209D84FF48020FBF7AEFD50B1287838
:1061A000BDE870400AF014BC36F810100AF0F4FB99
:1061B0000134EBE770BD00BF642400200A210020F9
:1061C00010B4074B074A1C780023D9B28C4203D87D
:1061D0005DF8044BFFF7D6BF22F8020B0133F4E75A
:1061E000642400200A21002008B54FF48050FBF7FA
:1061F00083FD50B1064B1B68988800B2FFF7E0FFA3
:10620000BDE80840322000F0D2B9024BF3E700BFEE
:10621000C80E0020C40E0020014B18780AF0C8BB3D
:10622000642400202DE9F84F724EDFF8F4813378B2
:10623000714D724C032B14D9D8F800305A88B2F53E
:10624000FA7F0ED2B5F90430002BB8BF5B42504242
:1062500099B2411A12FA83F2B4F90400FCF7B5F9C5
:10626000A080B4F902A0B4F900B0B4F904E0644C21
:10627000B5F906903778D8F800C0624A2046002168
:1062800025462BE007EE909AB8EEE77A07EE90AA43
:1062900052ED026A9CF90130F8EEE77A5B4267EE54
:1062A000A67A52ED046AE7EE267A0EFB03F301317B
:1062B00007EE10BA52ED036AB8EEC77AE7EE267A17
:1062C00007EE103A52ED016AB8EEC77AE7EE267A89
:1062D000FDEEE77A17EE903A20F8023B8F4202F18A
:1062E0001002CFD8484B1B785B0778D5FDF774F9BF
:1062F000464B434918700746B5F900303078012203
:10630000904212D8424DDFF81CB12A68528893425D
:10631000C6BF9B1A1FFA83FA4FF0000A4FF000091C
:1063200033784B4508D8BDE8F88F31F9025FAB42AE
:10633000B8BF2B460132E3E72388A3EB0A0323808F
:106340004FF48050FBF7D8FC38B3324BD8F800102C
:10635000B3F906C0DBF800300978DA892E4B1B68E8
:1063600031B9D988501A604502DA114461450FDC11
:106370002968B4F900009445CBBF4A881A88598827
:106380008988FCF722F9208009F101090234C7E766
:10639000944522DD5B882380F6E72B68B4F9000082
:1063A0005A880FB19988ECE71988FCF70EF9194B58
:1063B0002080B3F90620DBF800301B8A9A42E3DA2A
:1063C0001020FBF799FC10B12B689B88E3E7D8F805
:1063D00000301B78002BD7D12B681B88DBE70F4BD5
:1063E000074A03F1100153F8040B42F8040B8B42E7
:1063F000F9D198E76424002024210020D220002035
:106400000A210020000E00205624002065240020D0
:10641000C40E0020C4210020C80E0020F22000205D
:10642000CC0E0020C00E002006EE901A9FED116ADF
:10643000114B9FED127A1B88F8EEE66AF7EE005AD0
:1064400066EE866A07EE903A85EEA66AF8EE677AFF
:1064500067EE877A90ED007A76EE276A87EEA66A75
:1064600070EE477AA6EE277AB0EE470A80ED007A02
:10647000704700BFDB0FC940A6200020BD3786351E
:1064800003681B68184703685B6818470368DB6884
:10649000184703685B69184738B5074D0446002361
:1064A0006A6895F9001003B138BD002AFCD0A142FA
:1064B000FAD190470123F3E7DC0E00202820FFF7F4
:1064C000EBBF0920FFF7E8BF024A136801331360EE
:1064D000704700BFD40E002010B50A4B4FF0E020EB
:1064E0001968846900BF1A688A42F9D1064B196895
:1064F0004FF47A7000FB01F31B1BB3FBF1F300FBBD
:10650000023010BDD40E0020D80E0020014B1868B8
:10651000704700BFD40E002000B54FF4A06095B0C6
:1065200005F08CF8154B5A6A154B1A6004F0F4FF0D
:106530000AF0B2FE684604F029FE124A009BB3FB43
:10654000F2F3114A1360114B0021C3E90011104B03
:106550004FF47A721B68B3FBF2F3013BB3F1807F17
:1065600009D24FF0E022F02053610A4B83F8230058
:1065700007239161136115B05DF804FB0010024020
:10658000D00E002040420F00D80E0020DC0E00206C
:106590000400002000ED00E038B50446FFF79CFF42
:1065A0000546FFF799FF431BA342FAD338BD10B548
:1065B000044604B910BD4FF47A70FFF7EDFF013CBB
:1065C000F7E700002DE9F04700233A4A86B01D4660
:1065D000117840FA01F1C90713D501AE0021CCB200
:1065E000A542547807D805F118016944013501F82E
:1065F000144CEDB205E016F8017BBC4201F101013B
:10660000EDD10133082B02F10202E1D1002D4ED071
:10661000294E4FF400472C46B846C820A6F82880DB
:10662000FFF7C5FF013CB761C820FFF7C0FF14F0BA
:10663000FF04F2D1C820FFF7BAFF0DF104090134BD
:10664000E4B219F8017BA0464FF4005A08F1FF3874
:106650005FFA88F8B8F1FF0F0FD1C820FFF7A7FF46
:106660004FF48048AFB9C820FFF7A1FFA542E6D19B
:1066700040F2EE20FFF79BFFCBE7A6F828A0C8204A
:10668000FFF795FFC6F818A04FF4AF70FFF78FFF24
:10669000DCE7C820A6F82880FFF789FF013FC6F88D
:1066A00018804FF4FA70FFF782FFFFB2DAE706B006
:1066B000BDE8F08724590108000800480E4B70B56A
:1066C00000220C2505FB02F1CC185E5C864203D04B
:1066D0000132102AF6D170BD084A106818B16478EA
:1066E00040788442F7D20B441360054A002313809C
:1066F000044A1360EFE700BF34590108E40E00209C
:1067000022210020EC0E002008B502F0AAFC054A68
:1067100000231370044A1360044A1380044A136070
:1067200008BD00BF66240020EC0E002022210020BE
:10673000E40E002008B9FFF7E7BFFFF7BFBF000076
:1067400043000C4A142B70B4A8BF14230021144634
:1067500002261425023199421670557002F1020288
:10676000F8DB002808BF0223FF22E2540F2070BC90
:10677000FFF7A4BF67240020254B1B68DB0470B51E
:1067800002D50A20FFF79AFF224D2B682BB3224E29
:10679000FFF7BCFE336883421FD82A681F4C52683B
:1067A0002388D25C1E4B1978C1B90121197062B1DE
:1067B00002F056FC238843B92B681B78053B012B5C
:1067C00003D8FFF789FE174B18602A6823885268A0
:1067D000D35CFE2B09D10023238070BD00211970EA
:1067E000002AF2D002F03DFCEFE7FF2B03D1BDE819
:1067F0007040FFF789BFFFF789FE2A682388526837
:10680000D15C0A2201FB020030600133E4E700BFE3
:106810003C0F0020E40E0020EC0E0020222100207E
:1068200066240020E80E002008B505F058FC034B54
:106830001870FFF76BFE024B186008BD7F24002024
:10684000000F0020254B1B7810B5002B3ED0FFF722
:106850005DFE234B234C1860234B1B68C01AB0F518
:10686000FA6F34D20021022005F0FFFB1F4B204AB3
:106870001B6812681F492048FCF73EF91E4805F0C6
:1068800025FC0221084605F0F0FB1C4805F01EFC23
:106890000421002005F0E9FB194B1A4A1B68126815
:1068A00019491548FCF728F9134805F00FFC062193
:1068B000022005F0DAFB154B15491A680E48FCF763
:1068C0001BF90D4805F002FC0123237010BD23784D
:1068D000002BFBD005F0B2FB0023F6E77F2400205D
:1068E000040F00207D240020000F0020DC58010848
:1068F000E0580108CC56010882240020D656010831
:10690000C8580108CC580108E8560108D4580108B5
:10691000F756010808B50021102005F0A6FB084B2A
:1069200008481B880A21B3FBF1F201FB12339BB22A
:106930000549FCF7E1F8BDE80840024805F0C6BB90
:106940008A2200208224002002570108002108B575
:10695000084605F08AFB064B064A1878064B0028C5
:1069600018BF1A461046BDE8084005F0AFBB00BF8F
:1069700081240020105701080A57010808B5072193
:10698000002005F072FB02F0B3FD10B902F0B6FD75
:1069900020B10348BDE8084005F098BB0148F9E77D
:1069A000165701081057010808B51020072105F0F7
:1069B0005CFB064B06481B6813F0010F054B18BF24
:1069C0001846BDE8084005F081BB00BF3C0F002021
:1069D000225701081C57010838B52C4A2C4D126863
:1069E0002B682C4C934243D10020FBF765FC48B147
:1069F000294B23600021062005F037FB206805F0B5
:106A000065FB3FE00120FBF757FC08B1234BF0E7A3
:106A10000420FBF751FC08B1214BEAE70320FBF708
:106A20004BFC0028F8D10520FBF746FC08B11D4BB4
:106A3000DFE702F05DFD18B902F060FD0028F6D036
:106A40000220FBF739FC08B1174BD2E70620FBF711
:106A500033FC08B1154BCCE70720FBF72DFC08B140
:106A6000134BC6E70820FBF727FC40B1114BC0E7EA
:106A7000052B04D1104B236000232B60BAE7236859
:106A8000002BB7D12B6801332B6038BD6400002088
:106A9000F00E0020080F0020285701083257010887
:106AA0003C57010846570108505701085A5701083A
:106AB000645701086E5701087857010870B5FFF751
:106AC00025FD214B214E1B683278214D13F0010327
:106AD000044631D05ABB08202A60FBF7EDFB18B101
:106AE000012333701B4B1C60072108464FF47A7357
:106AF0002C68B4FBF3F43C2605F0B7FAB4FBF6F5CA
:106B0000154916482A46FBF7F7FF144805F0DEFA48
:106B100007210C2005F0A9FA06FB154210490F4881
:106B2000FBF7EAFFBDE870400C4805F0CFBA094B0F
:106B30001B68C31A2B60D7E7002AD5D03370054BEA
:106B40001B68C41A2C60CFE73C0F00208024002073
:106B5000F40E0020F80E0020825701088224002045
:106B60008A57010808B5094B1B786BB9FFF7EEFE91
:106B7000FFF732FFFFF7CEFEFFF700FFFFF79EFFA4
:106B8000BDE80840FFF710BF08BD00BF7D2400200E
:106B900070B53A4D2B78002B66D1394B1B78002B02
:106BA00062D1384E0221012005F05FFA0A243649ED
:106BB000B6F90220354892FBF4F2FBF79DFF33480B
:106BC00005F084FA0321012005F04FFA3049B6F9A7
:106BD00000202E4892FBF4F2FBF78EFF2B482D4C41
:106BE00005F074FA0421012005F03FFA2A4B2B49E5
:106BF000B3F900202548FBF77FFF244805F066FA2B
:106C000002210B2005F031FAB4F9022024491F4873
:106C1000FBF772FF1D4805F059FA03210B2005F020
:106C200024FAB4F900201A491848FBF765FF174801
:106C300005F04CFA04210B2005F017FAB4F90420F2
:106C400016491248FBF758FF104805F03FFA052196
:106C50000B2005F00AFAB4F9062012490B48FBF79D
:106C60004BFF0A4805F032FA0F4C2B7822789A42F3
:106C700001D005F0E3F92B78237070BD812400204A
:106C80007D240020E4200020905701088224002069
:106C90009A570108C4210020D8200020A4570108D9
:106CA000AE570108B85701087E24002038B5084BBC
:106CB0001B7863B1074D084C2B6822689B1AC72BC1
:106CC00005D9FFF74FFFFFF763FF2B68236038BD3F
:106CD0007F240020040F0020FC0E0020014B1878B8
:106CE000704700BF6800002038B504464FF480505C
:106CF0000D46FBF701F848B10D4BB3F90620E389C7
:106D0000591B8A4202DD2B449A420DDB4FF480501E
:106D1000FAF7F2FF50B9064B228AB3F906309342D4
:106D2000B4BF0020012038BD0020FCE70120FAE7B5
:106D3000C42100202DE9F7431646994600228B4BCB
:106D4000048A458A8846104633F9021B8008A1420E
:106D5000C4BF60F07F00C0B20132A942B8BF40F0AA
:106D60004000042AF0D1824D824C2B78834253D1CB
:106D70002278F92A01D8013222707F4F28703B789F
:106D80009BB97E4B1B68DB0762D5B8F1000F46D17B
:106D90007B4B1B78D80708D5590704D4794A0123BF
:106DA0001370794A1370FAF7FDF82378142B30D159
:106DB0003B78DFF8CC91A3B12B785F2B06D199F803
:106DC000003013F0040855D0FAF778F84EB12B785C
:106DD0007D2B06D199F8003013F0040850D0FAF753
:106DE0006DF899F800305B0713D42B78572B4DD1F1
:106DF0004FF47A7004F078F80420FBF737FA10B1FA
:106E00000A200AF023FE0820FBF730FA08B95F4B8E
:106E1000188003B0BDE8F08300232370ADE75C4B1E
:106E20001B680A2BC1DC0220FBF746FA0028BCD104
:106E3000584B1B78002BB8D1FDF7E8FEFDF7F4FEA8
:106E4000FAF7B0F8544A012313704F4A1370ACE7B5
:106E50004B4B1B785A07A8D502F04AFB0028A4D058
:106E6000B9F1000F02D0FAF729F89EE7B8F1000F48
:106E70009BD1F8E70B20FFF75DFC84F80080A5E7C5
:106E80000B20FFF757FC84F80080AAE70420FAF7EC
:106E900033FF2B7808B15A2B11D0563B082B19D849
:106EA000DFE803F01618181818141805120001204E
:106EB0000138C0B203B0BDE8F043FBF79BB903B0A3
:106EC000BDE8F043FAF7D4B80320F1E70220EFE77A
:106ED000FBF788F93A782B784AB16F2B04D103B0CD
:106EE000BDE8F043FAF75EB80EB17E2BF7D0972BD2
:106EF00006D14FF47A7003B0BDE8F04303F090B9C7
:106F0000A72B05D1254A137843F00403137080E7BB
:106F10000022B73B0192072B3FF67BAF01A252F84C
:106F200023F000BF576F0008136E0008136E0008AF
:106F3000136E0008456F0008136E0008656F0008A7
:106F40005D6F00080223ADF8063001A8F9F73AFD9D
:106F5000002323705DE74FF6FE73F4E70223ADF8DC
:106F60000430F2E74FF6FE73F9E700BFC4210020BA
:106F70009724002098240020680000203C0F002067
:106F80005624002099240020F3250020D82000203A
:106F9000B40D0020F62500209A240020552400205E
:106FA00010B500F1500302788A4203D18478C27888
:106FB000944204D304309842F5D1002010BD012042
:106FC000FCE7000038B50A784B789A420C4601D3AA
:106FD000002038BD0D4B043040F6330233F9100069
:106FE0004FF46171FBF7F1FA2278192540F28331F1
:106FF00083B212FB05129A42EADA607810FB0510A0
:107000009842B4BF00200120E3E700BFC421002064
:10701000F8B50C4E00233360851C00F152040127A3
:1070200015F8010C2946FFF7CDFF30B115F8023CE9
:10703000326807FA03F3134333600435A542EFD1F6
:10704000F8BD00BF3C0F002070B50C23084D434332
:10705000EC18666896420AD0E9540649626000233B
:10706000A36001220B78824023EA02030B7070BDFB
:107070000C0F00209624002070B5141E05460E4605
:10708000CCBF02200120FFF75BFB731E132B47D8F8
:10709000DFE813F0140020002800360047004F00FE
:1070A0009800DD0027014B016D01460036003F00CE
:1070B0004F009800DD006B00B200FA002878FA2239
:1070C00000212044FBF781FA28702846BDE8704073
:1070D00000F054BA6878642200212044FBF775FA66
:1070E0006870F2E7E878002120446422FBF76DFA2B
:1070F000B14BE87019682846BDE8704000F072BADC
:107100006879642200212044FBF75FFA0D2E687134
:1071100006D02879642200212044FBF756FA287112
:1071200070BDA879FF2200212044FBF74EFAA87118
:10713000F6E7A24D2B681A78022A31D107EE904A61
:10714000B8EEE77AF2EE047A87EE270AD3ED0A7AF0
:107150009FED9B1ADFED9B0A30EE270AFBF73EFA04
:107160002B6883ED0A0A0F2EDAD0944D2B681A781B
:10717000022A1ED107EE904AB8EEE77AF2EE047AC0
:1071800087EE270AD3ED097A9FED8D1ADFED8D0A80
:1071900030EE270AFBF722FA2B6883ED090ABFE7D6
:1071A0009878C82200212044FBF70FFA2B689870CA
:1071B000D9E75878C82200212044FBF706FA2B684B
:1071C0005870ADE77D4D2B681A78022A2DD107EE55
:1071D000904A9FED7B1ADFED7B0AF8EEE77A87EEA7
:1071E000810AD3ED0D7A30EE270AFBF7F7F92B6809
:1071F00083ED0D0A102E93D0704D2B681A78022A59
:107200001CD107EE904A9FED6E1ADFED6E0AF8EE84
:10721000E77A87EE810AD3ED0C7A30EE270AFBF786
:10722000DDF92B6883ED0C0A7AE7587BC822002130
:107230002044FBF7CAF92B685873DBE7187BC82298
:1072400000212044FBF7C1F92B68187368E75B4DF8
:107250002B681A78022A32D107EE904AB8EEE77A04
:10726000DFED597A9FED561ADFED560A87EE270AB1
:10727000D3ED107A30EE270AFBF7B0F92B6883EDD7
:10728000100A112E3FF44CAF4C4D2B681A78022A8D
:107290001ED107EE904AB8EEE77ADFED4B7A9FED0C
:1072A000481ADFED480A87EE270AD3ED0F7A30EE51
:1072B000270AFBF793F92B6883ED0F0A30E7187E56
:1072C000C82200212044FBF780F92B681876D8E704
:1072D000D87DC82200212044FBF777F92B68D875A8
:1072E0001EE7364D2B681A78022A15D107EE904A10
:1072F000B8EEE77AF2EE047A87EE270AD3ED0B7A3E
:107300009FED2F1ADFED2F0A30EE270AFBF766F903
:107310002B6883ED0B0A03E7D878C82200212044AC
:10732000FBF753F92B68D870FAE6244D2B681A78CE
:10733000022A13D107EE904A9FED211ADFED210AB0
:10734000F8EEE77A87EE810AD3ED0E7A30EE270A5F
:10735000FBF744F92B6883ED0E0AE1E6987BC8221F
:1073600000212044FBF731F92B689873D8E6134DC0
:107370002B681A78022A15D107EE904AB8EEE77A00
:10738000DFED117A9FED0E1ADFED0E0A87EE270A68
:10739000D3ED117A30EE270AFBF720F92B6883ED45
:1073A000110ABDE6587EC82200212044FBF70DF9E2
:1073B0002B685876B4E600BF440F0020400F002031
:1073C0000000C8420000000000007A440C2810B5FC
:1073D0000C460CD1FAF784FBA04208D02046FAF7FD
:1073E00053FC601CC0B2BDE81040FFF7A9B910BD46
:1073F0002DE9F04F85B088460290FFF787F80746E1
:1074000002F076F8354D364E019007F5FA730024F8
:107410004FF0010A03936B68002B3DD093F8009066
:10742000B9F1000F38D0AA68BA1A002A07DB039A0C
:10743000AA6032780AFA04F122EA01023270019A53
:1074400052B328785A780430C0B26ABB254A3178E2
:1074500032F91000B8F80E2002F1C80C60450DDDBD
:107460009A782141CB0717D402984946FFF704FECA
:1074700033780AFA04F2134333700DE0C83A9042AD
:1074800002DA9A785242ECE70123A34021EA03038F
:10749000337007F5FA73AB600134042C05F10C0569
:1074A000B9D105B0BDE8F08F012AE1D19A784FF447
:1074B0009663B3FBF2FB0B4B40F6330233F910003B
:1074C0004FF46171FBF781F8A0F56171484691FBBB
:1074D000FBF1C9B2FFF77AFFCAE700BF0C0F00202B
:1074E00096240020C421002070B50B4E441C00F1EE
:1074F000490514F8010C2146FFF764FD40B1A2785C
:10750000E1782079013A02EB42023244FFF79CFD18
:107510000634AC42EDD170BD4F5A0108084B33F927
:107520001000401A00F2F31240F2E6339A4203D8F8
:107530000028B8BF404270474FF4FA70704700BF50
:10754000C421002008B5064B1960064B00211A60C3
:10755000FFF726FD044B80F00100187008BD00BF46
:10756000440F0020400F0020680000200248302215
:1075700000210CF00FBE00BF0C0F00200C4970B5AD
:1075800000226FF0180640F6C414437812FB02651F
:107590006B4303F6C413057853430132072A05FBF6
:1075A00003F393FBF4F321F8023BEED170BD00BF6F
:1075B000522100200A4970B500226FF018061924E4
:1075C000037A12FB02656B4303F6C4135343013283
:1075D000072A93FBF4F321F8023BF1D170BD00BF01
:1075E000442100202DE9F0411D4C00220A264FF4D1
:1075F0007A758778A2EB070E0FFA8EFEBEF1000FA8
:10760000BC462ADDC7F16407FFB290F803800EFB89
:107610000EF308FB03F3C8F1640817FB07F70CEB44
:107620008C0C93FBF7F343440EFB03F393FBF6F34D
:1076300003EB4C031BB22380B1F800C04F880A3221
:10764000A7EB0C0792B27B43782A93FBF5F39C449B
:1076500024F802CBCDD1BDE8F08108BF0127D4E7E3
:107660002C210020F0B50F4B0F4C1B682178002512
:107670001E1DCAB2032A03D905B1227000200DE0F5
:1076800036F831C010EA0C0F01F101074FF0010587
:1076900005D003EBC1002A4402302270F0BD394608
:1076A000E7E700BF780F00209B240020024B002258
:1076B0001A70FFF7D7BF00BF9B240020F0B501462A
:1076C00000F120040022FF258E88730803F0773331
:1076D000B70807F03337F31ADB1BF70807F0113749
:1076E000DB1B03EB231303F00F33B3FBF5F7C7EBFF
:1076F000072706F00100DB1B0244012BD2B205DD97
:10770000022B0CD150B116F0BC0007D008318C42CE
:10771000DAD1013A012A8CBF00200120F0BD0020FF
:10772000FCE70000084B10B51B680022991C11F9FA
:107730003240844204D00132042AF8D1002010BD26
:1077400003EBC2000230FAE7780F002008B5FFF71C
:10775000E9FF18B14088003818BF012008BD0000BB
:107760002DE9F341DFF864C09DF824700E46114600
:107770001A469DF8203004464FF00C08002008FB04
:1077800000FE0EEB0C051CF90EE0A64504D00130FE
:107790000428F4D1002005E028890028FAD124B17A
:1077A000012C0CD002B0BDE8F0810648009709F02A
:1077B00013FB0028F6D004712E816860F2E70248BE
:1077C0000097F4E70038014000440040480F0020D3
:1077D00008B5074B1860074B074804221A700021B0
:1077E00030220CF0D7FC044A0123137308BD00BFFC
:1077F000780F00209C240020480F0020014B1878AF
:10780000704700BF9C24002010B5074900230C22BC
:1078100002FB03F40C57844204D00133042BF7D14C
:10782000002010BD0120FCE7480F002000F09CBFA5
:1078300010B504462046FEF72CFE00B110BD0A200C
:10784000FEF7B5FEF6E70000034B1B681B788B4282
:1078500001D109F011BD7047780F0020034B1B6860
:10786000DA79511CD9711344187A70477C0F0020C3
:1078700010B5FFF7F3FF0446FFF7F0FF04EB00201D
:1078800080B210BD10B5FFF7F3FF0446FFF7F0FF1D
:1078900004EB004010BD0000064B10B50146044645
:1078A0001868FEF7EDFD044B1B689A7954409C71F3
:1078B00010BD00BF181000207C0F002038B5054611
:1078C00024200C46FFF7E8FF4D20FFF7E5FF002DD1
:1078D000094D0CBF3E202120FFF7DEFF2B68002260
:1078E00020469A71FFF7D8FF2B6893F84900BDE84E
:1078F0003840FFF7D1BF00BF7C0F002001460020B9
:10790000FFF7DCBF10B50446C0B2FFF7C5FF200A81
:10791000BDE81040FFF7C0BF10B5044680B2FFF7C6
:10792000F1FF200CBDE81040FFF7ECBF0021012063
:10793000FFF7C4BF2DE9F04F2DED028B7C28A1B0DD
:1079400000F28580002800F0B98001387B2800F221
:107950008B80DFE810F0A600C5008900FE00110151
:10796000B800D200DF00E400F1008900890089003E
:1079700089008900890089008900890089008900BF
:1079800089008900890089008900890089008900AF
:10799000890089008900890087038900C40489005F
:1079A000CA048900F0048900F5048900FC048900F8
:1079B00089008900890089004B058900CF0389006F
:1079C00085058900D90489005A0280038900A00234
:1079D0008900890053058900610589008900DF0558
:1079E000B205C5058900AB0289001C0589002C057C
:1079F000890089008900890089008900890089003F
:107A0000890089008900890089008900890089002E
:107A10008900890089008900890089008900300176
:107A2000C5018900F8013102890089004402510230
:107A30005F02B102DC02890051048E04F403740376
:107A400089003204890089008900FE050306F028B8
:107A500000F026840AD8DD2800F06C85DE2800F0CE
:107A60006F85A02800F02984002027E0FE284FF031
:107A7000000500F00984FF28F6D1BA4BBA4C1888EB
:107A80002580FAF7B0FE082800F21481DFE810F034
:107A90001001170119011B011D0120012201240100
:107AA00026010320FFF72AFF0120FFF7F5FEFF2044
:107AB000FFF7F2FEFF20FFF7EFFE012021B0BDEC43
:107AC000028BBDE8F08F0620FFF718FFA74B1D685B
:107AD0000024285D0134FFF7DFFE062CF9D1ECE726
:107AE0000820FFF70BFFA24D002415F8010B01340D
:107AF000FFF7D2FE082CF8D1DFE70520FFF7FEFEE6
:107B00009C4B1D680024285D0134FFF7C5FE052C41
:107B1000F9D1D2E70120FFF7F1FE4320CBE708209F
:107B2000FFF7ECFE944B1D680024285D0134FFF73D
:107B3000B3FE082CF9D1C0E70B20FFF7DFFE8F4B17
:107B40001D680024285D0134FFF7A6FE0B2CF9D137
:107B5000B3E70D20FFF7D2FE0920FFF7D3FE884DD3
:107B6000002415F8010B0134FFF796FE092CF8D11B
:107B70000020FFF7C7FEA0E71A20FFF7BFFE7F4BEC
:107B80001D680024285D0134FFF786FE0B2CF9D117
:107B90007C4B1D680024285D0134FFF77DFE082C16
:107BA000F9D1794B1D680024285D0134FFF774FE7C
:107BB000072CF9D181E70B20FFF7A0FE694B18884D
:107BC000FFF7A0FE08F098F8FFF79CFE0220FAF7F6
:107BD0004DFB05460420FAF749FB06460820FAF754
:107BE00045FB84002020FAF741FB44EA46042C437D
:107BF00024B244EAC0041020FAF738FB24B244EA65
:107C0000001080B2FFF77EFE604B614C1A88614B1A
:107C10001868614B1B78510001F00201C3F3800327
:107C20000B43C2F3400143EA810302F008010B4316
:107C3000C2F3800143EA0113C2F3801143EA411306
:107C400000F4E0711943C2F3001341EA4321C2F387
:107C5000401341EA8321C2F3002341EAC32100F427
:107C60007F230B4300F480110B43C2F3402100F04B
:107C7000007043EA41530343C2F3802243EA826324
:107C8000464A0020167801250246964205D8FFF79D
:107C900043FE434B93F824050DE714F8011B05FA46
:107CA00001F119421CBF05FA02F108430132ECE769
:107CB000012323800220FFF721FE208859E70223B9
:107CC000F7E74023F5E78023F3E74FF48073F0E70D
:107CD0002023EEE71023ECE70823EAE70423E8E794
:107CE0001220FFF70BFE2F4B2F4D1B88B5F900001C
:107CF000B3F5806F94BF0124082490FBF4F080B2A8
:107D0000FFF700FEB5F9020090FBF4F080B2FFF738
:107D1000F9FDB5F9040090FBF4F0244C80B2FFF7B4
:107D2000F1FD2088FFF7EEFD6088FFF7EBFDA088EE
:107D30001F4CFFF7E7FD2088FFF7E4FD6088FFF7A1
:107D4000E1FDA08815E71020FFF7D8FD194D10249C
:107D500015F8010B013CFFF79FFD14F0FF04F7D16C
:107D6000ABE600BFAC20002060210020C85801080D
:107D7000C2570108CC580108C4580108D45801085A
:107D8000CB570108D0580108D8580108AE20002070
:107D9000A12400203C0F002056240020A024002015
:107DA0003405002072000020EC200020BE230020BB
:107DB000B22300200A210020BC4DBD4E287840008F
:107DC00000F0FE00FFF79AFD00242B78A3427FF617
:107DD00074AE36F8020BFFF795FD0134F5E7B54CAC
:107DE0000620FFF78BFD2088FFF78CFD6088FFF7EA
:107DF00089FDB14B1888BCE60620FFF77FFDFBF735
:107E00003DFAFFF789FDAD4BF4E70420FFF776FD5F
:107E1000002060E20A20FFF771FDA94B4FF6FF72C8
:107E200018880021FAF7D1FB80B2FFF76BFDA54B54
:107E30004FF6FF7218880021FAF7C7FB80B2FFF7F0
:107E400061FDA14B4FF6FF7218880021FAF7BDFBC8
:107E500080B2FFF757FD9D4B4FF6FF721888002147
:107E6000FAF7B3FB80B2FFF74DFD994BD3ED007AE3
:107E7000FDEEE77A652217EE900A0021FAF7A5FBDE
:107E8000C0B2FFF709FD934B042218780021FAF7DE
:107E90009CFBC0B20FE6904C0220FFF72FFD94F838
:107EA0008801FFF7F9FC94F8870104E60220FFF748
:107EB00025FD894B98895CE6884C0B20FFF71EFD59
:107EC00023681878FFF7E8FC23685878FFF7E4FC8C
:107ED00023681879FFF7E0FC23685879FFF7DCFC8A
:107EE00023689879FFF7D8FC2368D879FFF7D4FC8A
:107EF00023689878FFF7D0FC2368D878FFF7CCFC8C
:107F000023685889FFF7FEFC2368187AD3E5744D7F
:107F10002120FFF7F3FC2B681B78022B4FF00004A5
:107F20007AD1DFED708A2B6803EB840393ED090AA5
:107F3000B2EE048A20EE080A0AF04EFEFF2200216B
:107F4000FAF743FBC0B2FFF7A7FC2B6803EB8403EF
:107F500093ED0C0A20EE280A0AF03EFEFF220021D3
:107F6000FAF733FBC0B2FFF797FC2B68DFED5E7AC0
:107F700003EB840393ED0F0A20EE270A0AF02CFE90
:107F8000FF220021FAF721FB0134C0B2FFF784FC85
:107F9000032CC8D1072C2B682CD193ED120A20EEAC
:107FA000080A0AF019FEFF220021FAF70EFBC0B200
:107FB000FFF772FC2B6893ED130A20EE080A0AF013
:107FC0000BFEFF220021FAF700FBC0B2FFF764FCB2
:107FD0002B6893F8503000EE103AB8EE400A0AF0E1
:107FE000FBFDFF220021FAF7F0FAC0B2FFF754FCC4
:107FF0000824CFE723445878FFF74EFC2B6823442E
:10800000187BFFF749FC2B6823440134D87DFFF728
:1080100043FC0B2CBED150E52B6823445878FFF766
:108020003BFC2B682344187BFFF736FC2B6823446A
:108030000134D87DFFF730FC0B2CEDD13DE52F202E
:10804000FFF75CFC294C14F8010B00283FF435AD18
:10805000FFF722FCF7E70120FFF750FC204B1B68DD
:10806000187828E55020FFF749FCDFF87480204E8F
:1080700000250C27D8F8004004EB8504013594F85E
:108080007D3007FB0363187AFFF706FC94F87E0047
:10809000FFF702FC94F87F00FFF7FEFB94F88000E6
:1080A000FFF7FAFB142DE5D107E500BF41250020BD
:1080B000C4210020DE200020D8200020500B00200A
:1080C0007E220020862200208222002080220020A2
:1080D00054110020E125002034050020280500204F
:1080E000300500200000C84200007A44B05A010860
:1080F000E05A01084820FFF701FCCF4F0025062673
:108100003C6806FB0544013594F8D200FFF7C4FB38
:1081100094F8CD00FFF7C0FB94F8CE00FFF7BCFB4E
:1081200094F8CF00FFF7B8FB94F8D000FFF7B4FB4A
:1081300094F8D100FFF7B0FB0C2DE1D1BDE4DFF8DE
:108140000483022700264FF00109DFF8F4A2BB4B9D
:108150001878BB4BAAEB0301884209DC012F3FF4DE
:10816000ACACF0B2FFF7CAFB01274FF00009ECE717
:108170001AF8015B00200C2303FB00F404EB080B4E
:1081800018F80440AC4203D001301C28F3D1DEE7DC
:10819000DBF80400F8F7B4F80546B9F1000F0AD08F
:1081A0000644D4E7DBF80400005DFFF775FB0134FB
:1081B000A542F7DCCBE74C46FAE7A04DA04E287865
:1081C000A04FFFF79BFB00244FF00C082B78A34235
:1081D0007FF673AC16F8010B002308FB03F2D119EC
:1081E000BA5C824204D001331C2BF6D10134EDE796
:1081F000087AFFF751FBF9E7934C1620FFF77EFB57
:10820000B4F83E01FFF77EFBB4F8D000FFF77AFB2D
:10821000B4F8D200FFF776FBB4F8D400FFF772FB96
:10822000B4F88001FFF76EFB0020FFF735FB00205C
:10823000FFF732FB0020FFF72FFB94F83A01FFF71E
:108240002BFB0020FFF728FB7B4B1B68B3F95A0080
:108250000A2390FBF3F080B2FFF754FB94F8290156
:10826000FFF71AFB94F82801FFF716FB94F82A0190
:1082700021E40820FFF742FB0124E0B20134FFF7BC
:108280000BFB092CF9D118E40820FFF737FB6F4EE0
:1082900036F8020B0135FFF735FB042DF8D10CE45D
:1082A000654C0420FFF72AFB2368B3F85E00FFF754
:1082B00029FB2368B3F85C005BE4654C0C20FFF7F6
:1082C0001DFBD4F8AC07FFF727FBD4F8B007FFF786
:1082D00023FBD4F8B407FFF71FFBFFF7EEBB042026
:1082E000FFF70CFBF9F79EFFF5E70620FFF706FB0B
:1082F000554CB4F8E800FFF705FBB4F8EA00FFF7C7
:1083000001FBB4F8EC0034E40520FFF7F7FA514B19
:108310004D4C18886423B0FBF3F0C0B2FFF7BCFAF1
:1083200094F82901FFF7B8FA94F82A01FFF7B4FA94
:10833000B4F82E011DE40720FFF7E0FAFFF7BDBBFC
:108340000120FFF7DBFA404B5879FFF7B4BB3E4CF6
:108350000C20FFF7D3FA94F83801FFF79DFAB4F830
:108360004201FFF7CFFAB4F83E01FFF7CBFAB4F8B9
:108370004001FFF7C7FA94F83901FFF78DFAB4F816
:108380004401FFF7BFFAB4F84601FFF7F2BB2E4CE9
:108390000420FFF7B3FA94F87E01FFF77DFA94F812
:1083A0007F01FFF779FAB4F88001FFF7E2BB2A4EAC
:1083B000254C307800EB4000C0B2FFF79FFA002553
:1083C0003378AB4204F102047FF677AB94F84601B0
:1083D000FFF762FA94F8470100EB800000EB8000A1
:1083E00000F2EE20FFF78EFA0135E9E70120FFF7F2
:1083F00085FA154B93F83A01FFF75DBB0820FFF7AC
:108400007DFA164D002415F8010F0134FFF744FAE8
:10841000082CF8D1FFF751BB0B4C1020FFF76EFA78
:108420006079FFF739FAF9F7FDFEFFF775FA94F86E
:108430003801FFF731FA5CE730050020A024002066
:10844000A1240020E05A0108340500203C2400202B
:1084500000F0FF1F94220020412500206306002029
:10846000FFF7CCF9C0EBC000C0B2FFF747FA404CB1
:10847000002594F99201FFF7C7F9B8B194F8920179
:10848000FFF70AFAB4F89401FFF73CFA94F8960162
:10849000FFF702FA94F89701FFF7FEF994F89901B3
:1084A000FFF7FAF994F89801FFF7F6F90135042D72
:1084B00004F10804DDD1FFF700BB0D20FFF71EFA21
:1084C00000F0EFFD044600F0E5FDFFF7E5F9208838
:1084D000FFF722FAE068FFF71FFA00F0E5FDFAE681
:1084E000FFF7D0F904468420FFF708FA2046FFF78B
:1084F00013FA20468022694600F0B2FE6C4606461A
:108500000025AE427FF7D9AA14F8010BFFF7C4F992
:108510000135F6E71320FFF7F1F9164B1D6800242B
:10852000285D0134FFF7B8F90B2CF9D10020FFF7D3
:10853000F3F96DE4FFF79CF90F4B1880FFF7BDBA14
:10854000FFF7A0F90D4C2060FFF79CF96060FFF782
:10855000B4BA0220FFF7D2F9094B4BE40320FFF72E
:10856000CDF9084B1878FFF7CDF9074B78E500BF38
:1085700034050020D45801080C240020681A00207B
:1085800028000020F7250020A2000020024B014611
:108590001868FDF775BF00BF181000202DE9F347DC
:1085A0000120FFF783F81B4EDFF86C80002460B1D8
:1085B0004C2308E003FB04F906EB090797F84A503F
:1085C00035B10134E4B2022CF4D102B0BDE8F08739
:1085D000037990F9000001950322009258F82330A6
:1085E0002A460121FFF7BCF8824678B1634203F0C6
:1085F0004C030433F018482229460BF0CBFD01232D
:108600001C4446F809A087F84A30E4B20120FFF77D
:1086100029F8CCE7800F00208C5A0108F8B51A22FF
:108620000646FF214648474C0BF0B4FD444A01275B
:10863000002302202770551E02F8013CF9F716FEB0
:1086400038B123789A1CEF543B44DBB222700222EB
:10865000EA540420F9F70AFE20B123785A1C22704C
:108660000322EA540220F9F701FE002861D02378A2
:108670000422EA545A1CD2B20521A954DA1C02334E
:10868000DBB222700622EA542020F9F735FB20B134
:1086900023785A1C22700722EA542B4F7B79082B2F
:1086A00001D00E2B04D123785A1C22700B22EA54DD
:1086B00023785A1C227004200C22EA54F9F71CFB80
:1086C00020B123785A1C22701022EA5423785A1CB5
:1086D00022704FF480601222EA54F9F70DFB38B192
:1086E00097F8B43123B123785A1C22701322EA542C
:1086F0004FF40070F9F700FB20B123785A1C227068
:108700001522EA544FF48070F9F7F6FA20B1237875
:108710005A1C22701A22EA540C4C9822002120463E
:108720000BF038FD3046FFF739FF094B22681A601D
:10873000F8BD0820F9F79AFD002898D1A4E700BFFA
:10874000A2240020A024002034050020800F002057
:1087500018100020024B02681860024B1A60704724
:108760007C0F0020181000202DE9F04FCA4DDFF8D3
:1087700034838BB0002795F84A30012B40F0698292
:108780002846FFF7E7FFC54CC54E2068FDF77BFE86
:10879000002800F052822068FDF778FE336893F8D5
:1087A00048200146052A13D8DFE802F0050B2A2FDE
:1087B0003A411327DFE724294BD1012283F84820CF
:1087C00006E0A1F14D0041424141490083F84810C3
:1087D000336893F84820062AD7D193F84900FFF769
:1087E000A9F8002840F02182D6F8009099F8493085
:1087F0004E2B00F29580222B33D8FFF797F814E226
:108800003C2914BF00220322D8E740294FF0000280
:108810009FBF1A71DA715971997198BF0422CDE71F
:108820009A7983F849104A409A710522C6E71A7965
:1088300093F805C09879944506D948409871501C22
:108840001A4418711172C3E781420CBF062200223C
:10885000B4E798F800305A07BAD42068FEF7F4FF5E
:10886000B6E7233B2B2BC8D801A252F823F000BF58
:10887000F58B0008FB8700087D8E0008FB87000849
:108880008B8E0008FB870008CD8E0008FB87000850
:10889000FB870008FB870008D98E0008FB870008CB
:1088A000FB870008FB870008FB870008FB870008A0
:1088B0008B8F0008FB870008978C0008FB87000857
:1088C000CD8F0008FB870008A78E0008FB870008F3
:1088D000FB870008C38A0008FB870008838A00081A
:1088E000FB870008FB870008978F0008FB870008BC
:1088F000AD8F000839900008FB870008FB8700084F
:10890000FB870008778E0008FB870008B98A0008FB
:10891000FB8700081F8F0008FB8700083B8F0008BB
:10892000F22B5FD8C72B7FF668AFC83B2A2B3FF6E8
:1089300064AF01A252F823F03B8A0008FB870008CD
:10894000DB8A0008FB870008E38C00084D8E0008D6
:10895000618E00086F8D00083D8E0008FB870008BF
:108960000D8A0008318A0008258C0008FB87000862
:10897000D18D0008FB870008FB870008E78D000801
:10898000018E0008FB870008FB870008FB870008B2
:10899000FB870008FB870008FB870008FB870008AF
:1089A000FB870008FB870008FB870008FB8700089F
:1089B000FB870008FB870008FB870008FB8700088F
:1089C000FB870008FB870008FB870008FB8700087F
:1089D000FB8700086B8A0008FB870008FB870008FC
:1089E000258C0008FA2B7FF408AF2E4B1B785B0711
:1089F0003FF503AFF9F7FAF8F9F7A8FB2A4B1B7814
:108A0000002B00F00F81F9F755FD0BE1254B1B788A
:108A10005B0700F10781FEF721FF244B032828BFE5
:108A2000002083F82405F9F7E1F8F9F78FFBF9E066
:108A3000FEF71EFF1E4B1880F4E099F80540252C28
:108A400000F2EE8064080DF1040A4FF00009A14520
:108A500004D3214601A800F0AFFFE3E0FEF708FFD2
:108A600009F101092AF8020BF1E7124CFEF700FFA9
:108A70002368A3F85E00FEF7FBFE2368A3F85C0002
:108A8000D0E0FEF7EBFE094C84F88801FEF7E6FE25
:108A900084F88701C6E000BF800F00201810002076
:108AA0007C0F0020562400209E2400203405002046
:108AB000AA20002030050020FEF7DAFED24B988174
:108AC000B0E0D24CD4F80090FEF7C8FE89F8000060
:108AD00023681878FCF7B8F8A4E0DFF83093D9F8E9
:108AE00000301B78022B4FF000046AD1DFEDC85A2A
:108AF0009FEDC86AF2EE047AFEF7B0FE07EE100AA8
:108B0000B8EE477AD9F80030C7EE276A03EB840342
:108B1000C3ED096AFEF7A2FE07EE100AB8EE477A27
:108B2000D9F80030C7EE256A03EB8403C3ED0C6A65
:108B3000FEF794FE07EE100AB8EE477AD9F8003037
:108B4000C7EE066A03EB84030134032CC3ED0F6AFE
:108B5000D2D1072C1CD1FEF781FE07EE100AB8EE29
:108B6000477AD9F80030C7EE276AC3ED126AFEF7DC
:108B700075FE07EE100AB8EE477AD9F80040C7EE46
:108B8000276AC4ED136AFEF769FE84F850000824D2
:108B9000D9F800A0FEF762FEA2448AF80100D9F8D5
:108BA00000A0FEF75BFEA2448AF80C00D9F800A0F2
:108BB000FEF754FEA24401340B2C8AF81700C8D1EA
:108BC00030E0D9F800A0FEF749FEA2448AF801007F
:108BD000D9F800A0FEF742FEA2448AF80C00D9F8AA
:108BE00000A0FEF73BFEA24401340B2C8AF81700CC
:108BF000E7D117E0FEF732FE1328824610D8834CE7
:108C0000D4F80090FEF72AFE834A0023114692F81A
:108C100008C0844525D001331C2B02F10C02F6D18B
:108C2000FEF784FE0020FEF769FE33689879FEF7B0
:108C300033FE3368002283F84820784B1B7843B119
:108C40002868FEF7F5FDFDF7CFFAF9F731F808F0DF
:108C50000BFB132F05F14C057FF4ABAD0BB0BDE85A
:108C6000F08F0C22534309EB8A09CB5C89F87D30E5
:108C7000FEF7F4FD89F87E00FEF7F0FD89F87F002D
:108C8000FEF7ECFD226889F88000654902F17D005D
:108C9000FEF758FCC6E7FEF7E1FD0B280446BFD8F7
:108CA0005A4BD3F80090FEF7D9FD0328B8D8062315
:108CB00003FB049484F8D200FEF7D0FD84F8CD00C5
:108CC000FEF7CCFD84F8CE00FEF7C8FD84F8CF0097
:108CD000FEF7C4FD84F8D000FEF7C0FD84F8D10093
:108CE000A0E799F80530092B9AD94E4CD4F800A08A
:108CF000FEF7B4FD8AF80000D4F800A0FEF7AEFD40
:108D00008AF80100FEF7AAFD23686428A8BF642042
:108D10001871FEF7A3FD23686428A8BF642058716A
:108D2000FEF79CFD23689871FEF798FDD4F800A02B
:108D3000642828BF64208AF80700FEF78FFD8AF8B0
:108D40000200D4F800A0FEF789FD8AF80300D4F8E9
:108D500000A0FEF78DFDAAF80A0099F805300A2B4D
:108D60007FF660AF2468FEF779FD20725AE7FEF7C0
:108D70007FFD6FF4AF6403199BB2234CC62B98BFE1
:108D8000A4F83E01FEF774FDA4F8D000FEF770FDD4
:108D9000A4F8D200FEF76CFDA4F8D400FEF768FD3D
:108DA000A4F88001FEF75AFDFEF758FDFEF756FDC8
:108DB000FEF754FD84F83A01FEF750FDFEF758FD2A
:108DC000124B00EB80001B684000A3F85A0029E713
:108DD000DFF864900024FEF74BFD0134082C29F8DD
:108DE000020BF8D11EE7104B1B78002B7FF41AAF53
:108DF000FEF73EFD0D4B18700D4B01221A7011E766
:108E0000FEF736FD0B4B16E634050020300500203A
:108E10000000C84200007A44E05A01089F24002064
:108E20000406002028050020F6250020F725002054
:108E3000A200002028000020F2200020814B1B7897
:108E400058073FF5EFAEF8F769FFEEE57D4B1B786D
:108E500059073FF5E7AE4FF47A7001F0E1F9E1E62A
:108E6000784B1B785A073FF5DDAE774A137843F00D
:108E700004031370D6E600F001F9D3E6F9F7CCF954
:108E8000FEF700FDF8F742FFCCE6FEF7F1FC6F4C71
:108E9000A4F8E800FEF7ECFCA4F8EA00FEF7E8FC12
:108EA000A4F8EC00BEE6FEF7D9FC684C84F8280173
:108EB000FEF7D4FC84F82A01FEF7D0FC84F82901DF
:108EC000FEF7D6FC624BA4F82E0196E7FEF7C6FC2F
:108ED0005E4B83F82B01A5E6FEF7C0FC5B4C84F8E3
:108EE0003801FEF7C5FCA4F84201FEF7C1FCA4F866
:108EF0003E01FEF7BDFCA4F84001FEF7AFFC84F88C
:108F0000390199F80530082B7FF68CAEFEF7B0FCDE
:108F1000A4F84401FEF7ACFCA4F8460182E6FEF793
:108F20009DFC4A4C84F87E01FEF798FC84F87F0192
:108F3000FEF79EFCA4F8800174E699F80540382CF1
:108F40003FF66EAEDFF804914FF0000A4FF0190BB8
:108F50000323B4FBF3F4A24509F10209BFF462AEA6
:108F6000FEF77CFC89F84601FEF782FC40F6CA0257
:108F700040F2EE21F9F729FB0AF1010AA0F2EE20F6
:108F800090FBFBF089F84701E5E7FEF767FC2F4B04
:108F900083F83A0146E6DFF8C4900024FEF75EFC51
:108FA0000134082C09F8010FF8D13BE6FEF756FC16
:108FB000F9F732F9FEF766FCF8F7A8FEFEF74EFC6B
:108FC000224C84F83801FEF753FC61E799F805302C
:108FD0000722B3FBF2F2C2EBC2015B1ADBB2002B39
:108FE0007FF41EAE5FFA82F909F1FF325FFA82F96F
:108FF000B9F1FF0F3FF416AEFEF730FC44B2204645
:10900000FEF790FB824600283FF40AAE0470FEF79C
:109010002FFCAAF80200FEF721FC8AF80400FEF7F4
:109020001DFC8AF80500FEF719FC8AF80700FEF718
:1090300015FC8AF80600D7E7064B4FF480421A85E4
:10904000054BDAE656240020552400203405002084
:109050009E240020000800489F2400206306002072
:109060007047704770470000024A00231370024A9D
:1090700013707047BD240020BC24002008B507F001
:10908000D9FAFFF7F1FF024B00221A6008BD00BFBA
:109090001C10002007F028BA08B507F045FBC0688F
:1090A00008BD07F041BB0000074B1878074B1B7841
:1090B000984296BF181AC0F1800000231844044B50
:1090C0001B681844704700BFBC240020BD2400204A
:1090D0001C1000207FB5FFF7DFFF0026C40AA64260
:1090E00002DBE00204B070BD351905EBD5756D10DB
:1090F00010226946E80207F0E7FA0F28F1DD6A4618
:10910000002352F8041B013104D10133042BF8D1A0
:109110002C46E4E76E1C2546FAE7000008B5FFF789
:10912000BBFF034B1B68834234BF0020012008BDF6
:109130001C1000202DE9F04F85B01C4601EB820386
:109140000093019089460B464FF0000A53F8042B18
:109150009244009A9342F9D1002C52D107F0C4F9FD
:1091600000284ED1204605B0BDE8F08FDBF80000A6
:1091700007F072FA019EC8462B46424658F8041B77
:10918000002938D09942306828D3194603920293B7
:1091900007F08AFA3168029B039A1944316011681A
:1091A000C91A116007F088FADBF800302B447F1BE6
:1091B000CBF800307CB177B19BF80050EB19B3F5D8
:1091C000807F8CBFC5F580753D46FFF7A7FF00285F
:1091D000CCD0FFF749FFAAEB0700C4E7029307F0E2
:1091E00063FA58F8041C3268029B0A443260002279
:1091F0005B1A48F8042C009A904506F10406BCD18D
:10920000D0E7DFF808B05746D5E700BF1C100020B4
:109210001FB5104B104A1B781278934216D00F4995
:1092200003EB010096BFD31AC3F180030022CDE9FE
:109230000001CDE9023202A9012302226846FFF7AC
:1092400079FF05B05DF804EBFFF70EBF05B05DF8E0
:1092500004FB00BFBC240020BD240020BE2400204D
:10926000F8B5871805460E461446FFF715FF8742E6
:1092700002D9FFF711FF441BFFF7CAFF2246314610
:109280002846BDE8F84007F01FBA000010B5FFF708
:1092900003FF30B1FFF71EFF0446FFF7B9FF014B94
:1092A0001C6010BD1C1000200020704710B5124C2F
:1092B000226802EB4003197E29B1022911D00F4B1D
:1092C00033F810000CE0022809D90328F7D14FF435
:1092D0008050F8F711FD60B12368D88900E0D0898B
:1092E00010BD587E00EB800000EB800000F2EE2005
:1092F000F6E74FF49660F3E720100020C421002029
:10930000014B1860704700BF20100020031D4FF470
:109310007A7114304FF4FA6223F8041C23F8022CFB
:1093200004338342F8D1704708B5037A062B0ED870
:10933000DFE803F0041418212A3333001B4B45F2F5
:10934000F0521A801A491B4A00F0E2FD28B90820A1
:10935000F8F7A4FE174B184A1A6008BD134B42F6E3
:10936000F822EEE7114B124942F6F8221A80114A10
:1093700000F08EFBEAE70D4B0D4942F6F8221A8009
:109380000C4A00F0B1FCE1E7084B094942F6F8222B
:109390001A80084A00F030FDD8E7044B044942F631
:1093A000F8221A80034A00F07FFECFE7C221002096
:1093B000412500206C000020A99200082DE9F84307
:1093C000394BDFF8F8801860384BDFF8F490002252
:1093D00004460F461A70F8264546022E97BF238A88
:1093E000E38964339BB228F8023BFDF78FF801361E
:1093F000F6B200F516700A2E49F8040BEDD14FF4C1
:109400008050F8F779FC00283DD0E389EB8039469D
:1094100007F150000B7883B98A78CB789A420CD246
:109420009AB3013A02EB820202EB820202F5617208
:1094300093B24A78043225F8123004318142E9D1DE
:109440000820F8F759FC10B12046FFF76DFF4FF4E4
:109450008040F8F751FC20B1154A1649204600F02B
:10946000CFFA0120F8F748FCB8B1134B1049114866
:1094700044F620621A8000F07FFA0E4A1378043B0B
:109480005370BDE8F883A38AC0E7013303EB83037D
:1094900003EB830303F56173CBE74FF40050F8F758
:1094A0002BFC0028E1D1E8E7201000204025002017
:1094B0006C00002041250020C2210020C421002092
:1094C00024100020037A062B0FD8DFE803F00404F1
:1094D00006080A0C0C0000F05BBD00F009BB00F0B0
:1094E00023BC00F0A9BC00F091BE00207047000032
:1094F000014B1878704700BF46250020014B1878B3
:10950000704700BF4525002008B5FCF7E5FF074B75
:1095100000F5B71000F558701860054B0548022299
:109520001A70BDE80840FAF763B800BF6C1000205D
:109530004325002060E3160008B5FCF7CDFF044B7F
:109540001860044B02221A70BDE80840FAF75CB8B4
:109550006C1000204325002038B5374D2B78044689
:1095600043B1364B1B68C31A002BA1BF344A0023FA
:109570002B70137042F20100F8F7BEFB08B9314BB3
:1095800018700820F8F7B8FB98B12F4B1868FFF750
:1095900099FFC3070DD52B4B01221A702B4BC0F33B
:1095A00040001870504004F5C333244A2870A0339B
:1095B00013604FF48040F8F79FFB90B100F018FA69
:1095C000204B187050B101232B70204B00221A70D1
:1095D0001A4A04F5F42303F5907313601C4B2A78A0
:1095E0001A700120F8F788FB90B107F0CFFA144DFC
:1095F00058B101232B70174B00221A700F4A04F543
:10960000C333A033136007F0CDFA114B2A781A70D8
:109610004FF40050F8F770FB68B107F0D3FA50B17F
:10962000074B01221A700B4B00221A7004F5C33449
:10963000024BA0341C6038BD46250020701000206D
:109640004525002047250020201000207100002023
:109650005424002070000020044A0346107820B9EA
:10966000034A12689B1AD843C00F70474725002051
:10967000741000202DE9F04F774A00F59C43203309
:1096800085B01360754B1C78002C71D0744A126839
:10969000824201D2013C1C7005B0BDE8F08F072D5D
:1096A0009CBF3368595D6F4B88BF29461B68404695
:1096B0009847032D034617D8B0B1336803EB8503F1
:1096C000DA8F998F4FF4FA6300934FF47A73F8F7B7
:1096D000EDFF40F2EE239842B8BF184640F6CA03A9
:1096E0009842A8BF184683B25F4A22F81530013469
:1096F00098F80030E5B2AB42D1D842F20100F8F759
:10970000FBFA80F00106FCF701FFF6B2574B8246E8
:1097100036B9574A12781A70564A1178564A11705B
:109720001D781DB1544B1D7885F00105534BDFF8B2
:109730006C91534FDFF868B10F221A70494600242C
:1097400098F800309C4217DB4C4B1B780F2B4D4B8D
:109750000CBF012200221A706BD14B4B1B685B01BE
:1097600067D4F9F75DFF494A13780133137093E723
:10977000DFF83081464EBBE7002D40D03A4B33F93D
:10978000143098B2424B1B689A8A824239D8DB8ADD
:10979000834236D30AF51673CBF8003003B23EBBD2
:1097A0003A4A10780322B0FBF2F202EB420204EBD9
:1097B000440E821A5EFA82F2DFF8C4E02EF812300C
:1097C000344A92F800E04FEA440CBEF1000F03D196
:1097D00002280DD9012313703A887B881344BA8874
:1097E00013442D4A1BB222F80C30032293FBF2F3F0
:1097F00021F8023B013406370BF1040BA0E72B469E
:10980000BFE7DBF800309A4501D20888C6E7E0B22E
:109810000391FFF74BFD032C0399BFDCDFF85CC01D
:1098200001229CF80030A24023EA02038CF80030A9
:10983000B4E7104A012313700F4A1370F9F700FFC1
:10984000002498F800309C428DDAE0B2FFF72EFD3C
:10985000013429F8020BF4E774100020432500209E
:109860006C1000206C000020E8210020462500201C
:109870004525002070000020710000203F250020B9
:109880007A210020442500203C0F002040250020A4
:10989000201000203E25002062210020C42100204D
:1098A00024100020412500202DE9F843DFF8308006
:1098B00004460F46054608F108092E4615F8011B17
:1098C00009B9BDE8F88306480AF0B2FC0028F4D0D4
:1098D00048453EBFA0EB0803361BFE54EDE700BF32
:1098E000305C010808B5134B13491A68937A013BA1
:1098F00031F91300137B1BB1C0F53B60083000B297
:109900004FF47A720021A0F57A70F8F75EFE07EE48
:10991000100ADFED0A6A0A4BB8EEC77AC7EE267A5C
:109920009FED087A67EE877AFCEEE77A17EE902AC9
:109930001A8008BD20100020C421002000007A44B5
:109940000C22002000C07F44044B1B689B7A0BB1A3
:10995000FFF7C8BF4FF40040F8F7CEB92010002041
:10996000014B1B8803807047C2210020084607F086
:1099700097B9084607F09AB938B505464FF4005034
:109980000C46F8F7B9F918B108232B70054B236082
:109990000120F8F7B1F918B10C232B70024B2360AA
:1099A00038BD00BF739900086D990008014B33F86A
:1099B000110070470E2200200B4A30B500231446D8
:1099C0008B4206DB0023122909D1084B01221A70B1
:1099D00030BD30F8135022F8025B0133F0E724F871
:1099E00011300131EFE700BF0E2200204825002092
:1099F000024B187808B100221A70704748250020E1
:109A000012230B700AB1014B13607047AD99000827
:109A1000094BDFED0A7A03EB810393ED007AB8EE90
:109A2000477AF6EE046AE7EE267AFCEEE77A17EE5E
:109A3000903A98B2704700BF7C10002000005C4450
:109A400038B50446FCF748FD0D490E4D0B6840F64D
:109A5000AC52C31A93420C4AC4BF0023137013784C
:109A6000EC5413B90F2C09D108600133DBB2137029
:109A7000192B064B0CBF012200221A7038BD00BF03
:109A8000781000204A250020492500206325002069
:109A9000C38913B5124C0A201B01B3FBF0F300205D
:109AA000A3F5B0630130122844F8043BFAD10AB19F
:109AB0000C4B136012230B704020FDF7F7FD68B1CB
:109AC0000123072290F900004021CDE90032064B26
:109AD000064AFDF745FE003818BF012002B010BD50
:109AE0007C100020119A0008A0860100419A00080D
:109AF0004A4B187810B5002800F08F8000221A70A9
:109B0000474B484A9C78597804F0070041EA002105
:109B1000D878116000F03F01490141EAD401516059
:109B20001979890041EA9011587900F0010441EA5D
:109B300084219C79916004F00F01C90141EA500130
:109B4000D879D16000F07F01090141EA1411116157
:109B5000197A5C7A490041EAD01104F0030041EA25
:109B60004021987A516100F01F01890141EA940176
:109B70009161D97A5C7BC90041EA5011D161197BAE
:109B800004F0070041EA0021987B116200F03F01D8
:109B9000490141EAD4015162D97B890041EA90111F
:109BA000187C00F0010441EA84215C7C916204F09D
:109BB0000F01C90141EA5001987CD16200F07F0198
:109BC000090141EA14111163D97C1C7D490041EA65
:109BD000D01104F0030041EA4021587D516300F0A8
:109BE0001F01890141EA94019163997DC90041EA0D
:109BF0005011D163D97D40F2147311F0010F0CBFE5
:109C0000AD20184611F0020F08BFAD2311F0080F68
:109C10001064536414BF0320012010BD632500208D
:109C20004A2500207C100020024B33F81100C008A8
:109C3000704700BF3422002010B50446FCF74CFCEE
:109C40002349244A0B680860C31AB3F57A6F84BFAE
:109C500000231370137843B9A82C2FD11E490B7021
:109C60001E490B801E49CC5406E0022B02D11D492F
:109C70000C70F7E7242BF5D91A4909780133DBB2C8
:109C80000231B3EB410F13704FEA410017DA134969
:109C9000088880EA042080B2082341F2210402B23D
:109CA000002AB4BF84EA4202400003F1FF33B4BF8C
:109CB00090B280B213F0FF03F1D1088010BD411CB7
:109CC0008B42FBD100231370034B01221A70F5E77E
:109CD000C4100020642500208B25002032220020A3
:109CE000662500206525002007B50AB10C4B1360DE
:109CF00010230B704020FDF7D9FC70B10123002226
:109D000090F900004021CDE90032064A4FF4E133DA
:109D1000FDF726FD003818BF012003B05DF804FBF5
:109D2000299C0008399C0008174B1A7870B59AB125
:109D3000164817490488174800221A700B7800EB60
:109D40004302D578127942EA0522944204D1407840
:109D5000012804D0812801D0002070BD0320102BE1
:109D600088BF10230B4A0C4D88BF0B700021CCB26A
:109D7000A34202F10202F0D95678947844EA06240C
:109D800025F8024B0131F2E78B250020322200201A
:109D900065250020662500203422002007299ABF6F
:109DA000024B33F821000020704700BFCC10002088
:109DB00010B50446FCF790FB0B4A0C491368106081
:109DC000C31A41F288329342094A84BF00231370B8
:109DD0001378142BCC540BBF064B013301221370A4
:109DE00008BF1A7010BD00BFC81000208D250020CC
:109DF0008C250020A225002007B50AB10C4B13606A
:109E000008230B704020FDF751FC70B101230022A4
:109E100090F900004021CDE90032064A4FF4E133C9
:109E2000FDF79EFC003818BF012003B05DF804FB6D
:109E30009D9D0008B19D0008144B1A7810B51AB307
:109E400000221A70124B1A78A82A1DD1DA7CDAB9CE
:109E500010489FED116ADFED116ADC78197901EB8A
:109E6000042107EE901AB8EEE77A0132C7EE067ABF
:109E7000082A03F1020377EEE67AFCEEE77AE0ECDB
:109E8000017AEAD1012010BD0020FCE7A2250020C4
:109E90008D250020CC100020CDCCCC400080BB43D1
:109EA00010B50446FCF718FB0B4A0C491368106008
:109EB000C31A41F288329342094A84BF00231370C7
:109EC0001378E4B20F2BCC540BBF064B01330122A5
:109ED000137008BF1A7010BDEC100020A4250020DC
:109EE000A3250020B525002003788B420AD9064B14
:109EF00053F82100054B1B7803B1400800F577703B
:109F000080B2704700207047F0100020B425002078
:109F100013B5194B1960037A1BB3012B09D11748EC
:109F200003240470164807240470164803700C2399
:109F30000B700AB1144B13604020FDF7B7FB70B1F2
:109F40000123002290F900004021CDE900320F4AA0
:109F50004FF4E133FDF704FC003818BF012002B0D4
:109F600010BD064802240470054803240470054807
:109F700003700723DCE700BF20110020B725002075
:109F8000B6250020B4250020E99E0008A19E000807
:109F9000134B1878F0B508B300221A70114B124910
:109FA0001E78124B124C1B681F78124B93F800C09E
:109FB00002228B5C334103F00F039F420AD90B2B23
:109FC00008D8501C8D5C085C05EA0C0500EB0520E8
:109FD00044F823000232102AEBD10120F0BD00BF6B
:109FE000B5250020B7250020A42500202011002041
:109FF000F0100020B625002003788B4286BF024B6C
:10A0000033F811000020704754220020002222491A
:10A0100070B5134641F2210684180C5D83EA0423CF
:10A0200008241DB2002DB4BF86EA45055B0004F18B
:10A03000FF34B4BFABB29BB214F0FF04F1D10132D4
:10A04000192AE9D100F119028C5C00F11A028A5C2C
:10A0500002EB042292B29A420CD1104B104C1A78A7
:10A0600000EB4202D2B24FF4AF65904203D10D4BE8
:10A0700001221A7070BD431CDBB20230CE5C01338A
:10A08000C0B2CB5C03EB06239BB26B431B1303F5FF
:10A09000487324F8023BE8E7B8250020DA250020C1
:10A0A00054220020DE25002073B5007A05281CD03C
:10A0B000062817D1164C21250C23164E0B700021B3
:10A0C0003170154E3170154E317015490D701549AE
:10A0D0000B70154B18700AB1144B13604020FDF73C
:10A0E000E5FA30B9002002B070BD1B254FF4E13411
:10A0F000E2E70123002290F900004021CDE900327F
:10A100000B4A2346FDF72CFB003818BF0120EAE775
:10A1100090D00300DE250020DD250020DC25002076
:10A12000DB250020DA250020D9250020F99F000832
:10A130005DA1000802460823084682EA000141F3B7
:10A14000000121F07301013B81EA500113F0FF038C
:10A15000C8B24FEA5202F0D1704700002DE9F04139
:10A160000446FCF7B9F9234A234D1368234E1060C7
:10A17000C31AB3F5FA5F82BF00232B7033702B78BC
:10A1800053B9A12C08D1012232701D4AE4B2D45433
:10A190000133DBB22B7002E03278002AF5D1194A84
:10A1A00014789C4208D1184B1B78052B06D0062B3F
:10A1B00007D0002333702B70BDE8F0810020FFF73B
:10A1C00025FFDFF83C8098F801301E2BF1D10027E5
:10A1D0003846013CA74207DB18F804309842E8D122
:10A1E0000320FFF713FFE4E718F80710FFF7A2FFBB
:10A1F0000137EFE724110020DC250020DD250020B9
:10A20000B8250020DB250020D9250020034B187835
:10A2100010B100221A700120704700BFDE25002017
:10A22000014B1880704700BF76220020024B18882F
:10A23000B0FA80F0400970477622002000230380A6
:10A2400043807047214BDFF898C01968204B2DE9F7
:10A25000F041204C8D1E01F104081E460022278883
:10A26000BCF900E02CF8022BB7F57A7F08BF1A6022
:10A270001F68774443F8047B25F8022F4545EED14B
:10A280002388012B1DD133684FF47A7503F5FA73D7
:10A2900093FBF5F30B80736803F5FA7393FBF5F307
:10A2A0004B80B36803F5FA7393FBF5F30A4D2D88E1
:10A2B0005B1B8B8002804280F7F794FF074B642280
:10A2C0001A602388013B2380BDE8F08144110020FF
:10A2D000341100207622002072000020B00D0020F2
:10A2E000782200202DE9F041354D2B88322B044691
:10A2F00043D1344B1A68344B1188198051889288A5
:10A3000059809A80314B02881A8042885A80DFF83F
:10A31000B4802F49D8F800202E4E901E02F1040C74
:10A3200000232F88322F08BF0B60B6F900700A682F
:10A3300026F8023B174441F8047B20F8023F6045B1
:10A34000EFD12A88012A14D123490B70234B0C200A
:10A350001A70FCF7EFF91C4AD8F800301188198000
:10A360005188928859809A80184B1A885B8822807D
:10A3700063802B88013B2B8001E0002BC7D1184B59
:10A380001A78D2B100221A700E4B1968104B322085
:10A390001D6895FBF0F50D805D689B6895FBF0F5F9
:10A3A00093FBF0F30F484D8000881B1A8B802280AE
:10A3B0006280BDE8F041F7F715BFBDE8F08100BF4E
:10A3C000A420002044110020702200206C220020D4
:10A3D0002811002078220020482400204A24002050
:10A3E0004924002072000020064B01881A88521A66
:10A3F0001A8041885A88521A5A8081889A88521A3B
:10A400009A80704778220020104B10B55B68044694
:10A410000F489847C0B10F4B0D491A78084600F015
:10A42000CDFB0D4B1B8813B12046FFF70BFF04201B
:10A43000F7F762FC10B12046FFF754FF074BBDE869
:10A4400010401868FFF7D0BF10BD00BF48110020B2
:10A4500078220020DF2500207622002044110020F1
:10A46000014B1860704700BF44110020014B186079
:10A47000704700BF40110020F8B5284D2E78012EFE
:10A48000044616D0022E38D06EBB254A1378122807
:10A4900043F00103137026D8224B1B781BB3012312
:10A4A00003202B70F7F7F4FE0820BDE8F840FCF716
:10A4B00041B91B4A1378082823F00203137009D806
:10A4C000022304202B70F7F7E3FE0320F7F7EAFEE0
:10A4D0000720EAE71628144F06D90320F7F7E2FE13
:10A4E00000232B703B70F8BD0820FCF723F90E2CDD
:10A4F00001D80223F6E73E70F5E7094A13780C28E5
:10A5000023F002031370E3D9012303202B70F7F724
:10A51000BFFE0420F7F7C6FEC6E700BFE225002015
:10A5200056240020B5000020E125002008B50D4B81
:10A530000D4918600D4B0E4803221A703222F8F7AD
:10A540008DF90C490C483222F8F788F90B490C4870
:10A550001422F8F783F9BDE808400A490A480A229C
:10A56000F8F77CB9A811002036230020E22500204E
:10A5700098110020D222002088110020AA22002059
:10A580007811002096220020681100202DE9F0416A
:10A5900006F040F901462F48DFF8DC80F8F76CF947
:10A5A0002D4BA8F800001A78032A42D10A283ED978
:10A5B00000221A70294B2A4C1A682A4FD38823800C
:10A5C0001378294D294E03EB830303EB83039B0090
:10A5D0003B802B785178927803EB830303EB830362
:10A5E0009B0011FB03F112FB03F3214A3180282069
:10A5F0001380FBF7DCFFB8F800303988208864222C
:10A60000B1FBF2F2B3FBF2F20132082A03EB83034F
:10A6100028BF082203EB83032A709B0032889BB279
:10A620009B1A4343891A93FBF1F3124A1380BDE846
:10A63000F0810A28FBD803221A700B4A00231370FA
:10A640000B4A1380094A1380064A1380044A138078
:10A65000EBE700BF98110020E2250020A8110020A0
:10A660008E220020942200208400002090220020CE
:10A67000922200208C2200208A22002037B50D462D
:10A680005449554B0A787AB918600124534B0C7021
:10A6900000200021C3E90001514B1A80514B1A8858
:10A6A000514B1A8003B030BD1C681860041BB4F510
:10A6B0007A7FF7D306F0BCF881B24C48F8F7DCF8A3
:10A6C0004B4A03461080002864D007EE900AF8EE4B
:10A6D000E76AF2EE047A86EEA77A464A9FED466A6A
:10A6E000C7EE067AFCEEE77ACDED017ABDF80430CC
:10A6F0001380424AD2ED006A002D3ED0B3F57A7F36
:10A700003BD33F490988884237D9401A07EE900A5F
:10A71000F8EEE77AB3EE045AF4EEC57AF1EE10FAE9
:10A720002BD407EE103ADFED375ADFED374AB8EE9B
:10A73000477A27EE257AC7EE245AF4EEC55AF1EE91
:10A7400010FA1AD487EEA57ADFED307AB4EEE77A04
:10A75000F1EE10FA08D4DFED2E7AB4EEE77AF1EEDE
:10A7600010FAD8BFF0EE477A77EEE67A294BE7EE9B
:10A77000866AC2ED006AC3ED006ABDF8043007EED8
:10A78000903AF8EEE77A67EEA67AFCEEE77A17EEF3
:10A79000903A9BB2204A13804FF47A72B4FBF2F4E1
:10A7A0000E4AD2E90001E3FB0401C2E900010023E3
:10A7B0001A4AF5F711FE4FF6FF73984228BF184664
:10A7C000074B094A80B21880064B1B881B1A13805E
:10A7D00068E700BFE025002064110020D0040020BD
:10A7E000822200208C22002080220020881100205C
:10A7F00088220020862200206F12033B7C0000206C
:10A800008A2200200000C84200007A443333733F9C
:10A810006666863F800000208422002080EE36009D
:10A820002DE9F0432DED028B83B00646DDF8309024
:10A830000F4690461C464FF4FA624FF47A71484630
:10A84000F7F7C3FE002C00F0E78040F27D43994506
:10A8500040F3E2804FF4E173A0F57A755D434FF465
:10A860007A73B5FBF3F54FF40060F7F745FAD8B10A
:10A87000D4B140F27D43994516DDF71BC82F13D89C
:10A88000A6EB0806C82E0FD8A04B1B8864214B43AB
:10A89000B3F57A7F08D314226A43B2FBF1F24FF486
:10A8A0007A71B3FBF1F3D518994E9FED9A8A9A4FBE
:10A8B0004FF42F7200212846F7F787FE338864256E
:10A8C00005FB03014FF6FF73994228BF194689B271
:10A8D0009248F7F7D1FF924A33881288DFED916AE8
:10A8E000914E05FB032307EE903A07EE100AF8EEAF
:10A8F000E77AB8EEC77A67EEA67ADFED8C6A8C4D00
:10A90000E7EE267A29886439FCEEE77A4FF4006096
:10A9100017EE903A9AB2531A07EE903A854B32806E
:10A920001B885B1A07EE103AF8EEE77AB8EEC77AA2
:10A9300067EE887AC7EE876AC7ED006AF7F7DCF939
:10A94000D7ED005A002800F0D6807B4B1A88002AE9
:10A9500064D07A4B1B889A4267D907EE903A07EE8B
:10A96000102AF8EE677AB8EE477A67EE887AC7EE73
:10A97000876AF2EE0E7AF4EEE76AF1EE10FA59D930
:10A98000DFED6F7AF4EEE76AF1EE10FAF0EE667A38
:10A9900053DB9FED6C7A6C4B3288C3ED007A6B4BC6
:10A9A0001B889A4200F2AE802988A1F16300904290
:10A9B000C6BF03F16402521A9A1A92B20C2064398B
:10A9C00042435B1A07EE902A06EE103AF8EEE77A59
:10A9D000B8EEC66A87EE865AF3EE097A35EE276A34
:10A9E000B4EEC76AF1EE10FA40F18C8037EE457A8A
:10A9F00034B3B4EEE77AF1EE10FA21DDF1EE007A2D
:10AA000037EE677ADFED527AB4EEE77AF1EE10FABC
:10AA1000D8BFF0EE477A1AE0002524E7DFED4D7A43
:10AA2000F0EE676AB3EE0E7AB5E7F0EE487AF0EE34
:10AA3000486AAEE7F0EE667AF4E79FED477AAAE758
:10AA4000F3EE047AB4EEE77AF1EE10FADAD5434B7E
:10AA500093ED005AB0EE006A35EE067AB4EEE77A6E
:10AA6000F1EE10FA0AD437EE867AB4EEC75AF1EE58
:10AA700010FACCBF35EE467AB0EE677A78EE477AB8
:10AA800083ED007A67EEA57A354B364983ED007A7F
:10AA9000E6EE877A0B7887EE887AB4EEC87AF1EE24
:10AAA00010FAC8BFB0EE487AFCEEC77ACDED017A55
:10AAB0009DF80420CCB19A42104628BF18469A420D
:10AAC00004D21A1A022A01DD023BD8B207EE900A1C
:10AAD000254B0870F8EE677AC3ED007A03B0BDEC41
:10AAE000028BBDE8F043FFF7C7BC581C8242CCBFC5
:10AAF000C0B21046EAE7FCEEE57ACDED017A9DF8AA
:10AB00000400EBE7002C3FF47DAF77E786220020BE
:10AB10008A2200200000C8425C1100207811002029
:10AB2000882200206666263F7E2200203333B33E13
:10AB300090220020942200208E22002080220020DB
:10AB40000000AA4200008C425811002092220020EE
:10AB5000000096420000000000005C4278000020E7
:10AB60006011002074000020541100201FB504461D
:10AB7000B0F9000028B9B4F9023013B9B4F90430BF
:10AB8000B3B10C4B00221A70F7F784FDB4F9020040
:10AB90008DED010AF7F77EFDB4F904008DED020A90
:10ABA000F7F778FD04498DED030A01A8F7F789FD51
:10ABB00004B010BD85000020AC11002038B52DED8B
:10ABC000048B404B0C460168196081889980023AD9
:10ABD000062A05D8DFE802F050555A5F686C71000C
:10ABE0001A8822805A886280B3F90430364AA380DA
:10ABF0001278002A3DD1B4F90020344D09EE102A14
:10AC0000B4F9022095ED030AD5ED007A08EE902AFA
:10AC1000F8EEE88AB8EEC99A28EE800AA7EE890A0B
:10AC200007EE903AB8EEE78AD5ED067AA7EE880AE5
:10AC300007F0D2FF95ED040AD5ED017A208028EEC9
:10AC4000800AA9EE270AD5ED077AA8EE270A07F0B1
:10AC5000C3FFD5ED057A608028EEA70AD5ED027A0C
:10AC6000A9EE270AD5ED087AA8EE270A07F0B4FF67
:10AC7000A080BDEC048B38BD5A8822801A885242CD
:10AC8000B1E71A88524222805A88F8E75A8852421D
:10AC900022801A88A7E71A88524222805A88628046
:10ACA0009B885B421BB2A1E75A8822801A88F6E78C
:10ACB0001A8822805A885242F1E75A8852422280EA
:10ACC0001A88F8E79A23002085000020AC110020A4
:10ACD00008B5034B1B689847024B01221A7008BD48
:10ACE000E0110020E32500202DE9F0476B4B6C4F6D
:10ACF0001B683A689A1A002A05460E46C0F28B80F5
:10AD000007EE903A9FED677A674A684C1360F8EE59
:10AD1000677A674B77EE877A5B68FCEEE77A2046C6
:10AD2000C7ED007A9847634B21461A782046FFF713
:10AD300045FFDFF8A0E160499EF8003013F0040FF2
:10AD40001FD03A685D480A6000222A80DFF87CC183
:10AD500002705B486A80B4F90080AA80B4F90420CC
:10AD6000ACF80080A0F8008023F00403B4F902805E
:10AD7000ACF80280A0F80280ACF8042082808EF843
:10AD80000030D1F800C0BCF1000F1CD038684D4F26
:10AD90004D4AA0EB0C000023B84213703DD8434F3E
:10ADA0004A48474937F9022B30F902CB624531F95D
:10ADB00002CBB8BF20F8022C01336245C8BF21F88E
:10ADC000022C032BEED1424B1B7823B32B88208817
:10ADD0006A88A188C01A63889B1AAA88891A9BB2BC
:10ADE00089B26380A180728880B212FB03F2B388BB
:10ADF000208013FB01F3318811FB00F112B20A200D
:10AE00001BB209B292FBF0F291FBF0F193FBF0F36D
:10AE100021806280A380BDE8F087DFF8BCC0DFF846
:10AE2000AC80DFF89CE00B60A81E05F104096746C2
:10AE300038F902AB3EF9023B0AEB030101EBD17199
:10AE4000491020F8021FA3EB0A0303EB83034845D4
:10AE50002CF8023BECD1B7F90210B7F90000B7F9B2
:10AE600004C0431863444FF00A0C0CFB03F301EBDE
:10AE7000410193FBF1F17180B7F9041000EB400040
:10AE800001EB410193FBF0F093FBF1F33080B380D1
:10AE900001231370F7F7A6F995E700BF140500200A
:10AEA000D4110020003EC647D8110020B223002054
:10AEB000E0110020E4250020D0110020E52500202D
:10AEC000A62300207FC3C90186000020AC230020F8
:10AED000E325002055240020A0230020014B18600A
:10AEE000704700BF40120020014B1880704700BF20
:10AEF000C4230020024B1888B0FA80F04009704744
:10AF0000C42300202DE9F84F3D4B3E485B683D4C83
:10AF10002DED028B9847002855D03B4B3B4D1A78BE
:10AF20003B4F21462046FFF749FE2B88002B3ED0A1
:10AF3000384BDFF8ECB01B681B7808EE103AA046DF
:10AF4000B9460026344B142202FB063A2B88B3F58F
:10AF50007A7F05D10023CBF800305046F7F751FB3C
:10AF6000B8F90010DBF8003007EE901A0B444BF8EC
:10AF7000043BB8EEE70A5046F7F746FB4FF00003F4
:10AF800028F8023B29F8023B2B88012B29D1504697
:10AF9000F7F778FB18EE103ACBB1F8EEC87AB4EEBA
:10AFA000E70AF1EE10FA12DD4FF47A732B80238852
:10AFB0003A889B1A23807A8863889B1A6380BA88B0
:10AFC000A3889B1AA380BDEC028BBDE8F88F5BF8C9
:10AFD000043C4FF47A7103F5FA7393FBF1F329F80B
:10AFE000023C0136032EADD12888012804D1FBF79D
:10AFF000A1FB0A4B64221A602B88013BD6E700BFF5
:10B0000030120020BE230020E6250020C4230020AB
:10B01000B823002040120020E8110020B00D0020CD
:10B0200024120020084B094810B500221A7004F0C1
:10B030000BFD044628B1064B082201201A70F7F7D1
:10B040001FF9204610BD00BFE62500203012002069
:10B050008700002003780BB1054A137043780BB1C9
:10B06000044A137083780BB1034A1370704700BF12
:10B07000E6250020DF250020E42500202DE9F84FFB
:10B0800000242D4F81468A462C48BC602146164636
:10B0900010221D46C7E9004409F07CF8204604F060
:10B0A0004FFBFFF7BFFF8046002837D0244B40F20C
:10B0B000FD2B092E1C700BD82BFA06F2D20705D5F2
:10B0C000384604F0AFFC28B91D4B4EB1012E07D015
:10B0D0000026EEE71B4B092202205A70F7F7D0F842
:10B0E0000220F7F7C3F808B13B689847134B164C9A
:10B0F0001B68504698470023237095B900251348D4
:10B1000005F00AF998B1072323700E4B0522082099
:10B11000DA70F7F7B5F84846FFF79CFF4046BDE800
:10B12000F88FAB1E032BEAD9012D02D1F3E7002DD6
:10B13000F1D000232370E1E74811002030120020F5
:10B14000DF25002087000020E4250020E0110020FA
:10B15000052808B50ED80123834013F0160F06D139
:10B1600013F0290F06D0074806F0F2FA08B90020BC
:10B1700008BD0520044B98700420F7F781F80120E2
:10B18000F6E700BF341F0020870000209B4B5A6861
:10B1900002F00C02082A2DE9F04140F0A280596823
:10B1A0005A68D60349BFDA6A954A964C02F00F02F4
:10B1B000C1F3834148BF013201F1020148BFB4FB32
:10B1C000F2F251430C4604605A688F4FDFF83C821C
:10B1D000C2F30312BA5C5FFA82FC24FA02F2426004
:10B1E0005D68C5F302257E5D22FA06F686605D681D
:10B1F000C5F3C2257D5DEA40C260D3F82CE0EFB212
:10B20000CEF303151EF4807F38F81550ADB26BD025
:10B21000002D69D0B1FBF5F50561D3F82CE0CEF334
:10B2200043251EF4005F38F81550ADB25ED0002DF6
:10B230005CD0B1FBF5F54561D3F830E0714D1EF0FF
:10B24000100F0CBFAE46A646C0F818E0D3F830E0A9
:10B250001EF0200F0CBFAE46A646C0F81CE0D3F887
:10B2600030E01EF0400F18BF254605621D6BED054E
:10B270003ED5A1423CD1BC453AD14D0045621D6B43
:10B28000ED0437D5A14235D1BC4533D14D0085629F
:10B290001D6BAD0530D5A1422ED1BC452CD14D0042
:10B2A000C5621D6B6D0529D5A14227D1BC4525D1AD
:10B2B0004D0045641D6B2D0522D5A14220D1BC4512
:10B2C0001ED14D0085641D6BAD041BD5A14219D163
:10B2D000BC4517D16100C164196B890714D10263A1
:10B2E00018E0484C00216EE7254695E72546A2E781
:10B2F0001546C3E71546CAE71546D1E71546D8E710
:10B300001546DFE78264E7E71A6B02F00302012AC1
:10B3100016D104631A6B12F4403F20D146631A6BB6
:10B3200012F4402F35D186631A6B12F4401F4AD1B4
:10B33000C6631A6B12F4400F6AD10664BDE8F0814F
:10B340001A6B02F00302022A02D14FF40042C6E750
:10B350001A6B02F00302032ADCD12A4ABFE71A6BF8
:10B3600002F44032B2F5803F01D14463D7E71A6B53
:10B3700002F44032B2F5003F03D14FF40042426381
:10B38000CDE71A6B02F44032B2F5403FC7D11D4AF7
:10B39000F5E71A6B02F44022B2F5802F01D18463E5
:10B3A000C2E71A6B02F44022B2F5002F03D14FF42A
:10B3B00000428263B8E71A6B02F44022B2F5402FD4
:10B3C000B2D1104AF5E71A6B02F44012B2F5801FB1
:10B3D00001D1C463ADE71A6B02F44012B2F5001F4D
:10B3E00003D14FF40042C263A3E71A6B02F4401288
:10B3F000B2F5401F9DD1034AF5E700BF001002409F
:10B4000000093D0000127A00665C0108465C0108F4
:10B410001A6B02F44002B2F5800F01D104648DE78B
:10B420001A6B02F44002B2F5000F03D14FF400434F
:10B43000036483E71B6B03F44003B3F5400F7FF411
:10B440007DAF014BF4E700BF00127A00030F064BFB
:10B45000DA6A14BF22F4785222F4F872DA62DA6AF5
:10B460000243DA62704700BF00100240020F012A57
:10B470000A4B0AD0022A0CD01AB91A6B22F0100219
:10B480001A631A6B02431A6370471A6B22F0200288
:10B49000F6E71A6B22F04002F2E700BF001002400C
:10B4A000044B5A6911B102435A61704722EA000203
:10B4B000FAE700BF00100240044B9A6911B1024341
:10B4C0009A61704722EA0002FAE700BF00100240CA
:10B4D000044BDA6911B10243DA61704722EA0002D3
:10B4E000FAE700BF00100240044BDA6811B10243D2
:10B4F000DA60704722EA0002FAE700BF001002405B
:10B50000044B1A6911B102431A61704722EA000222
:10B51000FAE700BF00100240024A536A43F080730A
:10B520005362704700100240044B1A69120641BF73
:10B53000034A5A6002F188325A6070470020024084
:10B5400023016745024A136943F080031361704782
:10B5500000200240014BD860704700BF002002402D
:10B56000084BDA68D10709D4DA68D20608D4DB6858
:10B5700013F0040F0CBF0420032070470120704714
:10B58000022070470020024010B50446FFF7E8FF94
:10B59000012806D10CB9052010BDFFF7E1FF013CE1
:10B5A000F6E7002C08BF0520F6E7000038B5054691
:10B5B0004FF43020FFF7E8FF042811D1094C23692C
:10B5C00043F0020323616561236943F04003236173
:10B5D0004FF43020FFF7D8FF236923F002032361E3
:10B5E00038BD00BF0020024073B5002306464FF46B
:10B5F00030200D460193FFF7C7FF042819D10E4CE8
:10B60000236943F001032361ABB233804FF4302050
:10B61000FFF7BAFF042808D102360196019B2D0CD2
:10B620001D804FF43020FFF7AFFF236923F00103A3
:10B63000236102B070BD00BF00200240034B40F008
:10B64000BF6040F40030D860704700BF00ED00E0FC
:10B6500070B50178012501F01F039D40C3784C09A6
:10B66000BBB10E4B4678DA68D243C2F30222C2F174
:10B6700004039E4083780F2020FA02F21340084A08
:10B6800033431B011144DBB281F8003342F82450EC
:10B6900070BD034B203443F82450F9E700ED00E07F
:10B6A00000E100E070B5A54C002800F0DF812368C0
:10B6B000013B062B31D8DFE813F0070057008E005E
:10B6C00002011D015101B601FAF720FF9C4B9D4D6F
:10B6D0001B68C01A40F6980398420AD92B6843F0B9
:10B6E00008032B60002323600120BDE87040F6F7BB
:10B6F0009FBD954E0120F6F79BFD336844F64B3213
:10B700009A802B6883F008032B60F7F715FF6328F6
:10B710008E4D03DC4FF4FA63EB8070BD0120F6F729
:10B7200095FD8B4B197833688A4E6E2229B95A7170
:10B730004FF47A736B80022306E0012909D15A7114
:10B740004FF4FA636B8005232360FAF7DFFE306065
:10B75000E3E703291A7103D14FF47A732B80EAE7E8
:10B760004FF4FA632B80EEE7764A7A4D1368012096
:10B7700083F008031360F6F769FD754B734A1B7875
:10B780004FF47A7163B9744B5180B3F90230B3F559
:10B79000E17F08DD03232360FAF7B8FE2860BCE7E9
:10B7A000032B118010D002232360FAF7AFFE2B6821
:10B7B000C01AB0F5FA6FB0D30023664A2360BDE823
:10B7C00070401360F5F77ABB634AB2F90020B2F516
:10B7D000E17FE8DDDFE75E4B1B78B3B95E4AB2F983
:10B7E0000230B3F5E17F51DD564A1368012083F042
:10B7F00008031360F6F72AFD544B40F27E425A804C
:10B80000FAF784FE534B1B68D2E7032B85D1524ACB
:10B81000B2F90030B3F5E17F19DD4A4A136801201F
:10B8200083F008031360F6F711FD484B4FF4836271
:10B830001A80FAF76BFE474B1B68C01AB0F5FA6F17
:10B84000FFF46BAF434A00232360136065E79BB2AC
:10B85000B3F5E17F3FF661AF5388FA339BB2B3F59E
:10B86000FA7F3FF65AAF374A1368012043F00803C6
:10B870001360F6F7DDFC354B4FF483621A80FAF75C
:10B8800045FE344B18600423236046E79BB2B3F5B2
:10B89000E17F3FF642AF1388FA339BB2B3F5FA7FEC
:10B8A0003FF63BAF274A1368012043F008031360BB
:10B8B000F6F7BEFC254B40F201425A80DFE7214AF1
:10B8C0001368012043F008031360F6F7B1FC1F4B27
:10B8D0004FF4FA62DA801C4B1B6844F64B329A80B4
:10B8E000FAF714FE1B4B1B68C01A40F2DC53984257
:10B8F000A8D8C8E70120F6F7A9FC154B134A1B7816
:10B90000144D012B0AD14FF4FA635380124BB3F953
:10B91000023013F5E17F06DA06233CE740F2B77107
:10B92000022B118005D005232360FAF7EFFD2B6869
:10B9300083E7094BB3F90030EBE700BF4C1200205E
:10B94000481200203C0F002028050020C4210020C0
:10B95000E925002044120020E4200020484B1878FC
:10B96000012811D1474AB2F9023013F5E17F40DADC
:10B97000454A136883F008031360F6F767FC434BEE
:10B9800040F23A725A8054E702287FF4C6AE3D4A2C
:10B99000B2F9003013F5E17F0BDA3B4A136801205E
:10B9A00083F008031360F6F751FC384B40F2B7728E
:10B9B0003EE703F5E1739BB2B3F5C87F3FF6ADAE4A
:10B9C0005388FA339BB2B3F5FA7F3FF6A6AE2E4A00
:10B9D0001368012043F008031360F6F729FC2B4B92
:10B9E00040F23A721A80FAF791FD294B186007234A
:10B9F0004AE703F5E1739BB2B3F5C87F3FF68DAE1E
:10BA00001388FA339BB2B3F5FA7F3FF686AE1E4A2F
:10BA1000136843F008031360F6F70AFC1B4B40F26F
:10BA2000B7725A80DFE7184A1368012043F0080311
:10BA30001360F6F7FDFB124B1B78012B134B1CBF59
:10BA40004FF4AF621A804FF4FA62DA80114B1B6830
:10BA500044F64B329A80FAF759FD0D4B1B68C01A19
:10BA600040F2DC5398423FF6EDAEC0E7084B206051
:10BA70001860084B1B6844F64B329A804DE600BFB5
:10BA8000E9250020E42000203C0F0020C4210020F4
:10BA90004412002028050020014B1860704700BFA9
:10BAA0005012002070470000014BB3F900007047AE
:10BAB000CE230020014BB3F900007047D0230020B3
:10BAC000044A00231380044A1380044A1380044A62
:10BAD00013807047CC230020CA230020C8230020F5
:10BAE000C623002070B51348134C02882188B4F98E
:10BAF000006053189DB21BB2052BC8BFAB1F0F4D82
:10BB0000C8BF1BB22B800E4D05EB830585ED000AE7
:10BB10000C4D052E05EB8303C3ED000A02DC013159
:10BB2000218070BD531C1BB2052BC8BF00230380AE
:10BB3000F7E700BFD4230020D22300208C00002090
:10BB40007012002058120020F0B50E4E0E4CB6F9BF
:10BB500000300E4D04EB8304B5F9002027680C4C2F
:10BB600004EB8304246812B907600C60F0BD013354
:10BB70001BB2062BA8BF0023013A076033800C607C
:10BB80002A80F3E7D423002070120020D223002063
:10BB900058120020124B134AD3ED007A1249134871
:10BBA000F5EE407AF1EE10FA4FF0000303D1136086
:10BBB0000B6003607047F0EE086A86EEA77A80EDAE
:10BBC000007A27EEA77A67EE877A86EE876AF7EE25
:10BBD000006A86EEA77A81ED006A82ED007A7047EE
:10BBE0009000002090120020941200209812002053
:10BBF000084B83ED000AC3ED010A074B00225A608F
:10BC00001A60064B002083ED000AC3ED010AF9F724
:10BC1000A7B800BFBC120020B4120020AC12002054
:10BC200070B5444B444D93F90030444C012B21D066
:10BC3000022B67D0A3BB424BB3F9003007EE903A1A
:10BC4000404BF8EEE77AB3F90030C5ED007A07EE25
:10BC5000903AF8EEE77AF1EE677A3B4BC4ED007A62
:10BC6000B3F9003007EE903A384BF8EEE77AC3EDBF
:10BC7000007A15E0334BB3F9003007EE903A304BC1
:10BC8000F8EEE77AB3F90030F1EE677AC5ED007AA5
:10BC900007EE903AF8EEE77AF1EE677AC4ED007AB3
:10BCA0002B4EB6F900300A2B08DCD4ED000A95EDD6
:10BCB000000AFFF79DFF338801333380254B264868
:10BCC000B3F900302549052B2DDDFFF73DFF244A50
:10BCD000D0ED007A92ED007A224B37EE277AD5ED3F
:10BCE000007A77EEC77A92ED017AC3ED007AD1ED52
:10BCF000007A37EE277AD4ED007A77EEC77AC3ED73
:10BD0000017A70BD0E4BB3F9003007EE903A0D4B3F
:10BD1000F8EEE77AB3F90030C5ED007A07EE903A15
:10BD2000F8EEE77A99E7104B1A685B6802600B60DF
:10BD3000CDE700BF94000020F4120020F012002094
:10BD4000E2230020E0230020DE230020EC1200206C
:10BD5000DC230020D2230020A01200209C1200200F
:10BD6000B4120020C4120020BC1200207C4B2DE92C
:10BD7000F0411D6842F20F72411B91422DED028B82
:10BD8000044652D9774E186033781BB1FFF748FF4D
:10BD90000023337007EE904A07EE105AF8EE677AE8
:10BDA000B8EE477ADFF820826F4C77EEC77A9FEDC6
:10BDB0006F7A87EE878A0023012B6D4DA8F800303B
:10BDC00037DD6C4A13780133DBB2092B00F2BD80FA
:10BDD0001370D5ED007AFDEEE77A17EE903A1BB2BC
:10BDE00007EE903A644BF8EEE77AC3ED007AD5EDB2
:10BDF000017AFDEEE77A17EE903A1BB207EE903A21
:10BE00005E4BF8EEE77AC3ED007AD4ED007A5C4B36
:10BE1000FDEEE77A17EE902AD4ED017A1A80FDEE56
:10BE2000E77A584B17EE902A1A80BDEC028BBDE8DA
:10BE3000F081554A554E11689A00002900F0828021
:10BE40005348B71810443F680760524800EB83031B
:10BE500093ED007A07EE901AB8EEC77AF8EEE77A1B
:10BE600087EE270A4C4BB718D3ED007A9FED4B1A9B
:10BE7000DFED4B0A20EE270A87ED000AF6F7AEFB4E
:10BE8000B8F9003087ED000A012B02D10020F8F745
:10BE900067FFB8F90030434A02EB8302D2ED006A33
:10BEA000414A92ED007A414A02EB8302D2ED007AD8
:10BEB00026EE877A04EB8301E7EE087A06EB830629
:10BEC00005EB830591ED007AC2ED007A384A92EDD8
:10BED000006A384A26EE866AB6EE005AA6EE087A5E
:10BEE00092ED006A344A02EB830226EE866AD2EDB6
:10BEF000006AE6EE086A96ED006AC2ED006A77EE27
:10BF0000867A2E4AC6ED007A67EE887A02EB8302C3
:10BF1000C2ED007AF0EE475A294AE7EE855A02EB65
:10BF20008302013392ED006AA5EE886A1BB237EEF8
:10BF3000277A76EE866A82ED006AC5ED006A81EDA9
:10BF4000007A39E79FED1F0A8CE7002313701C4B22
:10BF5000D3ED010A93ED000AFFF7C4FD39E700BFF6
:10BF600054120020EB250020D41200200024744934
:10BF7000AC120020EA2500208C120020881200203C
:10BF8000D8230020D6230020DC0D0020E41200205E
:10BF9000CC120020F40D0020D80D002000004844F1
:10BFA000000048C4C412002090120020DC120020BF
:10BFB0009412002098120020B4120020A412002035
:10BFC000BC12002000000000DA2300207047024667
:10BFD00080213C2003F026BF024640213C2003F094
:10BFE00021BF10B5A620FFF7F2FFAE20FFF7EFFF4D
:10BFF0002020FFF7ECFF0020FFF7E9FFB020FFF75C
:10C00000E6FF4020FFF7E3FF0020FFF7E0FF1020EE
:10C01000FFF7DDFF4FF40064013C0020A4B2FFF7FE
:10C02000DBFF002CF8D18120FFF7D1FFC820FFF7FC
:10C03000CEFFBDE81040AF20FFF7C9BF10B5B0205C
:10C04000FFF7C5FF4020FFF7C2FF0020FFF7BFFF4B
:10C050001020FFF7BCFF4FF40064013C0020A4B2A5
:10C06000FFF7BAFF002CF8D110BD10B50446A1F1BE
:10C070005000C0B2FFF7ABFF04EB4400400004EBFC
:10C08000440400F00E00FFF7A2FFC4F3C300103019
:10C09000BDE81040FFF79BBF70B50A4C0A4E00EB9D
:10C0A00080000444052514F8010F3378013D584001
:10C0B000FFF792FF15F0FF05F5D13078BDE870402D
:10C0C000FFF78ABFD55B0108EC25002010B5441EA0
:10C0D00014F8010F00B910BDFFF7DEFFF8E710B547
:10C0E000AE20FFF774FF044600284CD0AE20FFF7C7
:10C0F0006EFF2020FFF76BFF0020FFF768FFC820CE
:10C10000FFF765FF4020FFF762FF8120FFF75FFF29
:10C11000CF20FFF75CFFA120FFF759FFA620FFF714
:10C1200056FFA820FFF753FF3F20FFF750FFA42042
:10C13000FFF74DFFD320FFF74AFF0020FFF747FF2F
:10C14000D520FFF744FFF020FFF741FFD920FFF78C
:10C150003EFFF120FFF73BFFDA20FFF738FF122008
:10C16000FFF735FFDB20FFF732FF2020FFF72FFF1F
:10C170008D20FFF72CFF1420FFF729FFAF20FFF7DA
:10C1800026FFFFF72EFF204610BD000037B52F4BCE
:10C19000C0F86031041D204601F0F0F92C4D2870E4
:10C1A000002850D1204601F0CFFC287000284AD149
:10C1B0000DF1010201A9204601F0CBFD28700028F5
:10C1C00041D10DF103020DF10201204601F084FA84
:10C1D0002870C0BB0121204601F012F801462870EA
:10C1E00088BB0122204601F0CFF8287058BB0122FD
:10C1F0001146204601F0C8F8287020BB012141F605
:10C200009912204601F00BF901462870D8B94FF475
:10C210007012204601F003F995F900309BB944F6FD
:10C220002061204601F006F8287060B91222002132
:10C23000204601F001F8287028B90E22012120467D
:10C2400000F0FAFF287003B030BD00BF2901900153
:10C25000F025002038B504460D46490001F0FE01E6
:10C26000043000F0C9FF84F8605138BDF8B5164EAF
:10C2700096F90030044613BB071D384601F01AFB3F
:10C280003070E0B9114D3846294601F028FA104BBC
:10C290001049307001221A702B7E0B7033B92A8935
:10C2A00022800D4A1370B4F90000F8BD4FF69C735C
:10C2B00023802B7E022BF6D1074B1A70F3E74FF643
:10C2C0009C732380EFE700BFF0250020F8120020C8
:10C2D000EE250020EF250020ED25002010B5154BA0
:10C2E0001A7852B1144A1278520707D5002213491E
:10C2F0001A70134B0A7001221A7010BD114B1B6883
:10C30000DB07FAD5F8F782FC0F4CF8F78DFCF4F751
:10C3100049FE0E4800F098FB0D4800F095FB23788D
:10C32000002BEAD10B4B0220198800F01FFB0123E0
:10C330002370E2E7A200002056240020F725002009
:10C34000F32500203C0F0020F225002020130020C0
:10C350001413002098000020F8B5264F3B78DBB17D
:10C36000254C264E264D0123237033783BB1FAF736
:10C37000CDF800F5EA403030002328603370FAF73A
:10C38000C5F82B68C01A002807DBF4F797FD0023D7
:10C390003B70237001233370F8BD1A4BB3F904309E
:10C3A000002BB8BF5B429BB242F23412934209D9D0
:10C3B00000253D70F4F782FD01233370124B257088
:10C3C0001D70E9E7FAF7A2F82B68C01A00280CDD07
:10C3D000FAF79CF82B68C01A46F660539842DBDCEB
:10C3E000F7F7AAF80730D7DBE2E7FAF78FF82B6800
:10C3F000181AF1E7A2000020F6250020A100002075
:10C400002C13002078220020F125002010B5124CBA
:10C410002378022B07D0032B09D0012B1AD1BDE8BA
:10C420001040FFF75BBFBDE81040FFF795BF0B4B17
:10C430001A685AB90A490988490707D509490A708B
:10C4400001221A60FAF762F8074B1860074A0023C6
:10C450002370137010BD00BFF72500204C12002080
:10C46000AE200020E925002048120020A200002074
:10C4700000280A4B0CDB0A4AB2F90020824201DD97
:10C48000186001E000221A60064B00221A70704703
:10C4900000221A60431CF7D1034BF1E73013002050
:10C4A000E4230020F8250020A40000202DE9F0411D
:10C4B00001219AB004464FF4C020FEF7F1FF684610
:10C4C00005F06CFC00250323DFF840818DF8043073
:10C4D0008DF807502F4694F82C30EEB2B34272D844
:10C4E0002069FEF7B3FFD4E9023001211843FEF7BB
:10C4F000D7FF606805F05AFD0FA805F0EDFD236831
:10C500006068ADF848704033012F0F936369109352
:10C5100094BF00230123DB014FF4807214934FF486
:10C5200080630025CDE915234FF4005620230FA981
:10C53000CDE9173611951395199505F0B1FD012137
:10C54000606805F0D6FD02A805F0A4FC4FF4403168
:10C550004FF40043CDE9031320680295022302A99A
:10C5600005938DF8185005F067FC07A805F058FCF6
:10C5700020680D9507A9CDE90765CDE90955CDE9F5
:10C580000B558DF8387005F02DFC012294F82C30F5
:10C590002068E9B28B422BD8012105F082FC20688B
:10C5A000012105F0FCFC0028F9D02068022105F0EB
:10C5B000EEFC2068012105F0E1FC206805F0D9FCC3
:10C5C0001AB0BDE8F081A3699B5D7BB1E36933F8E4
:10C5D00016300093236A694653F8260005F09CFB49
:10C5E000A26A925D7B1C08F80270DFB2013572E727
:10C5F000A3695B5C3BB1676A561C795CF6B20723A2
:10C6000005F058FC32460135C0E700BFF92500208F
:10C6100000B51B4B93B0DA798DF800201B7A194ACC
:10C620008DF801304FF09043CDE9032305934FF48B
:10C630004173ADF8043040F60703ADF80830124BF3
:10C64000CDF830D04FF0A041CDE9061301204FF0D6
:10C650008053CDE908034FF4D8730A930B4B0B9327
:10C660000223119303AB0D9304AB0E9301AB0F9315
:10C6700006A802AB1093FFF719FF13B05DF804FB97
:10C68000022600200800040008000240F4230020D5
:10C6900000B5214B95B01A788DF800205A798DF8A5
:10C6A00001201E4A9B798DF8023007CA1C4B039368
:10C6B0002023ADF8103005AB83E807001949CDF809
:10C6C00038D0088889788DF806104FF4A061ADF84D
:10C6D00008100621ADF804008DF80A10124813491D
:10C6E0004FF0020CCDE908014FF08051CDE90AC1AD
:10C6F0004FF4D8710C910E490D910321139103A9A8
:10C70000CDE90F1301AA02AB08A811921293FFF70B
:10C71000CDFE15B05DF804FB02260020245501086B
:10C7200004001000B758010800010050080402403E
:10C73000EE23002000B5184B184ADB7893B0022195
:10C740008DF804304FF40053ADF81030144B0593BE
:10C7500005238DF8083003238DF80C30114BCDE9FB
:10C7600006234FF00053CDE908130F4B0A930F4BEC
:10C770000B930123119301AB0C9304AB0D9305AB09
:10C780000E9302AB0F9306A803AB1093FFF78EFE38
:10C7900013B05DF804FB00BF022600200004005027
:10C7A000000400485804024000360010EC2300202A
:10C7B00000B5214B95B05A788DF800209A788DF805
:10C7C00001201E4A1B798DF8023007CA1C4B0393C7
:10C7D0004FF48053ADF8103005AB83E807001949DA
:10C7E000CDF838D0088889788DF8061040F20121FC
:10C7F000ADF808100421ADF804008DF80A101248B5
:10C8000012494FF0020CCDE908014FF00051CDE97B
:10C810000AC10F490C910F490D910321139103A9EE
:10C82000CDE90F1301AA02AB08A811921293FFF7EA
:10C830003DFE15B05DF804FB0226002030550108CE
:10C8400000800040BB580108000500501C04024055
:10C8500000360010E623002008B501214FF4C02067
:10C86000FEF71EFEFFF7D4FEFFF712FFFFF762FF91
:10C87000BDE80840FFF79CBF8161704701857047A4
:10C88000838A9BB24B40838270470000112837B5E2
:10C890000D4619D80D4B0E4C0C2202FB003007C878
:10C8A00084E8070002238DF80730A388ADF8043030
:10C8B000084B01215B5D8DF806301046FEF7F0FD58
:10C8C000206801A903F054FD03B030BD2C5F0108BE
:10C8D00034130020285F0108112830B40D460DD80C
:10C8E000074B084C0C2202FB003007C884E8070005
:10C8F000054BA18853F8253030BC184730BC704731
:10C900002C5F0108341300201C5F010807B50246A4
:10C9100060B903230093074B019053F821300120A5
:10C920004FF48071FAF71CFF034B186003B05DF8F9
:10C9300004FB00BF046001084013002008B59FED10
:10C94000081AF0EE0C0AF5F749FEDFED067A064B01
:10C9500020EE270ABCEEC00A83ED000A08BD00BF26
:10C960000000FA4400007A44B8000020022802D1F6
:10C970000846F6F7D7BD704708B505280CD8DFE89C
:10C9800000F0030C15212D360120F5F751FC1C4B4E
:10C9900001221A7000225A7008BD0120F5F756FCDA
:10C9A000174B01225A7000221A70F5E70420F5F7A0
:10C9B0003FFC4020F5F74AFC114B01229A700022FF
:10C9C000DA70E9E74020F5F733FC0420F5F73EFC88
:10C9D0000B4B0122DA7000229A70DDE70820F5F790
:10C9E00027FC074B01221A7100225A71D4E7082054
:10C9F000F5F72CFC024B01225A7100221A71CBE789
:10CA00001326002010B5044608462368227253B945
:10CA100041F288320121F5F7D8FD2060F9F776FD63
:10CA2000236803446360F9F771FD6368C01A002846
:10CA300008DB237A23B1F9F769FD236803446360B7
:10CA4000012010BD0020FCE70023C0E9003370473F
:10CA5000F8B50A4F044600262046F3F751FCF5B21C
:10CA6000A84206F1010600D8F8BD605DFBF78EFD17
:10CA70003A78635D53403B70EEE700BF0B26002021
:10CA800038B50F4D0023044624202B70FBF77EFDA4
:10CA90004420FBF77BFD2046F3F732FCC0B2FBF7E6
:10CAA00075FD2046F3F72CFC2B78434020462B7075
:10CAB000FFF7CEFF2878BDE83840FBF767BD00BF21
:10CAC0000B26002008B5FFF7DBFFBDE80840014852
:10CAD000FFF7D6BFBF58010810B5084C0029024621
:10CAE00034F9100009DD032310FB0313002BB8BF3A
:10CAF000033343F38F0024F8120010BDFC23002001
:10CB00002DE9F84F3B4D3C4F2C4600262378FB5C2B
:10CB1000CBB194F8028003214046FFF7B7FE4046B0
:10CB20000021FFF7D9FE94F80180B8F1110F07D862
:10CB300003214046FFF7AAFE00214046FFF7CCFE46
:10CB40000A20F9F734FD0136052E04F10804DDD181
:10CB5000284C4FF000084FF02A092378FB5C23B3E0
:10CB6000A0780121FFF7B8FE6678112E03D80121C5
:10CB70003046FFF7B1FE1E20F9F719FDD4F804B0D6
:10CB80005846FFF703FB49465846FFF763FB09F198
:10CB9000010A112E5FFA8AFA03D800213046FFF706
:10CBA0009BFE1E20F9F703FDD14608F10108B8F1FC
:10CBB000050F04F10804D0D104242E464FF00008DC
:10CBC0003378FB5C2BB17078112802D80221FFF773
:10CBD00083FE08F10108B8F1050F06F10806EFD150
:10CBE0004B20013CF9F7E3FC14F0FF04E5D1BDE86C
:10CBF000F88F00BF286001080E2600200A4B5B5CFE
:10CC000073B139B1012905D0022903D0032901D01C
:10CC1000042905D1054B03EBC1035868FFF726BB78
:10CC20004FF0FF30704700BF0E260020286001083B
:10CC30002DE9F84FF9F76AFC984A1368C31A632B79
:10CC4000074640F2DD80964B10601B78002B00F009
:10CC5000D780944ADFF880B213889BF800A0A3F233
:10CC6000DC531CB25388A3F2DC531DB2BAF1000F9F
:10CC700000F0CD8000218C48FFF7C0FF0146002066
:10CC8000FFF72AFF002840F3BD80884B1B8898429D
:10CC900000F3B8804FF0320801210520FFF71CFE99
:10CCA0009BF80160DEB101217F48FFF7A7FF014635
:10CCB0000120FFF711FF002840F3AB807B4B1B885E
:10CCC000984200F3A680B2466FF03106311E18BFBD
:10CCD00001210920FFF700FE46440FFA86F89BF871
:10CCE0000290B9F1000F00F09A8002216E48FFF720
:10CCF00085FF01460220FFF7EFFE002840F38B80FE
:10CD00006A4B1B88984200F386806FF03106012140
:10CD10000420FFF7E1FD9BF803B0BBF1000F1AD030
:10CD200003216148FFF76AFF01460320FFF7D4FEA5
:10CD3000002876DD5D4B1B88984272DCD9464FF0A7
:10CD4000320BBBF1000118BF01210720FFF7C4FD22
:10CD5000B3440FFA8BF65649BAF1000F05D00B68B1
:10CD600003B90F60534BA3F80080534AB9F1000F89
:10CD700004D0136803B91760504B1E8007EE904A29
:10CD80000B68F8EEE77A002B60D0FB1AB3F5FA7F58
:10CD90004AD207EE108ADFED4A6AB8EEC77AA7EEEC
:10CDA000A67AFDEEC77A474C1368C4ED007A07EE09
:10CDB000105AB8EEC77A002B65D0FF1AB7F5FA7F84
:10CDC0004FD206EE906A9FED3E6AF8EEE66AE7EE15
:10CDD000066ABDEEE67A3C4984ED017A17EE900AC8
:10CDE0004FF4FA72F5F7F1FB4FF4FA72206036490E
:10CDF0006068F5F7EAFB354B606001221A705A70E3
:10CE0000BDE8F88F4FF00008C246414645E7D046DE
:10CE100046E700265AE70026B146314678E74E46F7
:10CE200079E74FF0000B8CE7B3F57A7F0ED2214BF8
:10CE3000DFED276AB3F900305B4207EE103AB8EE37
:10CE4000C77A27EE267ADFED236AA8E79FED1C7AE2
:10CE500000230B6067EE877A1649FDEEE77A0B80B8
:10CE6000A1E7B7F57A7F0ED2144B9FED196AB3F99B
:10CE700000305B4206EE903AF8EEE66A66EE866AAD
:10CE80009FED146AA3E7DFED0E6A0023136027EE1F
:10CE9000267A0A4ABDEEC77A13809CE74C1300201D
:10CEA0000C260020C4210020AA0000200624002017
:10CEB00048130020FA23002044130020F823002008
:10CEC0009A99993E581A00200CFEFFFF1D2600205B
:10CED0006666E63ECDCC4C3E0E260020024B4FF45B
:10CEE00096625A81704700BFC4210020F8B50546FC
:10CEF0000C4610461E46042D27D8DFE805F0032710
:10CF00004B6F9300594B40F634024FF461711F6828
:10CF1000F5F75BFB40F6340205464FF4617130468D
:10CF2000F5F753FB043C002387F87D30A5F56175C8
:10CF30001923A0F5617095FBF3F590FBF3F087F8EA
:10CF40007E4087F87F5087F88000F8BD474B40F659
:10CF500034024FF461711F68F5F737FB40F6340275
:10CF600005464FF461713046F5F72FFB043C012371
:10CF700087F88130A5F561751923A0F5617095FBDF
:10CF8000F3F590FBF3F087F8824087F8835087F839
:10CF90008400DAE7354B40F634024FF461711F68C4
:10CFA000F5F713FB40F6340205464FF46171304645
:10CFB000F5F70BFB043C032387F88530A5F5617575
:10CFC0001923A0F5617095FBF3F590FBF3F087F85A
:10CFD000864087F8875087F88800B6E7234B40F6ED
:10CFE00034024FF461711F68F5F7EFFA40F634022E
:10CFF00005464FF461713046F5F7E7FA043C042327
:10D0000087F88930A5F561751923A0F5617095FB46
:10D01000F3F590FBF3F087F88A4087F88B5087F898
:10D020008C0092E7114B40F634024FF461711F6897
:10D03000F5F7CBFA40F6340205464FF461713046FD
:10D04000F5F7C3FA043C052387F88D30A5F5617523
:10D050001923A0F5617095FBF3F590FBF3F087F8C9
:10D060008E4087F88F5087F890006EE730050020DB
:10D07000044B1B782BB1044B1870044B1980044BE4
:10D080001A80704723260020242600201024002028
:10D090000E24002038B504460820F4F7FFFF4FF4B3
:10D0A0000050F4F7FBFF0120F4F7F8FF4FF4804045
:10D0B000F4F7F4FF012C41D014F0FD053DD13A4BBB
:10D0C0004FF480401D70F4F721FE40F6340340F227
:10D0D000145207212846FFF709FF40F634034FF4A6
:10D0E000617207210120FFF701FF40F6340340F28F
:10D0F000145206210220FFF7F9FE40F214534FF4B8
:10D10000617204210320FFF7F1FE042140F2A463C1
:10D1100040F214520846FFF7E9FE244B05221A702C
:10D12000234B40F2AA521A80224B40F20E62B4FA0C
:10D1300084F41A806409204B1C7038BD1A4B2046B9
:10D140001C70F4F7E3FD40F6340340F2145205215D
:10D150000020FFF7CBFE204640F634034FF4617207
:10D160000521FFF7C3FE40F6340340F214520621B6
:10D170000220FFF7BBFE40F214534FF4617204210A
:10D180000320FFF7B3FE0421084640F2A46340F2F7
:10D190001452FFF7ABFE40F6340240F2DC51072098
:10D1A000FFF766FFC7E700BF2326002024260020E4
:10D1B000102400200E240020BC00002007B50B4BDB
:10D1C000019301214FF48020FEF76AF9084801A974
:10D1D00003F0CEF8074B1A78082322B9044A93616A
:10D1E00003B05DF804FB024A1385F9E70800010269
:10D1F00000040048BC0000204A088A2102F034BA2A
:10D20000152906D8044BCB40DB0702D5017400205A
:10D2100070476FF0070070470B00300010B50A46EA
:10D220000C46092102F054FA18B9237803F00103DF
:10D23000237010BD01F04ABE01F027BD01F02CBEE5
:10D24000F7B500230C46174601210DF107020646EB
:10D250008DF8073002F03CFA0546D8B9012F9DF849
:10D26000073026D1042C3AD8DFE804F003171A1D42
:10D27000200043F010049C420CD02246012130468D
:10D2800002F0F2F9054628B9716986F83041304656
:10D29000FFF7D0FF284603B0F0BD43F02804EAE7CB
:10D2A00043F00404E7E743F04004E4E743F080047C
:10D2B000E1E7042C13D8DFE804F00306090C0F00A3
:10D2C00003F0EF04D7E703F0D704D4E703F0FB043F
:10D2D000D1E703F0BF04CEE703F07F04CBE76FF0A4
:10D2E0000305D7E713B500230C460DF10702012112
:10D2F0008DF8073002F0ECF978B99DF80730C3F3E8
:10D3000000122270C3F3C002A270C3F380026270E5
:10D31000C3F38012DB09E270237102B010BD37B590
:10D320000D460DF10202F821044602F0DCF970B955
:10D3300001AA0421204602F0E1F940B9BDF802201B
:10D340001AB1019BB3FBF2F32B602B68A36103B00E
:10D3500030BD037F0B700020704737B50D460DF1CF
:10D3600006022021044602F0BEF928B9BDF80630B5
:10D3700023B9236A2B60207703B030BDDB002B601C
:10D38000236201232377F7E70529F8B504460E4603
:10D39000154635D862B100EB810301215A6B002399
:10D3A000701E042807D8DFE800F00E171A1D2400AD
:10D3B00011460123F4E784F828103444E5B984F8D1
:10D3C0002850002007E0C2F34F224421204602F0FB
:10D3D00056F90028F1D0F8BD84F82A10EDE784F85A
:10D3E0002B10EAE75B00FE226021204602F052F992
:10D3F000EFE71B01EF22F7E7012384F82830E0E78D
:10D400006FF00300E7E7052996BF4018002390F866
:10D410002830137094BF00206FF00300704770B580
:10D420004318044693F828300E46154623B900EBFE
:10D4300081067263002013E005291AD8DFE801F0A5
:10D44000030811131515426304EB86046563F1E7C5
:10D45000C2F34F224421204602F011F90028F3D0F4
:10D4600070BDC263F0E70264EEE7C2F34F226421AD
:10D47000F1E76FF00300F3E737B5044615460529D9
:10D480002AD8DFE801F0030614161818436B2B6046
:10D490001FE00DF10602442102F025F9D0B9BDF8D4
:10D4A000062053028AB12B60A36301230FE0C36BF4
:10D4B000EDE7036CEBE70DF10602642102F013F9CE
:10D4C00040B9BDF806305B02E1E7A26B2A6084F840
:10D4D0002930002003B030BD6FF00300FAE737B504
:10D4E0000D460DF107020121044602F0F1F838B9AA
:10D4F0009DF8073084F83031DB092B7084F84C300C
:10D5000003B030BD2DE9F843037C0C4601F8083B1D
:10D510000546FFF704FF70BB207304F11001284695
:10D52000FFF71BFF38BB04F11401284600F013FC81
:10D5300008BB04F1240705F1270904F11708064682
:10D540003A46B1B22846FFF797FFA0B9013619F85D
:10D55000013F08F8013F062E07F10407F0D104F15E
:10D560003C012846FFF7BBFF28B9211D2846BDE82E
:10D57000F84301F013BDBDE8F8830000F0B50022C8
:10D58000054693B0882102F06FF84FF47A72A5F83F
:10D5900052214FF4C872A5F854214C4AC5F85821BD
:10D5A00000234B4A85F8F030C5F8D4202B6202A93D
:10D5B0002846FFF7A7FF044670B9ADF8080002AE91
:10D5C0000FCE05F110070FC70FCE0FC70FCE0FC735
:10D5D00096E80F0087E80F003E4BC5F834314FF452
:10D5E000FA730126A5F838314FF42063A5F83C31D1
:10D5F0003246802185F85061284602F035F83246DF
:10D600000746FF21284602F02FF800221146074363
:10D61000284602F029F83C4364B204430DF10702A6
:10D620009121284602F054F864B29DF8073085F83D
:10D630003A31044332460021284602F015F864B21C
:10D6400004430022FF21284602F00EF864B204438E
:10D6500000228021284602F007F864B2204340B23D
:10D66000002488BBA1B2012228460134FFF78CFEBA
:10D67000062CF6D140BB04466885024604212846A4
:10D68000FFF782FE00BB024605212846FFF77CFE1D
:10D69000D0B94FF490136B634FF4804201212846B8
:10D6A000FFF7BDFE80B94FF40C13FF22C5E90F3020
:10D6B00085F830210121284601F0D6FF012385F8A5
:10D6C000323108B985F8154113B0F0BD856B010002
:10D6D000A470090064008403012300F068BD2DE9F3
:10D6E000F0428EB00C460C2304AA1421054601F02A
:10D6F000ABFF8446002860D1BDF81620BDF8183075
:10D70000A075BDF81210206052BA5BBA6060BDF817
:10D710001A60B5F8520192B29BB249BA5B0252024A
:10D720002361A18276BAE260B0F57A7F8BB295F878
:10D7300031719DF81010B6B20AD0704300F5FA703E
:10D740004FF47A76B0FBF6F02E7F002E39D186B2F8
:10D75000002F40D0B001C0B2B608E0750DF10F0047
:10D760002681CDE90040284601F072FE844620BBA8
:10D770009DF80FE084F818E005F150060FCE07AFD2
:10D780000FC796E80700E37D87E80700D4E90301A7
:10D79000A28AADF83020D4E90149CDE90A01CDE9EA
:10D7A000084907AC8DF833308DF834E00FCC503594
:10D7B0000FC597E8070086E8070060460EB0BDE891
:10D7C000F0822E8C5E43B2EB262F4FEA262C04D13A
:10D7D00057B948F6E0260020BFE780B25043A2EBDD
:10D7E0000C06B0FBF6F0B2E742F2B826B2E7000052
:10D7F000F7B517460E210DF106021D460B4C0646E5
:10D8000001F071FFBDF8063004EA43433B6050B9B4
:10D810000DF106020C21304601F065FFBDF806301F
:10D8200004EA43442C6003B0F0BD00BF0000FE1FBB
:10D8300073B590F8DA30013B022B06460C4634D81B
:10D8400001AB6A460121FFF7D3FF009BB3F57F0FC1
:10D85000054603D8019BB3F57F0F23D915BB34B11F
:10D860001349304602B0BDE8704001F0FCBB042211
:10D87000FF21304601F0F8FE2A460446702130466A
:10D8800001F0F2FE2A460443FF21304601F0ECFE8F
:10D8900064B204432A468021304601F0E5FE64B2BA
:10D8A000044365B2284602B070BD0025FAE700BF08
:10D8B000BD00002073B5012204468021057C01F0E3
:10D8C000D3FE0122FF21204601F0CEFE00221146A8
:10D8D000204601F0C9FE94F83A219121204601F03A
:10D8E000C3FE01220021204601F0BEFE0022FF21DE
:10D8F000204601F0B9FE00228021204601F0B4FE4E
:10D90000012D24D0032D32D0C5BB0122294620464B
:10D9100001F0AAFE01238DF80730B0B9054644F6A0
:10D9200020669DF80730DB0705F1010509D540B9F0
:10D93000B54226D001460DF10702204601F0C8FE8F
:10D94000EFE7B54208BF6FF0060002B070BD18B92E
:10D9500029462046FFF76CFF02220021204601F0F5
:10D9600083FE0028F1D1042384F83231EDE718B9A1
:10D9700001212046FFF75CFF0422EEE76FF007006D
:10D98000E3E76FF00600E0E738B5057C044625B113
:10D99000204600F04CFD28B138BDFFF78BFF002872
:10D9A000F6D0F9E7002DF7D1032384F83231F3E7FD
:10D9B00073B50646002501220B21304601F054FEC6
:10D9C000002204460B21304601F04EFE0DF1070205
:10D9D00004431321304601F07BFE9DF8073064B20A
:10D9E000044301355B0760B2EDB205D0032D08D0CA
:10D9F0000028E0D002B070BD032D08BF6FF00B000F
:10DA0000F8E76FF00B00F5E738B500230374044620
:10DA10000D46FFF7B9FF50B929462046FFF75FFED4
:10DA200028B901462046BDE83840FFF7C1BF38BDE0
:10DA3000152970B5054616461C4667D10122FF21FF
:10DA400001F012FE002211460446284601F00CFEA9
:10DA500000220443FF21284601F006FE64B204437D
:10DA600001228021284601F0FFFD64B20443022216
:10DA70008521284601F0F8FD64B204430422FF2109
:10DA8000284601F0F1FD64B204430022CD2128466E
:10DA900001F0EAFD64B204431122CC21284601F0D2
:10DAA000E3FD64B204430722FF21284601F0DCFDB8
:10DAB00064B204430022BE21284601F0D5FD64B2C1
:10DAC00004430622FF21284601F0CEFD64B2044340
:10DAD0000922CC21284601F0C7FD64B2044300228C
:10DAE000FF21284601F0C0FD64B204430122FF215A
:10DAF000284601F0B9FD64B20022044311462846CD
:10DB000001F0B2FD64B2204340B270BD042A17D8C0
:10DB10000A2101F0A9FD0028F7D1231E18BF012317
:10DB20001B01EF228421284601F0B4FD0028ECD12E
:10DB300085F8DA6001462846BDE87040FFF738BF37
:10DB40006FF00A00E1E7000070B594B0054640228E
:10DB5000002104A806F01EFB002301212846ADF891
:10DB600006308DF803308DF80430029300F0B2FCDB
:10DB700095F81421012A06D895F8131140F0AD80CC
:10DB8000202940F2AC8001AA02A9284600F02AFB15
:10DB90000446002840F09E8095F85031002B40F05C
:10DBA000A280D5F84C11284601F05DFA0446002801
:10DBB00040F090800346024601462846FFF738FFB2
:10DBC0000446002840F086800122FF21284601F00B
:10DBD0004BFD0DF1060206468421284601F083FD27
:10DBE00022460643FF21284601F03EFD76B2064359
:10DBF00074B2002C6ED1BDF806301B01C5F8D430CC
:10DC000004A92846FFF77EFC0446002862D10DF1E6
:10DC100003012846FFF702FB044600285AD19DF86D
:10DC2000033085F8313104AC0FCC05F110060FC676
:10DC30000FCC0FC60FCC0FC694E80F0086E80F007C
:10DC40000DF103020121284601F042FD044600289F
:10DC500040D19DF8033085F8303102460146284610
:10DC6000FFF7EEFA0446A8BB024602212846FFF75A
:10DC7000E7FA044670BB0323014685F832310DF103
:10DC80000502284601F008F9044618BB9DF8053046
:10DC900085F8E8300DF105020121284601F0FCF875
:10DCA0000446B8B99DF8053085F8E03003AA032191
:10DCB000284600F0E5FE044660B9039BC5F8E43051
:10DCC00003AA0421284600F0DBFE044610B9039B9A
:10DCD000C5F8DC30204614B070BD0C2951E7284649
:10DCE00000F00CF954E701495DE700BF7302002022
:10DCF00013B50C460DF10702132101F0E9FC9DF864
:10DD0000073013F0180F03F0070218BF6FF005007B
:10DD1000226002B010BD13B590F8DA30042B0C4627
:10DD20000BD101A9FFF7E4FF019B042B01D10123D3
:10DD300000E00023237002B010BD01AA142101F0FD
:10DD4000C7FC0028F7D19DF80430DB07EFD4207022
:10DD5000F1E700F047BA13B50C460DF10602282191
:10DD600001F0C1FC60B9BDF80620C2F30B0312F448
:10DD7000006F18BFA3F58053FA2213FB02F3236050
:10DD800002B010BDF0B54FEAD20C4FF0FF341C606A
:10DD900002F00702664600278E4200D207B1F0BDAE
:10DDA000845D664503BF1441E4B215463D4614F058
:10DDB000010704D005EBC6051D600136ECE701350F
:10DDC000082D4FEA5404F2D1F7E70000034B800915
:10DDD00053F82000003818BF012070476803002066
:10DDE00010B5B1EBD20F4FEAD20402F0070381BFA6
:10DDF00001229A40035D13438ABF03556FF031003F
:10DE0000002010BD0A460623B02101F00DBC0A46D1
:10DE10000623B02101F018BC2DE9F04F85B005466E
:10DE2000109E129F0196894692461C464FF00008AC
:10DE3000119B984515D13E6021462846FFF7E2FF29
:10DE4000E8B902A92846FFF7E2FF0E9A02ABA21832
:10DE5000944214D014F8015B13F8011B8D42F7D0E3
:10DE60000BE00E9901AB32465046FFF78BFFDDF811
:10DE700004B0BBF1FF3F05D13E606FF0310005B04B
:10DE8000BDE8F08F0F9B0BEB0300FFF79FFF4845AA
:10DE9000F2D15A462046FFF7A3FF0BF1010608F125
:10DEA0000108C5E770B5C02288B00E46012190F880
:10DEB0003051044601F0D8FBF0B901A92046FFF724
:10DEC000A3FDC8B90122FF21204601F0CDFB98B97E
:10DED0003246B621204601F006FC68B90246FF2111
:10DEE000204601F0C1FB38B92A460121204601F045
:10DEF000BBFB08B984F8305108B070BDF0B50F46CF
:10DF000089B01646FF210122044601F0ADFB02460E
:10DF1000A8B94F21204601F0A7FB80B92C224E2141
:10DF2000204601F0A1FB024648B9FF21204601F03E
:10DF30009BFB20B9B422B621204601F095FB0025B9
:10DF4000C4F82451A4F82851DEB9354607ABB422F1
:10DF5000CDE903730623CDE90032029504F59273EF
:10DF600004F5957231462046FFF756FF30B901237C
:10DF700084F8153184F8137184F8146109B0F0BD88
:10DF8000013505F1B400FFF721FF0028DED12C2D6B
:10DF9000F6D1DBE710B541F001020021044601F0A3
:10DFA00063FB78B9204600F042FA58B90146204692
:10DFB000FFF7FEFC30B9024601462046BDE810409E
:10DFC00001F052BB10BD2DE9F74F4FF0000B884612
:10DFD0001746FF21012205461E469DF838A09DF8F0
:10DFE0003C908DF807B001F03FFB5A460446594675
:10DFF000284601F039FB5A460443FF21284601F028
:10E0000033FB64B2044364B2B8F1000F32D0BAF10A
:10E01000000F06D00C9ACB21284601F059FB204373
:10E0200044B2B9F1000F07D00DF10702EE212846E6
:10E0300001F04EFB204344B20122FF21284601F0AB
:10E0400013FB012204430021284601F00DFB64B2BA
:10E0500004430022FF21284601F006FB64B29DF82C
:10E0600007300D9A204323F0100340B2137003B021
:10E07000BDE8F08FBAF1000F06D03A46CB21284612
:10E0800001F0F2FA204344B2B9F1000FD4D0334684
:10E090008022EE21284601F0FDFACBE72DE9F0477A
:10E0A00086B01546002206460F468DF81720994681
:10E0B0001BB390F8308101221146304601F0D4FAAA
:10E0C00004468246F0B940213046FFF763FF04461C
:10E0D000A8B9012D19D10DF11703CDE90250CDE9F1
:10E0E00000730246034629463046FFF76CFF68B1CD
:10E0F0000446204606B0BDE8F0879846DBE787F87F
:10E1000000A0F6E700233B70F3E73870B9F1000F89
:10E11000EFD042460121304601F0A6FA044600281D
:10E12000E7D186F83081E4E72DE9F047074686B06D
:10E130000D46164699461BB390F830810222012104
:10E14000384601F091FA04468246F0B90146384655
:10E15000FFF720FF0446A8B9012E19D10DF11703CE
:10E16000CDE9020600930246034601953146384642
:10E17000FFF729FF68B10446204606B0BDE8F087E6
:10E180009846DBE785F800A0F6E700232B70F3E75D
:10E190002870B9F1000FEFD042460121384601F056
:10E1A00063FA04460028E7D187F83081E4E7F8B540
:10E1B0001D46164600232A4690F830710446FFF7A4
:10E1C0006DFF70B903462A4631462046FFF7ACFF83
:10E1D00038B93A460121204601F046FA08B984F8D8
:10E1E0003071F8BD2DE9F04F002393B0CDE90A124C
:10E1F000C0F82431A0F828310122FF21CDE90E33E7
:10E20000B0F83C718DF8343005468DF8353001F0AA
:10E210002BFA0446002840F0E78002464F212846AA
:10E2200001F022FA0446002840F0DE802C224E2124
:10E23000284601F019FA0446002840F0D58002462D
:10E24000FF21284601F010FA0446002840F0CC8057
:10E25000B422B621284601F007FA0446002840F00F
:10E26000C38002468021284601F0FEF904460028BA
:10E2700040F0BA8003460DF135020DA92846FFF79C
:10E2800096FF0446002840F0AF8005F5957308938B
:10E290000323CDE90203B421062305F592790DF19C
:10E2A0003808CDE90031CDF8108001464B4605F520
:10E2B00095722846FFF7B0FD0446002840F0948090
:10E2C0000DF1360128460E9EFFF7ECFD04460028AE
:10E2D00040F08A80BDF83630BB424CD9C5F82401E5
:10E2E000A5F8280106F1B400FFF770FD08B92B2E40
:10E2F0003FD90623B4224FF0030ACDE90032CDE91D
:10E30000026A089ACDF810804B4601212846FFF793
:10E3100083FD60BB0DF1360128460E9EFFF7C2FD5E
:10E3200028BBBDF83630BB427AD84FF0010B9F4274
:10E3300079D9DB1B83EAE372A2EBE3720323069332
:10E3400005F592735FFA8BF809920793079B18689B
:10E350009B881090ADF8443032460FAB08980621E8
:10E36000FFF710FD0F9E731C08D16FF031000446BB
:10E370003AE00136B6E74FF0000BD8E706F1B400FB
:10E38000FFF724FD584537D1069B3246484603F136
:10E39000010AFFF725FD0028E7D149462846013646
:10E3A000FFF730FD0028E2D10DF136012846FFF7D6
:10E3B00079FD0028DBD1BDF83610CA1B002AB8BF92
:10E3C0005242B94214D9099B934217D210A9284648
:10E3D000FFF718FD0799BDF8442003461098C5F8CB
:10E3E00024018A8043B11C46204613B0BDE8F08F5B
:10E3F000CDF818A00992A9E7DDF818A00A9BC3F888
:10E4000000A00B9B83F80080012385F815310A9B3F
:10E410001B6885F813310B9B1B7885F81431E3E7F3
:10E420004FF00108EAE74FF00008C246E6E737B5CB
:10E43000002304468DF8073044F620650DF10701EE
:10E440002046FFF768FC58B99DF80730012B07D02C
:10E45000013D03D0204601F05CF9EFE76FF00600C4
:10E4600003B030BD02464FF08043934202D80020F3
:10E4700013B970479B08F8E7C11891424FEA500062
:10E480009CBFC018521A9B08F2E7F7B500228321FF
:10E49000054601F0E9F8044698B9064644F62067B7
:10E4A0000DF107028321284601F012F99DF807308B
:10E4B0000343DBB2044623B90136BE42F0D16FF00C
:10E4C000060401228321284601F0CEF8204340B201
:10E4D00003B0F0BD2DE9F04F90F8F07091B0002638
:10E4E000072FCDE907660546884600F083820122A2
:10E4F000802101F0B9F801220446FF21284601F0ED
:10E50000B3F8324604433146284601F0ADF864B210
:10E5100004430622FF21284601F0A6F864B2044312
:10E520000DF115028321284601F0D2F89DF815203F
:10E5300064B2044342F004028321284601F094F8B7
:10E5400064B204430722FF21284601F08DF864B22B
:10E55000012281210443284601F086F864B2044375
:10E56000284601F0D6F864B20443012280212846EF
:10E5700001F07AF864B2044318F0010B64B200F0C1
:10E580003D82FA0700F13D826B229421284601F07A
:10E590006BF806462846FFF778FF06AA0643902147
:10E5A000284601F0ABF8344364B22422942104439A
:10E5B0002846069E01F058F864B204432846FFF747
:10E5C00064FF64B2044306AA9021284601F096F83D
:10E5D000069B64B21BBA2522942104432846099362
:10E5E00001F042F864B204432846FFF74EFF64B2DC
:10E5F000044306AA9021284601F080F8069B64B2E5
:10E600001A0E04431B0CC6F3062A64B2C6F3C036C6
:10E610008DF828208DF8293018F00203029300F0BD
:10E62000DB8017F0020940F0D780022294212846AF
:10E6300001F01AF801902846FFF727FF019B0DF122
:10E6400016020343902128461C4301F041F864B2AE
:10E650007B2294210443284601F006F864B2044367
:10E660002846FFF712FF64B204430DF11702902110
:10E67000284601F02DF864B27722942104432846FD
:10E6800000F0F2FF64B204432846FFF7FEFE64B2D6
:10E69000044306AA9021284601F030F8069B5A0E42
:10E6A0008DF82C20C3F386428DF82D20C3F3C622AB
:10E6B0008DF82E2064B2C3F30612DB0003F078035A
:10E6C000942104438DF82F20284678228DF81530A8
:10E6D00000F0CAFF64B204432846FFF7D6FE64B2D6
:10E6E000044306AA9021284601F008F8069B9DF8ED
:10E6F000152002EB53728DF83020C3F386528DF84B
:10E700003120C3F3C6328DF83220C3F306228DF8D0
:10E71000332064B2C3F346029B0103F0400394210B
:10E7200004438DF83420284679228DF8153000F006
:10E730009BFF64B204432846FFF7A7FE64B204437C
:10E7400006AA9021284600F0D9FF069B9DF81520C7
:10E7500002EB93628DF83520C3F3C6428DF8362064
:10E76000C3F306328DF8372064B2C3F346129B0020
:10E7700003F07C03942104438DF8382028467A2244
:10E780008DF8153000F070FF64B204432846FFF79F
:10E790007CFE64B2044306AA9021284600F0AEFF36
:10E7A000069B9DF815208DF83E9002EB93728DF834
:10E7B0003920C3F3C65264B28DF83A20C3F306423F
:10E7C00004438DF83B20C3F34622C3F3860364B2AF
:10E7D0008DF83C208DF83D3018F00403019300F0D3
:10E7E00012817B0700F10F817B229421284600F0E3
:10E7F0003BFF81462846FFF748FE07AA49EA000981
:10E800009021284600F07AFF44EA09094FFA89F975
:10E8100049EA00047C229421284600F025FF64B2D6
:10E8200004432846FFF731FE64B2044308AA90214E
:10E83000284600F063FF64B2732294210443284603
:10E8400000F012FF64B204432846FFF71EFE64B2D4
:10E85000044306AA9021284600F050FF069B64B2AC
:10E860001B0274229421044328461FFA83F900F006
:10E87000FBFE64B204432846FFF707FE64B204437C
:10E8800006AA9021284600F039FF64B29DF81B309B
:10E89000752294210443284643EA090900F0E4FE66
:10E8A00064B204432846FFF7F0FD64B2044306AAAD
:10E8B0009021284600F022FF069B64B21B029BB207
:10E8C0007622942104432846039300F0CDFE64B2DF
:10E8D00004432846FFF7D9FD64B2044306AA9021F9
:10E8E000284600F00BFF64B29DF81B20039B0443F5
:10E8F00064B21343002281212846039300F0B4FE42
:10E9000006220443FF21284600F0AEFE64B2044311
:10E910000DF115028321284600F0DAFE9DF815203E
:10E9200064B2044302F0FB028321284600F09CFEFF
:10E9300064B204430122FF21284600F095FE64B230
:10E94000044301220021284600F08EFE64B20443F5
:10E950000022FF21284600F087FE64B20443002213
:10E960008021284600F080FE64B2204340B2002897
:10E9700041D1039BBBF1000F0CD0F8070AD40998D2
:10E98000BDF8282085F813A185F81461C5F82A017F
:10E99000A5F82E21029A82B1B9070ED49DF816204F
:10E9A00085F8F1209DF8172085F8F2200BA905F1D4
:10E9B000F300029305F0AAFC029B019AB2B17A0718
:10E9C00014D4079AC5F81821089AC5F81C214FEAF3
:10E9D0004922C5F820213BB1A3F5C8534FF47A7200
:10E9E00053431B095B429BB21BB2EB6047EA08072B
:10E9F00085F8F070002011B0BDE8F08F5E46DA4671
:10EA00000AE6B24608E64FF000094B4672E740B10D
:10EA100001380023FF2803F1010203D800EB032093
:10EA200080B2704740081346F4E7C3B2000A03FA05
:10EA300000F0013070470000084B5A434FF47A73DE
:10EA400002F5FA724FF4FA60B2FBF0F0B2FBF3F2A7
:10EA500003FB0100B0FBF2F0704700BF002F3A004B
:10EA6000064B5A434FF47A7002F5FA72B2FBF0F299
:10EA70004A4302F5FA72B2FBF0F07047002F3A00F9
:10EA80002DE9FF4102294FF00005074616468DF893
:10EA90000350ADF804501CD80DF102022946FEF7D0
:10EAA000CDFB044630B90DF103024621384600F093
:10EAB0000FFE04469DF80300FFF7B7FF81B29DF8F3
:10EAC00002203846FFF7CCFF3060204604B0BDE896
:10EAD000F081032918D10DF102022946FEF7AEFBA1
:10EAE0000446002846D101460DF102023846FEF7E1
:10EAF000A5FB044628B901AA5121384600F0F3FDD0
:10EB00000446BDF80400D7E7042935D102A9FEF771
:10EB1000E9FB9DF80B304BB30DF102022946384654
:10EB2000FEF78CFB044618BB01AA5121384600F0C1
:10EB3000DAFD0446BDF80400FFF777FF85B2BCB9E3
:10EB40000DF1020201213846FEF778FB044678B940
:10EB50000DF106027121384600F0C5FD0446BDF8EE
:10EB60000600FFF762FF80B2401BA7E71D46E7E7FC
:10EB70000020F9E72846A7E728462C46A4E7F0B589
:10EB8000022985B0054616461ED80DF10502002162
:10EB9000FEF754FB0446A0B99DF8052031462846EF
:10EBA000FFF74AFF83B2B3F5807F9ABF00F1FF32CF
:10EBB000D2B2FF22A5F8D8204621284600F054FD05
:10EBC0000446204605B0F0BD03291FD10DF1050212
:10EBD0000021FEF733FB9DF8052004463146284608
:10EBE000FFF72AFF80B2FFF712FF0246ADF80600DA
:10EBF000A5F8D800002CE4D15121284600F03FFDB3
:10EC000004460028DDD1C5F8E460DAE7042939D1EB
:10EC100002A9FEF767FB9DF80B70B7B10DF1050275
:10EC200000212846FEF70AFB04460028C9D10DF151
:10EC300006025121284600F056FD04460028C0D1A6
:10EC4000BDF80600FFF7F1FE87B20DF105020121C4
:10EC50002846FEF7F3FA04460028B2D19DF80520B5
:10EC600031462846FFF7E8FE3844FFF7D0FE712111
:10EC70000246284600F003FD04460028A1D1C5F84D
:10EC8000DC609EE76FF003049BE7F0B585B00023DE
:10EC90008DF80330D30705460F46164605D441B913
:10ECA000A2F10C03DAB2062A12D96FF0030005B004
:10ECB000F0BD012920D1A2F10803DAB2062AF4D866
:10ECC000062B19D8DFE803F0371865188618990065
:10ECD000062B11D8DFE803F0041029102B102D00AB
:10ECE00018225721284600F0BFFC0822562128464A
:10ECF00000F0BAFC0028DAD17408013CE4B2002F1D
:10ED000000F08E80012FD0D101AA04212846FFF700
:10ED1000B7FE38B922467021284600F0A5FC00282D
:10ED200000F0B28085F8E060C1E73022D9E74022E8
:10ED3000D7E75022D5E71022482100F095FC0822A1
:10ED40004721284600F090FC022204463221284642
:10ED500000F08AFC0C2204433021284600F084FC99
:10ED600064B204430122FF21284600F07DFC64B216
:10ED7000044364B230223021284600F075FC0022A2
:10ED80000443FF21284600F06FFC64B2204340B2E8
:10ED9000B0E72822482100F067FC082247212846D6
:10EDA00000F062FC032204463221284600F05CFC9D
:10EDB000044364B209223021284600F055FC0122A8
:10EDC0000443FF21284600F04FFC64B2044364B2C0
:10EDD0002022D0E73822482100F046FC08224721B3
:10EDE000284600F041FC032204463221284600F068
:10EDF0003BFC044364B20822DDE74822114600F0E0
:10EE000033FC08224721284600F02EFC032204464A
:10EE10003221284600F028FC044364B20722CAE7E6
:10EE200002AA03212846FFF72BFE88B903AA022174
:10EE30002846FFF725FE58B922465021284600F003
:10EE400013FC28B9029A03212846FFF798FE10B157
:10EE500085F8E8602BE7039A02212846FFF78FFE2A
:10EE600085F8E86000287FF422AF69692846FEF73C
:10EE7000E1F900287FF41BAF024601230DF10301E5
:10EE80002846FFF751F912E7019A04212846FFF7B7
:10EE900076FE85F8E060E5E713B5144629B101294F
:10EEA00010D06FF0030002B010BD0DF10702502129
:10EEB00000F00EFC0028F6D19DF8073001335B000E
:10EEC0002370F0E70DF107027021F1E7F0B50023A0
:10EED00085B04FF4FA62CDE9002344F61F639942EE
:10EEE00006460F4604D86FF00305284605B0F0BD6E
:10EEF00002A9FEF7F7F905460028F6D19DF809208A
:10EF00009DF8083013439DF80A201343A7F63634C2
:10EF10001BD06A4602213046FFF7B2FD00283BD1E4
:10EF20009DF808302BB1009B03F24E239C42DAD9A6
:10EF3000E41A9DF80A3023B3009B03F2B223B4EB2A
:10EF4000430F4FEA4302CED9A41A9DF80B305BB1B0
:10EF500001AA03213046FFF793FD019B03F52573BA
:10EF60009C42C0D9C0B9E41A9DF80C30002BBCD02B
:10EF7000A4F2262204213046FFF701FE7761054600
:10EF8000B3E79DF80930002BDFD0009B03F5257314
:10EF90009C42A8D9E41AD8E70546A6E770B54FF415
:10EFA000FA6286B00023CDE9022340F636330B60C7
:10EFB0000C4604A90646FEF795F90546002836D109
:10EFC0009DF811209DF8103013439DF81220134333
:10EFD00019D002AA02213046FFF752FD002840D185
:10EFE0009DF810302BB1029B03F24E22236813448C
:10EFF00023609DF81230EBB1029B03F2B22223682A
:10F0000003EB420323609DF81330EBB99DF81430F5
:10F010005BB101AA04213046FFF732FD019B03F2E8
:10F020002622236813442360D8B9236873612846D5
:10F0300006B070BD9DF81130002BE4D0029B03F5A3
:10F04000257223681344DDE703AA03213046FFF746
:10F0500017FD039B03F525722368134423600028E2
:10F06000D4D00546E3E72DE9F743002406460D46D4
:10F07000204615F80480B8F1000F00D010B103B09D
:10F08000BDE8F083671CB8F1FF0F15F8079029D190
:10F09000A71CEB5DB9F1030F36D8DFE809F0020BCE
:10F0A000131B271D2C44E27802EB0323A6F834310E
:10F0B0003C46DEE7271D2C44E27802EB0323A6F84A
:10F0C0003631F5E7271D2C44E27802EB0323A6F83E
:10F0D0003831EDE7271D2C44E27802EB0323A6F834
:10F0E0003C31E5E7B8F1040F0ED802344246291945
:10F0F00001A8F1F765F8434601AA4946304604EBFA
:10F10000080700F091FAD3E76FF00300D0E773B57A
:10F1100000230E4613600DF1070105461446FEF765
:10F1200018F940B99DF807302BB1B38A2A6A5343C6
:10F1300080331B0A236002B070BD13B5CB68136027
:10F14000144601AAFFF7E3FF18B92368019A134494
:10F15000236002B010BD0000F8B5B0F85451D0F8EB
:10F16000580168438030000A0E464543DDE9071721
:10F17000144652B1B60206EB5202B2FBF4F202EBB5
:10F180004202524302F50042140C069A534301F521
:10F190000042120C06200332B2FBF0F2C2EBC202B4
:10F1A000B2F5803F38BF033103F500433EBFB1FBEA
:10F1B000F0F1C1EBC10101F500414FEA134334BF47
:10F1C000090C1B4903FB03F338BF494303EB570307
:10F1D0000B44B3FBF7F39B03FE2205F120007F33C2
:10F1E000B3FBF2F35C434FF47A7704F5FA748009C9
:10F1F000B4FBF7F42401FFF735F904F5FA74BC42C7
:10F2000028BF4FF4FA63064629BFB4FBF3F300208E
:10F210005B19B4FBF7F428BFB3FBF4F0FFF722F956
:10F22000099B864294BF1E6018600020F8BD00BF95
:10F230000000F0FF2DE9F04F93B0CDE908230B69F2
:10F240000A930546CB680D930F4611AAFFF775FF89
:10F2500010AA39462846FFF75AFF834650BB119C37
:10F2600095F8E0A0D5F8DC3006934FF47A7606FBEB
:10F2700004F101F500410591803410990B9124F0BF
:10F28000FF010C9111910599D5F8E4300793BAF17B
:10F29000080F0CBF02230323090C95F8E820DFF8C0
:10F2A000AC810E910AD1089BC3F80080099BC5F878
:10F2B00040811860584613B0BDE8F08F07990F934E
:10F2C0002846FFF7B9FB5246069981462846FFF7C4
:10F2D000B3FB0F9B59490E9A814403FB09F94FEA8E
:10F2E000C92940F2776309F5FA79240AB9FBF6F9DE
:10F2F00003FB09F909F5FA79B9FBF6F909FB04F4FE
:10F3000004F180030A9C74430C40B4FBF2F44C4AB1
:10F310001B0A944228BF1446012B38BF01230C203E
:10F320004FF4167258435443FFF79CF83B7E4FEA64
:10F33000400A002B7FD14149059B3A890B4003F5D8
:10F34000FA71404B5A4341F25C23B2FBF3F20B9B40
:10F350007343B3F5481F28BF4FF44813A1EB430391
:10F36000B1FBF6F1B3FBF6F31B02B3FBF1F6360289
:10F37000C6F58036564306F50046760C06F500467F
:10F380007643B60B4FF44873734303F5004304F51B
:10F3900000401B0C5B43000C00FB0030FFF762F8E1
:10F3A00003046422323341F28837B3FBF2F340F6B0
:10F3B000B532B3FBFAF302FB0377234B9F429CBFAA
:10F3C00042F21073B7FBF3F7DDE90632134403F59D
:10F3D000FA734FF47A7A4FF4FA62B3FBFAF0B3FBA4
:10F3E000F2F202F5C812B2FBF0F088BF4FF470479A
:10F3F000FFF738F8000200F5FA70B0FBFAF040436E
:10F4000007FB0700FFF72EF80AFB00F0089B4045BA
:10F4100028BF40461860099BC5F84001CDE902931A
:10F420004FF448730093DDE90C12019433462846EB
:10F43000FFF792FE3EE74FF48036A3E70000FFFFA0
:10F44000666666009A9906000F279F24AE878F0292
:10F450002DE9F04F9B468BB00023C1F3C3099046C2
:10F4600019460DF10E02159F8DF80E3004468DF8E9
:10F470000F308DF810308DF81130ADF8123009933F
:10F48000FDF7C1FF4FF2A10A9DF80E502AFA09FAC2
:10F490000AF0010A0646DDB10023002840F09D80F5
:10F4A000149909AB05AA2046FFF7C4FE002840F0D6
:10F4B0009680149A099B5381014606AA2046FDF7BF
:10F4C000DBFF069D25B1059B9D422CBF0025012534
:10F4D00020B904AA02212046FDF795FF9DF810608F
:10F4E00026B300287DD107AA02212046FDF7C4FFDC
:10F4F00088B90122FF21204600F0B6F858B90DF175
:10F500001202B621204600F0EEF820B90246FF2193
:10F51000204600F0A9F8BDF81230079E5B02C4F83F
:10F5200048311EB19E422CBF0026012628B90DF19C
:10F53000110203212046FDF766FF9DF8113093B1BB
:10F5400000286FD1BBF1000F03D04FEA0828B8FBA9
:10F55000FBFB08AA03212046FDF78EFF089B5B45B5
:10F5600094BF0023012320B9BAF1000F3BD0FF2242
:10F570003A703A780AB914994A810DF10F020121C3
:10F5800020460193FDF73FFF20BB9DF80E20019B15
:10F59000002A08BF45F00105B9F1040F18BF9DF816
:10F5A0000F2084F82E501ABFB2FA82F252090122BB
:10F5B00084F82F209DF81020002A08BF46F001068D
:10F5C0009DF8112084F83060002A08BF43F0010341
:10F5D00084F831300BB0BDE8F08F1D467EE735462C
:10F5E0007CE70026A9E709F1FF32092A0AD8DFE8FB
:10F5F00002F0050505090907090B070B0522B7E706
:10F600000422B5E7012E01D10322B1E7B9F1040FBD
:10F6100001D0012B01D10222AAE7012D16BF002340
:10F620003D703B700023A4E710B53F2B90F85C01C0
:10F630008CBF6FF00304002403F052F900280CBFC4
:10F6400020466FF0130010BD10B53F2B90F85C0101
:10F650008CBF6FF00304002403F04CF900280CBFAA
:10F6600020466FF0130010BD08B590F85C0103F060
:10F670004BF9002814BF6FF01300002008BD08B537
:10F6800090F85C0103F047F9002814BF6FF01300F5
:10F69000002008BDF7B590F85C71154638460DF1AD
:10F6A00007020E461C4603F044F918B16FF0130030
:10F6B00003B0F0BD9DF807301D4044EA0502314615
:10F6C00038468DF8072003F01FF90028F0D0EDE749
:10F6D00008B590F85C0103F02CF9002814BF6FF016
:10F6E0001300002008BD08B590F85C0103F02AF96A
:10F6F000002814BF6FF01300002008BD08B590F873
:10F700005C0103F02EF9002814BF6FF013000020F5
:10F7100008BD08B50A20F6F74AFF002008BD08B565
:10F7200013460A460146682000F088FB003818BFDF
:10F73000012008BD0A460146682000F073BB0000A6
:10F74000F0B54E4B4E4D4F4C85B00026186023202F
:10F75000C5E900662680AE60F6F729FF0DF10502C7
:10F7600001217520FFF7DBFFC8B3474B6B60474BA8
:10F77000AB600DF1060243F64333012130462B8086
:10F78000FFF7CDFF9DF8063060B3EA2B2AD142F691
:10F790003353314606277F202B802770FFF7CAFF9F
:10F7A0000A20F6F704FF78210320FFF7C3FF0A20A1
:10F7B000F6F7FDFE01213846FFF7BCFF0A20F6F7F9
:10F7C000F6FE3F210720FFF7B5FF1420F6F7EFFE06
:10F7D00031460720FFF7AEFF0A20F6F7E8FE29487A
:10F7E00005B0F0BD03F07E038DF8063030B1682B14
:10F7F00004D1012323701D232B70F0E79DF8053001
:10F8000003F07E03682B8DF8053032D102230621E8
:10F81000237002AA6B68084698479DF80D309DF842
:10F820000B209B00520002F0020203F0040313437A
:10F830009DF8092002F0010213430CD0012B02D1E4
:10F8400000236370CBE7022B01D10123F9E70220EB
:10F85000F6F7B8FEC3E76B680DF1070201210C2033
:10F8600098479DF8073013F00F03F0D0042BECD12C
:10F87000E6E7702B04BF04232370B0E7701A002062
:10F88000741A0020262600201FF7000835F700080C
:10F8900037B50D4C2378ABB90C4D2B6893B1186874
:10F8A00010B10121FBF7FCFD2B689A889868ADF830
:10F8B000042001A94FF40072ADF8062000F058FDB5
:10F8C0000123237003B030BD25260020701A0020CC
:10F8D00037B50B4B04465D6858786A460621A84741
:10F8E00058B1BDF800305BBA2380BDF802305BBA76
:10F8F0006380BDF804305BBAA38003B030BD00BFA5
:10F90000741A002037B50B4B04465D6818786A46B8
:10F910000621A84758B1BDF800305BBA2380BDF876
:10F9200002305BBA6380BDF804305BBAA38003B0D9
:10F9300030BD00BF741A0020024B01469B687F2037
:10F94000184700BF741A002008B5FFF7A1FF024B4B
:10F950004FF480521A8008BD7200002013B5304C5D
:10F96000FFF796FF0020FFF7E7FFA368802106203E
:10F9700098479620F6F71BFEA368012106209847BA
:10F980003220F6F714FE636800200DF10702012112
:10F990008DF8070098479DF80730EA2B01D0F2F761
:10F9A00089FDA3680021032098470120F6F7FFFD99
:10F9B000A3680021072098470120F6F7F8FD2020D2
:10F9C000FFF7BAFF0120F6F7F2FDA3681F2101201F
:10F9D00098470120F6F7EBFD0021A36808469847F9
:10F9E0000120F6F7E4FDA368352114209847012093
:10F9F000F6F7DDFDA3680021102098470120F6F7F7
:10FA0000D6FDA3680021112098470120F6F7CFFD0D
:10FA10000020FFF791FF0120F6F7C9FD02B010BDED
:10FA2000741A0020054B1B78062B01BF044B0360A2
:10FA3000044B43600CBF01200020704726260020A5
:10FA400049F90008D1F80008064B1B78062B01BFC6
:10FA5000054B0360054B436003BF054BC3600120AA
:10FA600000207047262600205DF9000805F90008EF
:10FA70002D23FA3B10B57D4B98428AB0044640F0E6
:10FA8000B18001214FF48020FBF70AFD01214FF4E2
:10FA90000010FBF71DFD1020FBF7E8FC00212046BD
:10FAA00002F0A3FB204602F049FB03A802F076F91E
:10FAB0006F4B70484FF4407403A9CDE9034302F043
:10FAC0002BF921466B4802F077F90520F6F764FD23
:10FAD000122468484FF4007102F067F9012811D030
:10FAE0004FF48071634802F069F90520F6F754FD80
:10FAF00060484FF4807102F05FF90520F6F74CFD85
:10FB0000013CE6D14FF400715A4802F057F9052044
:10FB1000F6F742FD4FF48071564802F04DF905208A
:10FB2000F6F73AFD4FF40071524802F045F905200E
:10FB3000F6F732FD01214FF40010FBF7E1FC052040
:10FB4000F6F72AFD00214FF40010FBF7D9FC052041
:10FB5000F6F722FD01214FF40010FBF7B9FC4548F0
:10FB60000422082102F02CF904220921414802F064
:10FB700027F901A802F012F903A802F02BFB3E4B73
:10FB80003C484FF48071CDE9011301A902F0C4F89B
:10FB90004FF4007301A93748019302F0BDF803A8A0
:10FBA00002F018FB0024354B039301214FF40010A1
:10FBB000CDE90444CDE9074406940994FBF7A0FC81
:10FBC0000520F6F7E9FC21464FF40010FBF798FCFE
:10FBD000264803A902F0CEFA2448012102F005FBD1
:10FBE0000AB010BD264B9842FAD101214FF484008F
:10FBF000FBF756FC01214FF48000FBF769FC21481C
:10FC0000FBF734FC20480422062102F0D9F8042234
:10FC10000A214FF0904002F0D3F801A802F0BEF89C
:10FC200003A802F0D7FA144B1748402201A9CDE9E6
:10FC3000012302F071F84FF4806301A94FF0904066
:10FC4000019302F069F803A802F0C4FA0023CDE999
:10FC50000433CDE907330693099303A9074B0393B4
:10FC6000204602F087FA01212046B7E70054004001
:10FC70000103010000040048020301007A25E000AE
:10FC80000058004020000010001400480E4B98421D
:10FC90000CBF0E4A0E4A138810B501330D4C9BB2AF
:10FCA00013802068002102F0A0FA20684FF44C7104
:10FCB00002F0C3FA2068012102F097FA2068FFF7EA
:10FCC000D9FE002010BD00BF0054004014240020C5
:10FCD00012240020801A0020044B01460448002909
:10FCE00018BF1846034B1860FFF7C4BE0058004009
:10FCF00000540040801A0020044B1A68044B9A42BA
:10FD00000CBF044B044B188880B27047801A002047
:10FD10000054004014240020122400202DE9F74351
:10FD20003E4D3F4C98464FF42043064689461746C1
:10FD30002B6020684FF4004102F079FA00283DD191
:10FD40004FF400537600009306F0FE064FF08073E8
:10FD500020680122314602F051FA4FF420432B6013
:10FD60002068022102F063FA002833D02068494657
:10FD700002F058FA4FF420432B602068802102F0F3
:10FD800056FA68B3002300933A46314620684FF094
:10FD9000007302F033FA08EB07064FF42047B04532
:10FDA0002F6028D12068202102F041FA00282ED0AF
:10FDB0002068202102F041FA012008E02B685A1E39
:10FDC0002A60002BB5D12068FFF760FF002003B048
:10FDD000BDE8F0832B685A1E2A60002BC0D1F2E7E1
:10FDE0002B685A1E2A60002BC7D1ECE72B685A1EDD
:10FDF0002A60002BE7D02068022102F018FA0028C0
:10FE0000F4D018F8011B206802F00CFAC7E72B6841
:10FE10005A1E2A60002BC5D1D5E700BF841A0020E6
:10FE2000801A002007B58DF807200DF10703012285
:10FE3000FFF774FF03B05DF804FB00002DE9F74302
:10FE40003F4D404C98464FF420430646894617469E
:10FE50002B6020684FF4004102F0E9F903460028C6
:10FE60003DD14FF400527600009206F0FE06206865
:10FE70000122314602F0C2F94FF420432B60206882
:10FE8000022102F0D4F9002836D02068494602F059
:10FE9000C9F94FF420432B602068402102F0C7F9D4
:10FEA00000282FD04FF410530093314620684FF0B4
:10FEB00000733A4602F0A2F900264FF42049BE42F0
:10FEC000C5F8009029D12068202102F0B0F900285F
:10FED00030D020682021F6B202F0AFF908E02B689C
:10FEE0005A1E2A60002BB4D12068FFF7CFFE0026EF
:10FEF000304603B0BDE8F0832B685A1E2A60002B01
:10FF0000BDD1F1E72B685A1E2A60002BC4D1EBE764
:10FF10002B685A1E2A60002BE6D02068042102F0CC
:10FF200086F90028F4D0206802F07EF908F806006F
:10FF30000136C4E72B685A1E2A60002BC3D1D3E7D1
:10FF4000841A0020801A00202DE9F7432C4D2D4CF7
:10FF50004FF4204306460F4690462B6020684FF42E
:10FF6000004102F064F9814630BB4FF40053760043
:10FF700006F0FE060093314620684FF080730122A0
:10FF800002F03CF9CDF800903A46314620684FF037
:10FF9000007302F033F947444FF42046B8452E6011
:10FFA0001BD12068202102F042F910B320682021E3
:10FFB00002F043F9012008E02B685A1E2A60002B4A
:10FFC000CCD12068FFF762FE002003B0BDE8F083CB
:10FFD0002B685A1E2A60002BF3D02068022102F001
:10FFE00026F90028F4D018F8011B206802F01AF94D
:10FFF000D4E72B685A1E2A60002BD2D1E1E700BF5C
:020000040801F1
:10000000841A0020801A00202DE9F7434FF4105382
:100010001F4D00930F464100904628681D4E4FF03B
:1000200000733A4601F0FE0102F0E8F800244FF4B4
:100030002049BC42C6F8009016D12868202102F061
:10004000F6F8F0B128682021E4B202F0F6F807E0F3
:1000500033685A1E32603BB92868FFF717FE002448
:10006000204603B0BDE8F0832868042102F0DFF8E1
:100070000028EDD0286802F0D7F808F80400013411
:10008000D7E733685A1E3260002BD6D1E4E700BFB1
:10009000801A0020841A002010B5012188B04FF486
:1000A0008040FBF715FA01214FF48040FBF728FA56
:1000B00001214FF48020FBF7F3F9274805220D2199
:1000C00001F07EFE244805220E2101F079FE22482F
:1000D00005220F2101F074FE052211461E4801F091
:1000E0006FFE1D4805220C2101F06AFE4FF46042AC
:1000F00040F2023301A91848CDE901234FF480549E
:1001000001F00AFE40F2013301A91348CDE9014391
:1001100001F002FE114802F093F8114B11484FF024
:100120008271CDE903130823CDE905032146072396
:100130000A48ADF81C3002F006F903A9074802F09E
:10014000B1F80648012102F0F2F80348214601F017
:1001500033FE08B010BD00BF000400480038004066
:10016000000702000100000208B5044B984203D1C9
:10017000FFF792FF012008BD0020FCE70038004097
:100180000B4B984207D10B4A138801339BB2138063
:100190004FF0FF307047084B984201D1074AF3E710
:1001A000074A138801339BB21380108880B27047CE
:1001B000003001401A24002000380040182400209C
:1001C0001624002070B504460E4640F2E93502219F
:1001D000204602F0C7F878B13146204602F0BEF85A
:1001E00040F2E9350121204602F0BCF868B1204612
:1001F000BDE8704002F0B4B8013DADB2002DE6D1CB
:100200002046FFF7BDFFC0B270BD013DADB2002D6D
:10021000E8D1F5E72DE9F8439846838904460D4671
:1002200016464FF47A77B8F1000F01D1012025E08E
:10023000C6B116F8019B0221204602F093F8A0B146
:100240004946204602F08AF80121204602F08AF849
:10025000C0B1204602F084F80DB105F8010B08F199
:10026000FF38E0E74FF0FF09E5E77B1E9BB23FB99F
:100270002046FFF785FF003818BF0120BDE8F8834E
:100280001F46D8E77B1E9BB2002FF1D01F46DBE74D
:1002900008B5FFF7D3FD003818BF012008BD13B51E
:1002A000012204466B4610210C20FFF7F1FF10B924
:1002B000002002B010BD9DF80030DB07F8D56B467A
:1002C000072211210C20FFF7E3FF0028F0D0BDF832
:1002D00000302380BDF802306380BDF80430A38075
:1002E000012231210C20FFF79DFDE2E7FFF79ABDC7
:1002F00008B5012232210C20FFF7F8FF4FF47A7085
:10030000F6F755F9012231210C20FFF7EFFF01200C
:10031000F6F74DF9012008BD37B500240546224601
:100320007F2168208DF80740FFF7E0FF32220F2180
:100330006820FFF7DBFF224603216820FFF7D6FF86
:1003400001220DF1070311460C20FFF7A1FF9DF8D4
:100350000730092B01BF044B2B60044B6B600CBFB3
:100360000120204603B030BDF10201089F020108C0
:10037000F7B506460C4600250127228807FA05F343
:100380001A4219D00093A37803F003028DF80420D9
:10039000E278022A02D0032A18BF01228DF8052034
:1003A0006946C3F301123046C3F381038DF806207A
:1003B0008DF8073001F0B0FC0135102DDDD103B010
:1003C000F0BD000030B5204D0FCD8DB06C460FC490
:1003D0000FCD0FC495E80F0084E80F0001214FF402
:1003E0000020FBF75DF801214FF40020FBF758F8DF
:1003F00001214FF40020FBF753F801214FF40030A6
:10040000FBF74EF84FF0904310221A8520221A85F0
:1004100040221A854FF48042C3F818284FF4005246
:10042000C3F818284FF40042C3F8182801AC00257F
:1004300054F8040C21460135FFF79AFF062D04F10C
:100440000804F5D10DB030BD3C550108012803D09A
:10045000022813D008B37047174A19B94FF48043E4
:1004600093617047012903D14FF48043138570478E
:10047000938A9BB283F48043938270470E4A11B9EA
:100480004FF40053ECE7012902D14FF40053EDE79C
:10049000938A9BB283F40053EEE7074A11B94FF4F5
:1004A0000043DDE7012902D14FF40043DEE7938AE0
:1004B0009BB283F40043DFE70008004810B54FF417
:1004C00080510446064801F079FC21460548FFF7B3
:1004D00079FEBDE8104002484FF4805101F06CBC39
:1004E000000400480038004013B50F4C2078B0B12C
:1004F00005230E48ADF800304FF4805101F05EFC4A
:1005000002236A4601A90A48FFF784FE07484FF410
:10051000805101F051FC9DF8050000F001002070B1
:1005200080F0010002B010BD282600200004004821
:100530000038004070B50646F5F7E8FF0546FFF7BE
:10054000D3FF044620B9F5F7E1FF401BB042F6D9CE
:10055000204670BD07B59F2332200093F6F727F899
:1005600000232A488DF805304FF4805101F026FC15
:1005700004230DEB03016A462548FFF74BFE234891
:100580004FF4805101F018FC9DF806309DF80520CD
:100590001B0243EA02439DF8072013431D4A93427E
:1005A0001D4A13D00CDC1D498B4216D001F51A41AF
:1005B00002318B4223D00020C2E9020010601BE010
:1005C00017498B421BD001318B42F4D14FF00123EC
:1005D00013604FF40051134B04E0134B1360114BA5
:1005E0004FF400411985938811881B0293604B4397
:1005F000D3600E4B0120187003B05DF804FB0C4B68
:1006000013604FF48041074BECE700BF0004004843
:100610000038004018BA2000780300201520200080
:100620001740EF00000800482000000128260020A5
:100630008000000108B545F20820FFF77BFF062087
:10064000FFF73CFF034B01221A70C720BDE80840AA
:10065000FFF734BF2826002007B502238DF80430A9
:10066000030C40BAADF8060006208DF80530FFF700
:1006700061FF0620FFF722FF084B094801224FF4D3
:1006800080511A7001F09AFB04230DEB0302002144
:100690000448FFF7BFFD03B05DF804FB28260020E7
:1006A000000400480038004002460B460148002183
:1006B000FFF7B0BD0038004002484FF4805101F010
:1006C0007BBB00BF0004004837B503238DF804301E
:1006D000030C40BAADF8060006200D4614468DF80E
:1006E0000530FFF727FFC8B10D484FF4805101F0E6
:1006F00065FB04230DEB030200210A48FFF78AFD86
:100700002946084823460022FFF784FD04484FF499
:10071000805101F051FB204603B030BD0446FAE79A
:10072000000400480038004000487047780300206B
:100730002DE9F047224E002333804278837A044625
:100740005B000AB9827802B101331E4ADFF878A053
:1007500052F823704FF6FF79A7F10208083738F8EE
:10076000025F4D450ED02B0A022B09D0EDB2012BB2
:100770000AEB051509D1637813B1284600F04EFA4B
:100780004745ECD10E48BDE8F087032BF8D1E3795B
:100790003BB17178284600F06BF9737801337370C0
:1007A000EEE7A08900F032F97178A289E38918B1E7
:1007B000284600F031F9F0E7284600F043F9ECE76D
:1007C0002926002050600108601E002007B549BAA4
:1007D000ADF8041001AB014602224020FFF79EFA5B
:1007E00003B05DF804FB07B5014601AB02224020CF
:1007F000FFF724FB30B1BDF8040040BA80B203B06B
:100800005DF804FB4FF6FF70F9E741F29F110020FD
:10081000FFF7DCBF08B50220FFF7E5FFC3075BBFAA
:10082000C0F3CF0019234FF6FF70B0FBF3F008BD03
:1008300008B50120FFF7D7FF642300B290FBF3F067
:1008400008BD0000064B53F820301A681B89A1F53B
:100850007A7159434FF47A7391FBF3F11160704749
:10086000881A0020024B53F820301B68196070472B
:10087000881A00202DE9F04F9B46454B454D1F78C7
:10088000044691467A1C87B000681A700A464946A9
:1008900000F028FE23896068ADF8043001A940F219
:1008A0000223ADF80630FFF763FD01A894F80AA013
:1008B000266801F0BFFE01237022CDE90123022347
:1008C000ADF81030BAF1080F4FF480734FEA0718F3
:1008D000CDF80CB005EB0717ADF814303ED01FD89B
:1008E000BAF1000F28D0BAF1040F2ED0237B1BB130
:1008F0002068012101F046FF2068012101F0B5FDCB
:10090000A27A2368082A3FD031D8AAB3042A38D063
:1009100045443846A5F808906B6007B0BDE8F08FF5
:10092000BAF10C0FE2D101A9304601F059FE0821BD
:10093000304601F099FED9E701A9304601F0A2FD49
:100940000821304601F07DFED0E701A9304601F0D4
:10095000D9FD0821304601F07AFEC7E701A93046EB
:1009600001F008FE5146304601F078FEBEE70C2A41
:10097000CED103F1400201E003F1340245F8082032
:10098000C6E703F13802F9E703F13C02F6E700BFDE
:100990002B260020B81A0020044A52F820201AB151
:1009A0000B2801D8D3681847704700BF881A002069
:1009B0000023064A10B51C46D9B2884200D810BDA3
:1009C00052F8041B096801330C60F5E7881A00200F
:1009D0002DE9F84300240C4D06462346A046B442B8
:1009E00001D1BDE8F8832A6857689F42A94602D022
:1009F000384600F063FED9F800301B680435C3F8B0
:100A0000008001343B46EAE7881A0020B0F5FA7FFF
:100A100094BF00200120704710B50C460649B1FB79
:100A2000F2F2142192B2FFF725FF044B43F82400A1
:100A3000034BC36010BD00BF002D3101881A002098
:100A40004508010810B50C460649B1FBF2F2012138
:100A500092B2FFF70FFF044B43F82400034BC3602F
:100A600010BD00BF40420F00881A00206508010831
:100A700010B500230C464FF6FF720821FFF7FAFE6F
:100A8000024B43F82400024BC36010BD881A0020BB
:100A900065080108024A136C01330B441364704764
:100AA000781B0020334BF0B4186C9A68014432482C
:100AB0000078C1408A1A9960596040F68C218A42B8
:100AC000DA603CD9197893F9452093F900409142B6
:100AD00029D10A1F082A26D893F84620182A03D8B5
:100AE000013283F8462001E083F8444093F9442022
:100AF00091420FD193F8471061B12048204D002159
:100B000006468A4211DC00210C2A14D11D490A78BC
:100B100001320A70012283F84720002283F8454001
:100B20001A70F0BC70470022DBE755F8047F20F80C
:100B3000027B0131E5E726F812100132E4E793F871
:100B400047100029EDD0A2F2EF2040F2DA5188429E
:100B500008D819780B2905D8081D013143F8202041
:100B60001970DEE70021F0BC074883F847103022F7
:100B700003F010BB781B00202C2600201C24002032
:100B8000841B00202E260020881B0020034B187891
:100B9000034B1B78C01A18BF012070472E26002077
:100BA0002D260020024B1A78024B1A70704700BFA6
:100BB0002E2600202D260020014B1870704700BF04
:100BC0002F260020054A002332F8020B18B9013302
:100BD0000C2BF9D170470120704700BF1C24002066
:100BE0007FB5044601A80E46154601F044FD0123D9
:100BF0000293094BADF804601B78ADF80650012B49
:100C000014BF0023032301A92046ADF80C3001F0E6
:100C100061FD04B070BD00BF2F2600207FB51C4BC6
:100C20001C4E4FF6FF7200255A640446C3E9015575
:100C30001D70DD601D64437B0289F0608DF80E300D
:100C400003A9022340688DF80F30ADF80C203570F1
:100C5000FFF78EFBA17A20682A46FFF7C1FF012229
:100C60002946204600F060FC06F110000A4900F019
:100C700070FC06F1140318460849019300F06BFC60
:100C8000019A2046111F04B0BDE8704000F068BC16
:100C9000781B0020C01B0020A50A0108950A010846
:100CA000014B33F8100070471C240020014B33F82F
:100CB000100070471C240020D0E9091203699142FA
:100CC00038BFC9188A1A416B581E19B14B681A44AB
:100CD000904202D9801AC0B2704700207047436B1F
:100CE00013B190F844007047D0E909031B1A584229
:100CF0005841704710B5044686B0006D002101F0E0
:100D0000ADFDA3680093A3791A0302F40052029286
:100D10001B02627903F48063039302F001039B00DA
:100D2000920748BF43F0080304930021206D01910E
:100D30000591694601F038FD6179A279206D0904B9
:100D400002F0010201F4403101F091FDA179206D22
:100D500011F0080118BF012101F095FD206D01215E
:100D600001F07CFD06B010BD8160FFF7C3BF41718B
:100D7000FFF7C0BF036B10B502464BB1046C596856
:100D80000B1B8C42D8B202D9D3681844C0B210BD34
:100D9000D0E907408442C1B238BFD068E3B236BF61
:100DA000C018581A401AF1E7034610B51C6B406989
:100DB000D96844B11A6C8C1A013A005D18BF11460B
:100DC000C0B2196410BD1A6A805C01328A4238BF11
:100DD0001446C0B21C62F5E72DE9F0471E46514BA0
:100DE0008CB098429DF850908A4617467ED14A466C
:100DF0003146384600F0D6F800254FF00108C0E92A
:100E00000755C0E9095580F84480C0F82CA0467108
:100E1000876080F806900446FFF76CFFF2072CD538
:100E2000236B002B6BD001A801F056F9E36C019302
:100E30004FF48053CDE90A3580230693E368ADF87B
:100E400010302023206B0993636902930595079561
:100E50000895039501F0AAF8206B01A901F020F98B
:100E6000206B414601F045F9206D4246402101F0DA
:100E700013FD206B01F04AF92064B3072ED5636B94
:100E8000002B46D001A801F027F9A36C019300259F
:100E90004FF48053CDE90A352369606BADF810300B
:100EA00080261023039305950795069608950995C6
:100EB00001F07CF8606B01A901F0F2F80122606B8F
:100EC000022101F026F9606B294601F01DF9636BE0
:100ED000206D5D600122314601F0DEFC206D0121B4
:100EE00001F0BCFC20460CB0BDE8F0870E4B9842E8
:100EF00015D14A463146384600F0DAF87CE7206DD5
:100F00000A4901F0E8FC0949206D424601F0CCFC99
:100F1000B3E70749206D012201F0C6FCDEE700249B
:100F2000E0E700BF00380140004400400501050033
:100F3000070107000346826A9969406B1144C1604A
:100F4000596A8A4229BF19698A1A891A416034BFCD
:100F5000426000210022996283F84420012101F0BF
:100F6000C8B8000010B4426A8469A154426A016999
:100F700001328A4228BF00224262426B32B11368BA
:100F8000DB070AD45DF8044BFFF7D4BF0449006DBA
:100F90005DF8044B012201F087BC5DF8044B7047FB
:100FA000070107007FB53A4B15463A4A1A603A4A9C
:100FB0005A613A4A9A614FF48072C3E90322384A6F
:100FC0005A63384A1A6524329860DA644FF48040D4
:100FD00004320C4601219A64FAF76EFA01210846A0
:100FE000FAF75EFA40F20233ADF80C3005F0010674
:100FF00000238DF80E30280706F101038DF80F301D
:1010000024D586F0010309214FF090404FF400747D
:10101000072202948DF80E3000F0D2FE02A94FF0A4
:10102000904000F079FE26B921464FF0904000F044
:10103000C3FE1D4B019301A8FAF70AFB1B4B01935A
:1010400001A8FAF705FB124804B070BDA2070DD540
:101050004FF4007309214FF090400722029300F0F3
:10106000AFFE02A94FF0904000F056FEE307E0D536
:101070004FF4806307220A214FF09040029300F062
:101080009FFE02A94FF0904000F046FED1E700BF5E
:10109000F41C002090600108302900203028002036
:1010A00044000240003801400E010001250100010A
:1010B0007FB5314B1546314A1A604FF48072C3E94F
:1010C00003222F4A5A612F4A98609A610C462E4A91
:1010D0001A6501214FF40030FAF7FAF940F20233B1
:1010E000ADF80C3005F0010600238DF80E3029070D
:1010F00006F101038DF80F301ED586F001030221A1
:101100004FF090400424072202948DF80E3000F036
:1011100057FE02A94FF0904000F0FEFD26B921468F
:101120004FF0904000F048FE184B019301A8FAF7E9
:101130008FFA114804B070BDA2070CD50423022118
:101140004FF090400722029300F03AFE02A94FF0C0
:10115000904000F0E1FDE307E6D5082307220321D4
:101160004FF09040029300F02BFE02A94FF0904008
:1011700000F0D2FDD8E700BFA01C0020906001085D
:1011800030270020302600200044004026010001C6
:1011900010B54FF400500C4C00F0CEFF0B4800216E
:1011A00000F0A7FF606B002100F0A3FFD4E9092342
:1011B0009A4204D02046BDE81040FFF7BBBE012391
:1011C00084F8443010BD00BFF41C002044000240ED
:1011D000026D036B70B5D569044633B9A90604D511
:1011E000C36AF3B1908C80B29847666B8EB92A06B9
:1011F0000FD5A36A626A206D93421FD0591CA26961
:10120000A162D15C01F03BFBA26A23699A4200D340
:10121000A6622B0717D5206D0B49BDE8704001F081
:101220005ABBE169928C40694E1CD2B2E6614254CD
:10123000E169E268914228BFE361D6E7034932469B
:1012400001F032FBE5E770BD000303000701070072
:101250000148FFF7BDBF00BFF41C00200148FFF7A5
:10126000B7BF00BFA01C0020014B024ADA607047E4
:1012700000ED00E00400FA05034B044AC3F8FC2F1C
:10128000034B044ADA60704700900020EFBEADDEE9
:1012900000ED00E00400FA0507B501214FF4FC0061
:1012A000FAF7FEF803238DF8063001A941F6FF7323
:1012B0004FF09040ADF80430FFF75AF84FF6FF7347
:1012C00001A90C48ADF80430FFF752F801A90A480B
:1012D000FFF74EF801A90948FFF74AF801A90848A5
:1012E000FFF746F8074801A9FFF742F803B05DF899
:1012F00004FB00BF0004004800080048000C004840
:101300000010004800140048184AB2EB902F4FEA32
:10131000902323D3083A93420FD8493A93421FD0DF
:10132000013293421ED0B3F5801F4FF0FF3018BF3B
:10133000002080F0FE00C0B27047A3F580134B3B45
:10134000072B0BD8DFE803F0100A040A0A060A0884
:10135000042070470520704706207047FE20704724
:101360000220704703207047002070475200100091
:101370002DE9F0410669C3681E40F70704460D4693
:1013800021D4B0072ED4710707D56FF00403236171
:101390006868A16B036889B29847320707D56FF078
:1013A00008032361A868E16B036889B29847F306D4
:1013B00021D56FF010032361E868216C0368BDE854
:1013C000F04189B218476FF001030361C16A2F6AC7
:1013D0001FFA81F8002FD4D03B6838464146984721
:1013E0007F68F7E76FF0020323612868616B036889
:1013F00089B29847C7E7BDE8F081034670B4084654
:1014000003F12001EFF31282502484F3128803F1D8
:101410000C0403F11C0654F8045F0DB10D60291D86
:10142000B442F8D100240C60D2B282F311881A6A57
:10143000121B18BF012270BC012101F0ACB90000E1
:10144000F0B51E4C94E80F0095B08DE80F0004F144
:1014500010030FCB0DF1100C8CE80F0004F12003EA
:101460000FCB08AF87E80F0004F130030FCB0CAEB1
:10147000403486E80F0094E80F0010AD85E80F00B7
:101480009DE80F000E4C84E80F009CE80F0004F16B
:10149000100E8EE80F0097E80F0004F1200C8CE886
:1014A0000F0096E80F0004F1300787E80F0095E879
:1014B0000F00403484E80F0015B0F0BD6C550108F2
:1014C000601E002007B501238DF804008DF805305B
:1014D00001A84FF48073ADF80630FAF7B9F803B0FD
:1014E0005DF804FB7FB5054601A816460C4600F0E2
:1014F000B5FF0B4B5E430B4B013C1B68B3FBF6F394
:10150000013BADF80430A4B2002301A9284602949F
:10151000ADF80C30ADF8063000F05AFF04B070BDE5
:1015200040420F000400002010B504460068FFF799
:10153000D9FF2068012100F098FFE07AFFF7C2FF91
:10154000E37A1B2B04D1BDE810401920FFF7BABF86
:1015500010BD0160704700230160436070470000C8
:101560002DE9F8430768044638469046FFF7CCFE5D
:1015700006280D46064625D8A37A9A08914631B921
:101580000221914089B22A46384601F004F90A2323
:101590000D4F03FB069347F82350043347F823808D
:1015A00045B1A37A20689B0802219940012289B2A3
:1015B00001F0F1F82820216800FB0670BDE8F8432F
:1015C000FFF71BBFBDE8F883481D00200149024812
:1015D000FFF7CEBE481D0020002C0140FFF7F6BFEC
:1015E00002494FF08040FFF7C3BE00BF701D0020CE
:1015F00001490248FFF7BCBE981D002000040040CE
:1016000001490248FFF7B4BEC01D00200008004099
:1016100001490248FFF7ACBEE81D0020003401403C
:10162000FFF7F6BF01490248FFF7A2BE101E0020D7
:101630000040014001490248FFF79ABE381E0020D1
:101640000048014038B54FF48C7200211648174C01
:1016500002F0A0FD01210720F9F73AFF01214FF424
:10166000A520F9F729FF01214FF4C020F9F718FF51
:101670000025E27BA17B6068043500F0A1FB142DFE
:1016800004F11004F5D10A4B00221A705A709A70B6
:10169000DA701A71074BFF221A705A709A70DA705A
:1016A0001A715A719A7138BD481D0020601E0020C1
:1016B000372A0020302A00207047000038B5014644
:1016C000FFF722FEEFF31283502282F31288074ABB
:1016D0004C6A282505FB00204A69013442F00102CA
:1016E0004462DBB24A6183F3118838BD481D002093
:1016F000022813B519D003281BD0F0B1072246F6F3
:101700002503104C5BBA2260022101AA6320ADF8C8
:101710000430FEF719FC0C4B00221A70F4F7F6FEA9
:101720000A4B1860206802B010BD182247F2DF0390
:10173000E7E7622247F66603E3E7032246F29C03EB
:10174000DFE700BFB41E00203C2A0020B81E0020A6
:101750002DE9FF4105460A20F4F729FF4CF6EF0377
:101760006A4602216320ADF80030FEF7EDFB20B998
:101770000024204604B0BDE8F0810120F4F717FFF3
:1017800001AA02216320FEF73FFC0028F0D0BDF83B
:1017900004305BBA03F03F03082BE9D1224B02AAC5
:1017A000186802901B79137105216320FEF7CCFBAA
:1017B0000028DDD01D4F04264FF2C7786A4602216B
:1017C0006320ADF80080FEF7BFFB04460028CFD0B1
:1017D0000120F4F7ECFE01AA02216320FEF714FCBD
:1017E0000028C5D0BDF804305BBA9BB207EE903A32
:1017F000F8EEE77A013EE7EC017ADFD10C4B6B6142
:101800000C4A0D4BEB61002313600C4A13600C4B28
:1018100062221A60F4F77AFE0A4B18600A4B012024
:101820001E70FFF765FFA4E7BC550108C81E002025
:10183000F1160108BC1E002095190108C01E0020E9
:10184000B41E0020B81E00203C2A002005EE102AFD
:1018500007EE103A00284AD0002948D0B8EE477A5F
:10186000DFED3C6ADFED3C7A3C4A3D4BDFED3D5A13
:10187000D3ED034A9FED3C6ADFED3C3A9FED3C4AD5
:10188000E7EE267ADFED3B6AC2ED007ADFED3A7AC9
:1018900037EE677AD3ED007A67EE277A67EE877ABC
:1018A000E7EEA56AD3ED017A67EE277A67EE877ACD
:1018B00067EEA57AE4EE867A93ED026ADFED2F4AB1
:1018C00027EE066A26EE077A9FED2D6AA7EE256AB7
:1018D00066EEA35AE6EE045AE7EEA45AF5EE405A35
:1018E000F1EE10FA04D10023036013680B60704717
:1018F00027EE867A26EEA73A27EE237A26EE866A28
:10190000A3EE047A1F4BA6EE247A9FED1F6AC7EE62
:10191000254A9FED1E7ADFED1E5A27EE677A76EE96
:10192000E77AA6EE867A76EEA46AA4EEE57AC7EEAA
:10193000275AF8EE457A36EE656A77EEA47A26EEF7
:10194000266A86EE277A77EE257AC3ED007AC0ED17
:10195000007ACAE700002F3B000034C2C01E0020FE
:10196000C81E002000008033000000450050C3C6A0
:1019700000B808C70000604A0000004700606A47DE
:101980000000384BBC1E002000C82F4700409C4779
:1019900000B808477FB516460D4611B9002004B0BF
:1019A00070BD002AFAD01E4B1B68C01A1D4B1B6865
:1019B0009842F3D301AA09216320FEF725FB0028F2
:1019C000ECD01948BDF804200488184952BA312CCB
:1019D00093B20A8020D8164901340A68A4B21A4486
:1019E000322C0A60048003D1B2FBF4F211490A8060
:1019F0009DF808409DF807200F49240244EA02445C
:101A00009DF80A2022430A6028463146FFF71EFF50
:101A10000A4B01201870C2E7064B1B880B80E7E7D2
:101A2000B81E0020B41E00203424002038240020DA
:101A3000B01E002036240020C41E00203C2A0020B6
:101A4000014B1860704700BF181F0020014B188021
:101A5000704700BF3A240020014B01205B69184702
:101A6000341F0020FFF7F8BF70B50E4E0E4C4FF438
:101A70007A73B0FBF3F5337823B963690120984793
:101A800001233370E369094A09492846984740B160
:101A9000F4F73CFD074B186063690120BDE8704016
:101AA000184770BD3F2A0020341F00202C1F002043
:101AB000301F0020241F0020FFF7D6BF014B1868FD
:101AC000704700BF241F002008B51A4BD3ED007AE1
:101AD000F5EEC07AF1EE10FA2DED028B27D9164BF8
:101AE00093ED007AB5EEC07AF1EE10FA1FD987EEC9
:101AF000270AB5EEC00AF1EE10FA18D90F4BDFED48
:101B0000107A93ED008A38EE278A00F093FFDFED1C
:101B10000D7A0D4B20EE080A20EE270ADFED0B7A36
:101B200020EE270A83ED000ABDEC028B08BD9FED75
:101B3000080AF9E7301F0020201F00201C1F00208A
:101B4000339388438E2BEA41281F00200000C842AF
:101B500000000000FFF7B8BF2DE9F843DFED2E7A53
:101B60002E4C2F4DDFF8C0802DED028B6526C4ED85
:101B7000007AB0EE677AB0EE678AB5EE407AF1EEA1
:101B800010FAC5ED007A17D1013E03D1BDEC028BEE
:101B9000BDE8F8832327F4F79FFCFFF765FF0A20D1
:101BA000F4F705FD013FF6D198ED007A1D4B84ED69
:101BB000007AD3ED007AE0E7DFF86C80DFF864901C
:101BC00084ED008A85ED008A0F270A26F4F784FC4D
:101BD000FFF74AFF0A20F4F7EAFC013EF6D194ED44
:101BE000007AD8ED007AD9ED006A37EE277AD5ED84
:101BF000007A84ED007A77EEA67A013FC5ED007A8F
:101C0000E3D1F2EE0E6A87EE266A87EEA67A84EDBD
:101C1000006A85ED007AB9E700000000201F00206F
:101C20001C1F00202C1F0020301F0020FFF794BF36
:101C3000044B1A68044B1A60044B1A68044B1A6070
:101C4000704700BF301F0020201F00202C1F0020E5
:101C50001C1F002038B5FFF737FF294B1A7832B127
:101C6000284A82ED000A00221A70002038BD26485A
:101C7000264C0278264B2578511C9200C9B21A4492
:101C8000017082ED000ABDB90E29EED9DFED217A8F
:101C90000F22B3EC017A013A12F0FF0277EE877A55
:101CA000F7D1F2EE0E6A87EEA67A164B027083ED3C
:101CB000007A01232370D8E70E29D6D9114A9FED67
:101CC000157AD2ED006A0F22F3EC017A77EEE67A0C
:101CD000013AF0EEE77AF4EEC77AF1EE10FAC8BFF7
:101CE000B0EE677A12F0FF02EED1F3EE047AB4EEB2
:101CF000E77AF1EE10FA0270CCBF01200020B5E7C0
:101D000088030020141F00203E2A00203D2A0020C6
:101D1000D81E0020000000002DE9F041002201261D
:101D200003250B6806FA02FE3EEA030331D10C7963
:101D30005700631E05FA07FC012B6FEA0C0C17D83D
:101D4000836803EA0C0383604B79D0F80880BB40BA
:101D500043EA0803836083889BB223EA0E038380EF
:101D60008B79B0F804E0934043EA0E039BB2838082
:101D7000036803EA0C0303600368BC401C4304606F
:101D8000C46805FA07F324EA0304CB79BB40234374
:101D9000C3600132102AC4D1BDE8F0814FF6FF7252
:101DA0004FF40073C0E900237047038A01EA03007F
:101DB000003818BF01207047816170470185704766
:101DC00001F00703C90800EB810010B5016A9B0010
:101DD0000F249C4021EA04010162016A9A400A43EF
:101DE000026210BDC3680D4A10B51A40D1E9003433
:101DF00023438C682343CC6823430C6923434C69F9
:101E000023438C6923431343C360026B0B7F22F08F
:101E10000F02013B1343036310BD00BF07C0FFFD6A
:101E20000023C0E90033C0E90233C0E90433836111
:101E30000123037770470000B0F1A04F10B5114B9C
:101E400002D0114A904218D1104A92681A40D1E942
:101E5000003423438C682343CC68097C43EA043371
:101E600043EA0123B0F1A04F43EA020302D0064A3D
:101E7000904204D1054A936010BD054AE5E7044A43
:101E8000F9E700BFE010FCFF000100500003005024
:101E9000000700500023C0E90033C0E90233037497
:101EA0007047836819B143F001038360704743F0C2
:101EB0000203FAE7042A30B51DD802EB4202046B94
:101EC00052001F25954024EA050401FA02F222433C
:101ED000026309293DD90A398269826901EB41010E
:101EE00007248C4022EA04028261826903FA01F12C
:101EF0001143816130BD092A0DD8053A02EB420237
:101F0000446B52001F25954024EA050401FA02F2B1
:101F100022434263DDE70E2A0DD80A3A02EB420261
:101F2000846B52001F25954024EA050401FA02F251
:101F300022438263CDE70F3A02EB4202C46B5200A8
:101F40001F25954024EA050401FA02F22243C263E8
:101F5000BFE701394269426901EB410138248C40F5
:101F600022EA04024261426903318B401343436118
:101F7000C0E7836843F0040383607047C36819B106
:101F800043F00103C360704723F00103FAE7C3681D
:101F900023F00203C360C3680B43C360704700684B
:101FA0000840003818BF012070470000036823F084
:101FB00001031B041B0C0360002303604360836068
:101FC000C360294B984204D1284A536843F00F0359
:101FD00026E0274B984204D1244A536843F0F0038B
:101FE0001EE0244B984204D1204A536843F47063A6
:101FF00016E0214B984204D11C4A536843F47043C5
:102000000EE01E4B984204D1184A536843F47023E3
:1020100006E01B4B984205D1144A536843F4700301
:1020200053607047174B984204D1104A536843F0ED
:102030007063F5E7144B984201D1144AC5E7144B7D
:10204000984201D1114AC8E7124B984201D10F4A78
:10205000CBE7114B984201D10C4ACEE70F4B984287
:10206000DFD10A4AD1E700BF080002400000024069
:102070001C00024030000240440002405800024070
:102080006C0002408000024008040240000402404C
:102090001C04024030040240440402405804024040
:1020A00010B58B680C6A026823430C6923434C69A2
:1020B00023438C692343CC6923434C6A23438C6AB2
:1020C0006FF30E122343134303608B8943600B6845
:1020D00083604B68C36010BD0023C0E90033C0E9D2
:1020E0000433C0E90633C0E9083383608381836227
:1020F0007047036819B143F001030360704723F090
:1021000001031B041B0CF8E741607047406880B274
:102110007047036812B10B430360704723EA010361
:10212000FAE70000C3004CBF014B024B58607047F8
:102130000004024000000240FFF7F4BF08B50C4B5A
:1021400098424FF001010AD14FF40010F9F7D8F985
:1021500000214FF40010BDE80840F9F7D1B94FF461
:102160008000F9F7CDF900214FF48000F3E700BFBC
:10217000005400400368164A23F0010310B50360C1
:1021800003681A40D1E9013443EA0423134303608E
:102190000B680A6923F070630361036843F001036D
:1021A000036000238360C3608B691343836083688B
:1021B000CA6843F4004383600368134303604368C1
:1021C0004A6923F0784323F400431343436010BD6E
:1021D000FFE0CF0000234FF40042C0E90033C0E924
:1021E0000233C0E9052303617047036819B143F066
:1021F00001030360704723F00103FAE730B5446838
:10220000039D24F07F7424F459342B4324F47F7409
:1022100043EA0243C1F3090124F003040B432343BF
:10222000436030BD81627047406AC0B270478069C8
:102230000840003818BF01207047C1617047000096
:1022400008B5154B98420BD101214FF48050F9F796
:102250004BF9BDE8084000214FF48050F9F744B92C
:102260000E4B98420BD101214FF48040F9F748F909
:1022700000214FF48040BDE80840F9F741B9084B10
:10228000984208D101214FF40040F9F739F90021B3
:102290004FF40040EFE708BD003001400038004037
:1022A000003C00402DE9F041B1F802808A88B1F885
:1022B00000E0B1F806C00F894E898D89CC89B8F548
:1022C000827F1ED1038803F441534EEA03034CEA94
:1022D00003033B4333432B43234343F48273038081
:1022E000838823F470631B041B0C13438380838B4C
:1022F00023F400631B041B0C83830B8A0382BDE859
:10230000F081838823F470631B041B0C48EA0E08D9
:102310001A434CEA080C828047EA0C0703883E43C4
:10232000354303F441532C4323430380DFE7038801
:1023300021B19BB243F040030380704723F0400378
:102340001B041B0CF8E7838823F480531B041B0C2D
:10235000838083889BB20B438380704701737047EF
:10236000007B7047038901EA0300003818BF012091
:10237000704730B5046A24F0010404628569046A78
:1023800025F0F30542EA031224F00A0441F00101AA
:102390002A4321438261016230BD30B5046A24F0D2
:1023A00010042404240C04628569046A090124F0E1
:1023B000A0041202240441F0100125F4734542EAFE
:1023C0000332240C89B22A4321438261016230BD69
:1023D000204A038890429BB20ED002F500629042E0
:1023E0000AD0B0F1804F07D0A2F59832904203D0C6
:1023F00002F58062904209D14A8823F070031343AA
:102400000A8923F440739BB2134306E0124A9042B8
:1024100003D002F580629042F2D103804B68C36220
:102420000B8803850B4B98420FD003F5006398424D
:102430000BD003F54063984207D003F580639842C0
:1024400003D003F58063984201D14B8903860123B1
:1024500043617047002C01400010004000234FF002
:10246000FF32C0E9003283607047038821B19BB21C
:1024700043F001030380704723F001031B041B0C8E
:10248000F8E70000036A23F0010370B50362026AF3
:10249000446883690D688E8823F4803323F07303C6
:1024A0001D438B89334322F002029BB21343144A2B
:1024B00090420FD002F5006290420BD002F54062CC
:1024C000904207D002F58062904203D002F580620C
:1024D00090420ED1CA894E8A23F008031A43CB8852
:1024E00022F0040213430A8A324324F4407492B265
:1024F00014438A68446085614263036270BD00BF13
:10250000002C0140036A23F0100330B50362036A14
:10251000426884690D6824F0807424F4E64444EA37
:1025200005248D8923F0200343EA05138D8843EAAF
:1025300005130F4DA84203D005F50065A84211D13F
:10254000CD8923F0800343EA0513CD8823F04003AF
:1025500043EA05130D8A22F4406242EA85024D8A5D
:1025600042EA850242608A6884618263036230BD08
:10257000002C0140036A23F4807330B50362036AC0
:102580004268C4690D6824F073042C438D8923F4D8
:10259000007343EA05238D8843EA05230F4DA842C3
:1025A00003D005F50065A84211D1CD8923F400635D
:1025B00043EA0523CD8823F4806343EA05230D8A8B
:1025C00022F4405242EA05124D8A42EA0512426064
:1025D0008A68C461C263036230BD00BF002C014041
:1025E000036A23F4805330B50362036A4468C26906
:1025F0000D6822F4E64242EA05228D8923F4005355
:1026000043EA05338D8843EA0533094DA84203D0D8
:1026100005F50065A84204D10D8A24F4804444EAFB
:1026200085144460C2618A680264036230BD00BFE1
:10263000002C01400023C0E90033C0E902330361EC
:102640007047836923F008031943816170478369E8
:1026500023F4006343EA012383617047C36923F0D5
:1026600008031943C1617047C36923F4006343EA57
:102670000123C361704700230122038043808280CD
:10268000C38003817047836923F00C0383618369EE
:10269000194381617047836923F4406383618369CF
:1026A00043EA012383617047C36923F00C031B04D1
:1026B0001B0CC361C3691943C1617047C36923F42B
:1026C00040631B041B0CC361C369090289B219432F
:1026D000C1617047F8B50D460E88AA8849882B89D4
:1026E00036B9FFF746FEE988BDE8F840FFF7CBBFF3
:1026F000042E06D1FFF751FEE988BDE8F840FFF748
:10270000CABF082EEF88056A1CD125F480752D04F8
:102710002D0C0562C669056AB6B2ADB226F0F306A5
:1027200025F4206546EA031645EA0125B6B2ADB2A6
:10273000164345F48075C66139460562BDE8F84028
:10274000FFF7B2BF25F480552D042D0C0562C66934
:10275000056A26F4407625F4005536056D04360DDD
:102760006D0C46EA022645EA013546EA0333ADB26E
:102770009BB245F48055C36139460562BDE8F84017
:10278000FFF79CBF436C19B143F4004343647047A7
:10279000C3F30E03FAE7C36812B11943C16070476F
:1027A000C94389B21940F9E730B503688A6823F054
:1027B000010395B00360436823F44053134343601F
:1027C0000D464B68C96802680B43296922F4B05270
:1027D00022F00C020B431343036083686A6923F4FD
:1027E00040731343836004466846F8F7CFFC174BE9
:1027F0009C421BD10C9A23682968180448BF5200D8
:10280000B2FBF1F301FB1322B2EB510F226828BF98
:102810000133120406D5C3F3420223F00F031B0455
:102820001B0C13439BB2A38115B030BD084B9C42D7
:1028300001D10D9ADFE7074B9C4201D10E9ADAE7EE
:10284000054B9C420CBF0F9A109AD4E70038014008
:102850000044004000480040004C0040036819B1AB
:1028600043F001030360704723F00103FAE7436874
:1028700012B10B434360704723EA0103FAE7C1F347
:10288000080101857047836819B143F0080383602C
:10289000704723F00803FAE7836812B10B438360A3
:1028A000704723EA0103FAE710B5C1F307240123B7
:1028B000C9B2022C03FA01F305D104303AB102681F
:1028C0001343036010BD032C08BF0830F6E702680D
:1028D00022EA0303F5E7090C01238B4003627047EA
:1028E00010B51C461346E2B2FDF718FA80F001005D
:1028F000C0B210BD10B51C461346E2B2FDF79EFAF9
:10290000B0FA80F0400910BD08B5FDF78BFA80F0F1
:102910000100C0B208BD07B552BAADF8042001AB42
:102920000222FDF7FBF980F00100C0B203B05DF8B0
:1029300004FB08B513460122FDF780FAB0FA80F0D7
:10294000400908BD13B5144601AB0222FDF776FA23
:10295000BDF80430B0FA80F05BBA4009238002B0C1
:1029600010BD13B5144601AB0422FDF767FA019BB5
:10297000B0FA80F01BBA4009236002B010BD00001D
:1029800008B52DED028BB0EE408A00F03FFAB4EEB0
:10299000488AF1EE10FAF0EE408A0AD6B0EE480A04
:1029A00000F0D2F8F7EE007AB4EEE70AF1EE10FA92
:1029B00004DCB0EE680ABDEC028B08BD01F0A0FC9F
:1029C000BDEC028B034621221A600248BDE8084094
:1029D00000F0FCB8AC60010808B52DED028BB0EE3C
:1029E000408A00F037FBB4EE488AF1EE10FAF0EEC0
:1029F000408A0AD6B0EE480A00F0A6F8F7EE007A50
:102A0000B4EEE70AF1EE10FA04DCB0EE680ABDECB1
:102A1000028B08BD01F074FCBDEC028B0346212241
:102A20001A600248BDE8084000F0D0B8AC60010868
:102A300000F00ABC08B52DED028BB0EE408A00F024
:102A4000A9FCB4EE488AF1EE10FA0FD6B5EEC08AB2
:102A5000F1EE10FA0ADCB5EE408AF1EE10FA08D178
:102A600001F04EFC22239FED090A0360BDEC028BAE
:102A700008BD01F045FCBDEC028B034621221A6023
:102A80000348BDE8084000F0A1B800BF000080FF87
:102A9000AC60010808B52DED028BB0EE408A00F065
:102AA000E7F8B4EE488AF1EE10FA06D6DFED098AAF
:102AB000B4EEE88AF1EE10FA02D4BDEC028B08BD48
:102AC00001F01EFC88EEA80ABDEC028B21230360F6
:102AD00008BD00BF0000000010EE103A184923F0B6
:102AE00000428A421AD9B2F1FF4F02D330EE400AB7
:102AF000704700B583B0684600F046FD00F0030063
:102B000001289DED000ADDED010A10D0022809D050
:102B100090B900F0B1F803B05DF804FBDFED090AED
:102B200000F0AAB800F0A8F8B1EE400AF3E700F010
:102B300025F9B1EE400AEEE7012000F01FF9EAE7BF
:102B4000D80F493F0000000010EE103A23F0004378
:102B500000EE103A704700BF10EE103A194923F00A
:102B600000428A421BD9B2F1FF4F02D330EE400A35
:102B7000704700B583B0684600F006FD00F0030022
:102B800001289DED000ADDED010A13D002280BD0CB
:102B900098B9012000F0F2F803B05DF804FBDFED16
:102BA0000A0A002000F0EAB8012000F0E7F8B1EED0
:102BB000400AF1E700F060F8EEE700F05DF8B1EEF2
:102BC000400AE9E7D80F493F000000009FED010AE5
:102BD000704700BF0000C07F10B485B08DED010AC2
:102BE000019BC3F3C752A2F17F011E2931DC1629D4
:102BF0004FEAD37425DC1D4BDDED017A03EB840332
:102C000093ED007A77EE277ACDED037ADDED037A46
:102C100077EEC77A17EE903A33F000400DD0C3F349
:102C2000C7507F381FD4C3F3160343F40003C0F129
:102C3000170023FA00F004B1404205B05DF8044BE0
:102C40007047C3F3160343F40003963A03FA02F005
:102C5000F1E7DDED017AFDEEE77A17EE900A05B0B7
:102C60005DF8044B70470020E5E700BFB060010845
:102C7000B1EEC00A704700BF10EE103A23F00043D7
:102C8000B3F1485F2CD2FDEEC07A17EE903A002BDC
:102C900060D060EE007A9FED317A9FED315ADFED22
:102CA000315A9FED316ADFED316AA7EE875A9FED09
:102CB000307AE7EE855AA7EEA56AA7EE867AE7EEA8
:102CC000876A67EEA66A60EEC00AB6EE007AE7EEA3
:102CD000A60AB7EE000AD7EE870A30EE600A704700
:102CE00060EE007A9FED1D7A9FED1D5ADFED1D5AB3
:102CF0009FED1D6ADFED1D6A1E4AA7EE875A9342BB
:102D00009FED1B7AE5EE275AA5EEA76AA6EE277A75
:102D1000E7EE276A66EEA76AD5D9174A934214D818
:102D200003F17F4307EE103AB7EE006A36EE476ACA
:102D300060EEC00AF6EE005A97EEA57AE7EEA60A14
:102D400037EE607A36EE470A7047B6EE076AB5EEA0
:102D5000027AEDE7B7EE000A704700BF4ED747ADE5
:102D6000F6740F317CF293B4010DD037ABAA2A3D33
:102D7000610BB6BA9999993E0000483F10EE103A9F
:102D800023F00043B3F1485F04D2FDEEC07A17EEA2
:102D9000903A5BB360EE007A9FED157ADFED155A3D
:102DA0009FED156ADFED156AE7EE875A9FED147AFD
:102DB000A5EEA76A20EE275AE6EE276AA6EEA77AC6
:102DC00030B9DFED106AE7EE876AA6EE850A704734
:102DD00027EE457AF6EE006AA0EEA67ADFED0A6AE3
:102DE000D7EE270AE5EE260A30EE600A704700BFEC
:102DF000D3C92E2F342FD7B21BEF3836010D50B95F
:102E00008988083CABAA2ABEABAA2A3E08B510EEB8
:102E1000102A22F00043B3F17E5F2DED028B12D019
:102E20000AD8B3F17C5F16D2B3F10C5F67D8BDEC62
:102E3000028B9FED770A08BD70EE407A87EEA70AF5
:102E4000BDEC028B08BD002A40F3DD80BDEC028B97
:102E50009FED700A08BD002AC0F28E80F7EE008A4E
:102E600038EEC00AF6EE007A20EE278AB0EE480A65
:102E7000FFF7FEFEDFED687A9FED687ADFED686AA6
:102E8000DFED685A9FED686AA8EE277ADFED677A72
:102E9000E7EE086AE8EE067AE6EE885A9FED646A85
:102EA0009FED647ADFED646AA5EE886AA7EE887A02
:102EB000DFED627AE6EE087A10EE103AE7EE086A85
:102EC0006FF30B03B0EE677A07EE903AF0EE485AD4
:102ED000E7EEE75AE6EE888A30EE276A27EE087AB0
:102EE000C5EE866A87EE286ABDEC028BB0EE667A84
:102EF000A0EE067A37EE870A30EE000A08BD20EE13
:102F0000007ADFED457A9FED456ADFED456A9FED7A
:102F1000465ADFED445AA7EE276ABDEC028BE6EE77
:102F2000076ADFED427A9FED436AE7EE057AE6EE47
:102F3000875AA7EE876A9FED3E5ADFED3F7ADFEDB5
:102F40003F6AA5EE875AE6EE077AE5EE076AF7EEE6
:102F5000005AE7EE875A26EE877A9FED396ADFED51
:102F6000397AC7EE256AB0EE467AA0EE667A30EE80
:102F7000470A37EEC00A08BDB7EE007A30EE070AFE
:102F8000F6EE007A60EE277ADFED236A9FED236A82
:102F9000DFED234ADFED245A9FED225A9FED278A69
:102FA000A7EEA66ADFED216AE6EE274AE7EEA56AFC
:102FB000DFED205A9FED1E6AA4EEA75AE6EEA75A4F
:102FC000DFED1D6AA5EE276AE5EEA76AA6EE278A61
:102FD000A6EEA77A28EE278AF0EE478AB0EE670AB7
:102FE000FFF746FE88EE286A9FED177ADFED177A25
:102FF000A0EE067AF0EE006A37EE007AE7EE667A27
:10300000B0EE670A1CE7BDEC028B9FED110A08BD0C
:10301000DB0FC93F0000000008EF1138047F4F3A72
:10302000461124BDA80A4E3E2EC69D3D613330BFD9
:1030300090B0A6BE2D57014039D119C0ABAA2A3E87
:103040006821A233DA0FC93F6821A2B3DA0F4940E1
:10305000DB0F494038B510EE105A25F00044B4F1AA
:103060007E5F2DED048BF0EE407A7FD077D8B4F1FF
:103070007C5F0ED2B4F1485F80F090809FED627A61
:1030800030EE077AF7EE006AB4EEE67AF1EE10FA67
:1030900062DCB0EE670AFFF757FDF7EE007A37EE15
:1030A000C08AB6EE007A28EE078ADFED586A9FEDF7
:1030B000587A9FED586A9FED585ADFED585ADFED68
:1030C000588AE8EE076A9FED577AA8EE067AA6EED0
:1030D000885A9FED556ADFED556AA7EE086AE5EE5E
:1030E000085A9FED537AA6EE087AE5EE886AE7EE75
:1030F000087AE6EE888AB0EE480AB0EE679AFFF7E3
:10310000B7FD4C4B68EE888A9C4288EE896A38D8B5
:1031100010EE103A6FF30B0306EE903AA6EEE68A35
:1031200070EE267A9FED447AC8EE274AF0EE005AF8
:10313000A4EEE57ADFED417A30EE000AB0EE675A90
:1031400090EE067AA6EEE55A37EE457A37EEC70AD4
:10315000002D01DCB1EE400ABDEC048B38BDBDECA6
:10316000048B70EE407A87EEA70A38BDBDEC048B65
:103170009FED310A9FED327A27EE800AA7EE870A8B
:1031800038BDA0EE060A9FED2F7ADFED2D7AF0EE26
:10319000006AA0EE267A37EEC70AD9E720EE007A59
:1031A000DFED1B6A9FED196ADFED1B5A9FED195A7F
:1031B000DFED1A4AA7EE266ABDEC048BE6EE075A4D
:1031C000DFED186A9FED186AE7EE056AE5EE874ABB
:1031D000A6EE876A9FED155ADFED155ADFED106AEE
:1031E000A4EE875AE6EE075AE5EE076AB7EE006AE4
:1031F000A5EE876A26EE877AC7EE066AE0EE267AA3
:10320000B0EE670A38BD00BFCAF24971047F4F3A79
:1032100008EF11382EC69D3D461124BDA80A4E3E2A
:10322000ABAA2A3E613330BF2D57014090B0A6BEF5
:1032300039D119C09999793F2EBD3BB3DB0F493F76
:10324000DB0FC93F2EBD3B3310B582B0CDED010A77
:10325000019B23F00042B2F1FF4FF0EE407A30D8EC
:1032600010EE100A20F00041B1F1FF4F29D8B3F160
:103270007E5F3ED09C1704F0020444EAD07431B360
:103280007AB3B2F1FF4F3FD0B1F1FF4F29D0891A85
:10329000B1F1F45F4FEAE15233DA002B41DA3C320C
:1032A0003FDA9FED330A012C4DD0022C42D064B19D
:1032B0009FED307ADFED307A30EE070A30EE670AA4
:1032C00003E09DED017A37EE270A02B010BD022C13
:1032D0000CD09FED2A7A032C08BFB0EE470A02B04B
:1032E00010BD00280ADB9FED260AEEE79FED220ABB
:1032F000EBE702B0BDE8104000F07CBA9FED210A78
:10330000E3E79FED1F0ACEE7B1F1FF4F04F1FF3471
:1033100020D0022C26D81C4B03EB840393ED000A2B
:10332000D3E79DED017A87EE870AFFF70DFC00F0E9
:1033300061FAB8E79FED0F7ADFED0F7A30EE070AFA
:1033400037EEC00AC1E710EE103A03F1004300EE79
:10335000103ABAE7022C08D80C4B03EB840393ED28
:10336000000AB2E79FED020AAFE79FED090AACE75A
:10337000000000002EBDBB33DB0F4940DB0F49C00E
:10338000DB0FC93FDB0FC9BFB8600108C46001088B
:10339000DB0F493F10EE102A32F000432FD0002AF5
:1033A000134633DBB2F1FF4F40DAB2F5000F34DBE6
:1033B0004FF0000C6448C3F31601084400F4000207
:1033C00082F07E520A43DB1500EE102A7F3B5F4AF3
:1033D000634401F10F0CF7EE007A0CEA020230EEC2
:1033E000670A03EBD05322BBB5EE400AF1EE10FAA8
:1033F00062D1002B40F090809FED550A70479FED01
:10340000557ADFED537A87EE270A704770EE407ADF
:103410009FED4F7A87EE870A7047DFED4F7A60EEB7
:10342000277A6FF0180C17EE903AC3E730EE000AD7
:103430007047F0EE007A70EE277A07EE103A80EED1
:10344000274A4648C1F55712084402F52272024342
:10345000002A9FED433ADFED434ADFED435ADFEDAB
:10346000433A9FED435ADFED437ADFED436A24EEA2
:10347000046AF8EEC72A26EE067AE7EE034AA7EEBC
:10348000235AE4EE875AE5EE076AE5EE877A67EE9F
:10349000867AE6EE877A2ADDB6EE007A20EE077AA3
:1034A00027EE007A77EE877A67EE847A3BBB37EEB9
:1034B000677A30EE470A70479FED307AF6EE007A71
:1034C000E0EE477A20EE007A27EE277A002BF0D044
:1034D00007EE903A9FED2A6ADFED2A6AF8EEE77A66
:1034E000A7EEC67A37EE400A97EEA60A704770EE4E
:1034F000677A67EE847AE3B930EE670A70479FED2A
:10350000206ADFED206AE2EE867A37EE677A37EEE0
:10351000400A92EEA60A704707EE903A9FED180A0D
:103520009FED187AF8EEE77A27EE800AA7EE870A71
:103530007047DFED136A9FED137AE2EEE67A37EE1D
:10354000C00A92EE870A704720FB4A00F0FF7F0016
:1035500000000000000000CC0000004C305CCFFFF9
:103560009788173E25333A3E2549923E4FD01C3E60
:10357000298E633EABAA2A3FCDCCCC3EABAAAA3E55
:10358000D1F717378071313F70B510EE103A8B4A82
:1035900023F00044944286B0054671D9884A94428B
:1035A0001E4624D823F00042002BDFED867A8649A0
:1035B00022F00F02B0EE407A40F3E6808A4270EECD
:1035C000677A09BF9FED817ADFED816ADFED816A5D
:1035D00077EEC77A37EEE67A77EEC77A80ED007A33
:1035E00077EEE67AC0ED017A012006B070BD7A4A26
:1035F000944253D9B4F1FF4F49D2E215863AA4EB75
:10360000C25307EE903ABDEEE77ADFED746AB8EE8A
:10361000C77A77EEC77A8DED037A67EEA67ABDEEAC
:10362000E77AB8EEC77A77EEC77A8DED047A67EE5F
:10363000A67AF5EE407AF1EE10FACDED057A40F07B
:103640008E80B5EE407AF1EE10FA40F08A800123C8
:10365000634901910221009103A8294600F00AFA6A
:10366000002EC2DA95ED007AD5ED017AB1EE477AF7
:10367000F1EE677A85ED007AC5ED017A4042B4E754
:10368000002285ED000A4260002006B070BD70EE99
:10369000407AC0ED017AC0ED007AF5E7FFF754FA01
:1036A0009FED507A9FED476AF6EE007AE0EE077ADA
:1036B0009FED477AFDEEE77AF8EEE76A17EE900A9B
:1036C000A6EEC60A1F2866EE877AB1EE666A30EE6D
:1036D000677A1EDC444A411E26F0004352F821203E
:1036E00023F0FF03934214D085ED007A30EE470AB1
:1036F000002E30EE670A85ED010ABFF676AFB1EE17
:10370000477AB1EE400A85ED007A85ED010A404224
:103710006BE717EE103AC3F3C753C3EBD453082B30
:103720004FEAE452E0DD9FED297A9FED2A5AF0EE50
:10373000405AE6EE075A70EE657AE6EE077AD6EE64
:10374000857A35EEE77A17EE103AC3F3C753D21AEB
:10375000192A08DCB0EE650A85ED007AC6E7032376
:1037600076E7022374E79FED217A9FED215AB0EEB0
:10377000650AA6EE070A75EEC07AE6EE077AD6EE7F
:10378000857A30EE677AAFE78A4270EE277A09BF12
:103790009FED0E7ADFED0E6ADFED0E6A77EE877A27
:1037A00037EEA67A77EEC77A80ED007A77EEA67AC2
:1037B000C0ED017A4FF0FF3017E700BFD80F493F47
:1037C000E3CB1640800FC93FD00FC93F00443537C7
:1037D0004344353708A3852E800F494300008043BA
:1037E0005061010884F9223FD060010800A3852EB2
:1037F00032318D2438B510EE105A25F00044B4F162
:10380000A14FF0EE407A07D3B4F1FF4F55D8002D09
:1038100077DD9FED4E0A38BD4D4B9C425CD8B4F12C
:10382000445F4DD34FF0FF3327EEA76A9FED495A0F
:103830009FED497ADFED495ADFED494A66EE066AA7
:103840005A1CA6EE857AE6EEA54A9FED465ADFEDB4
:10385000465AA7EE265AE4EEA65A9FED447ADFEDCB
:10386000444AA5EE267AE5EEA64A9FED425ADFEDE0
:10387000425AA7EE265A9FED417AA4EEA67AE5EECB
:10388000265A27EE267AA5EE867A27EE877A3BD04F
:103890003B493C4A01EB8301D1ED006A37EE667A81
:1038A00002EB8303D3ED006A37EE677A002D36EE24
:1038B000C70AB0DAB1EE400A38BD30EE000A38BDB2
:1038C0009FED317A30EE077AF7EE006AB4EEE67AD1
:1038D000F1EE10FAA6DD38BDFFF736F92B4B9C420E
:1038E00015D8A3F5D0039C4226D8F0EE007ABFEE9F
:1038F000007AA0EE277A002330EE270AC7EE007A7E
:1039000092E79FED230A38BD37EEC70A38BD214B39
:103910009C420BD8F7EE087AB7EE007AA0EE277A31
:10392000022330EE670AC0EE077A7DE7BFEE007A29
:10393000C7EE007A032377E7F7EE007A30EE677A76
:1039400030EE270A0123C7EE007A6DE7DB0FC93F8F
:10395000FFFFDF3ED769853C59DA4B3D21A215BDFB
:103960006BF16EBD356B883D95879DBD6E2EBA3D62
:10397000388EE3BD2549123EABAAAA3ECDCC4CBE43
:103980006864010878640108CAF24971FFFF973F33
:10399000DB0FC9BFFFFF1B4010EE103A33F00041B0
:1039A0001A4625D0B1F1FF4F1FD213F0FF4F20D19F
:1039B000DFED297A294A60EE277A904217EE903A95
:1039C00031DB4CF2503CC3F3C75160451A46A1F1BC
:1039D000190114DD002BDFED227A9FED210AB8BF1B
:1039E000DFED207A27EE800A704730EE000A70473C
:1039F00070474CF2503C60454FEAD151EADC01443B
:103A0000FE29E7DC002915DC11F1160F19DB19314D
:103A100022F0FF4242EAC15207EE902A9FED120ABD
:103A200027EE800A7047DFED117A07EE103A27EE95
:103A3000270A704722F0FF4242EAC15300EE103AD3
:103A40007047002BDFED097A9FED080AB8BFDFED64
:103A5000087A27EE800A70470000004CB03CFFFF58
:103A6000CAF24971CAF249F1000000336042A20D66
:103A70006042A28D2DE9F04F2DED048BDBB01C468A
:103A8000944603930A46BA4B68991CF1040F53F805
:103A90002170824604F1FF39C0F25682BCF1030363
:103AA00048BF0CF10403DB10029301334FEAC30E4D
:103AB000ACEB0E030593029B17EB0900A3EB090384
:103AC00016D401309FEDAB7A699C18441EA9002BD7
:103AD000A4BF54F8235007EE905A03F10103ACBF82
:103AE000F8EEE77AF0EE477A8342E1EC017AEED124
:103AF000002FC0F2E28203991EA800EB81004FEA7A
:103B000081087E18002346AD4C460AEB8101B9F1CD
:103B1000000F80F2C8800134B44245F8043B00F144
:103B20000400F4D10DF1280B0BEB8703CDE9062E31
:103B3000043B9FED929ADFED908A059804930AEB7F
:103B4000080446AE0BEB87080097CDF820C00DEBBC
:103B50008703002F93ED460A4FEA870515DD731999
:103B60005A4660EE097AB0EE407AFDEEE77A73EDE0
:103B7000016AF8EEE77AB342A7EEE87A37EEA60AD2
:103B8000BDEEC77AA2EC017AEBD10190FFF704FFFA
:103B9000F4EE007AB0EE408A20EE270A00F0B0FA88
:103BA000F2EE007AA0EE678A01980028FDEEC89A2E
:103BB000F8EEE97A38EE678A40F38280791EC0F128
:103BC00008035BF821E04EFA03FC0CFA03F3AEEBBA
:103BD000030EC0F1070219EE903A4EFA02F2634466
:103BE000002A09EE903A4BF821E000F3AF80B5EEE1
:103BF000408AF1EE10FA74D1009B9F420ADD5D44C9
:103C0000002355F8041D454543EA0103F9D1002B73
:103C100040F00281009B013B5BF823207B1C9C460B
:103C2000002A40F0F780049A012152F8045D013126
:103C3000002DFAD03944029D039A05EB030E0EF1D4
:103C4000804E699D0EF1FF3E3A4405EB8E0E1EAD8F
:103C500006EB830705EB8205DEED017AF8EEE77AE5
:103C6000B9F1000F0EF1040EE5EC017ADFED417AB7
:103C700009DB2A465346F3EC016A32ED017AA3428E
:103C8000E6EE877AF7D10CF1010C8C45E7EC017A6E
:103C9000E2DD0F465BE70134B442E5EC017A00F166
:103CA00004003FF43FAFDFED337A83465346F3EC35
:103CB000016A3BED017A8B42E6EE877AF7D1EAE7BB
:103CC00000F09180F6EE007AB4EEE78AF1EE10FA99
:103CD00080F22981B5EE408AF1EE10FA4FF0000231
:103CE0008AD09246DDE9062EDDF820C00197AEEBC2
:103CF0000C00B0EE480A009F0092FFF74DFEDFED8A
:103D00001E6AB4EEE60AF1EE10FADDE90023F0EEE9
:103D1000407AC0F29C819FED197A059920EE077ACE
:103D20000831BDEEC77A0591B8EEC77A5C1CE7EEA4
:103D3000667ABDEEC77AFDEEE77A17EE901A4BF879
:103D4000231017EE103A4BF824307EE00133002F99
:103D500009EE903A40F39D8159464FF0000E51F81C
:103D6000043B002B39D0C3F5807341F8043C0CE0D0
:103D7000B464010800000000000080430000803BA4
:103D80000B68C3F1FF0341F8043B0EF1010E7745C8
:103D9000F6DC01239E4600280BDD012800F0BB80E5
:103DA000022806D1791E5BF8213003F03F0C4BF856
:103DB00021C0022A7FF41BAFB7EE000A734630EE33
:103DC000488A002B3FF413AF09920190FFF7E4FDFE
:103DD0000198099A38EE408A09E70EF1010E7745FD
:103DE000BDDC9E46D7E77B1E5BF82320D211002A5C
:103DF0007FF7FDAE19EE903A002F03F1010309EEB3
:103E0000903AA9DC022A7FF4F2AEF7EE007A37EEA0
:103E1000C88AECE619460EE73B469246DDE90512F4
:103E20005C1EA1F108005BF82410009F059061B9A9
:103E300003F18043013B0BEB8303014653F8040D70
:103E4000013C08390028F9D0059105980092B7EE99
:103E5000000AFFF7A1FD002C009AB0EE407AC0F2F4
:103E60002281601C46AD5FED3B6A81000BEB800355
:103E700005EB800073ED017AF8EEE77A5B4567EEBB
:103E8000877A27EE267A60ED017AF3D10DF1C80822
:103E90000E1F2E44C646A4460025002F7DDBDFF80A
:103EA0005C92DFED957A3046002307E0F9EC016A79
:103EB000B0EC017A9F42E6EE877A03DBAB4203F176
:103EC0000103F3DD0CF1FF3CBCF1FF3FEEEC017AA6
:103ED00005F10105A6F10406E1D1689B022B6ADC1D
:103EE000002B36DC0ED1DFED847A414431ED017ACE
:103EF000414577EE877AF9D15346002B40F0C680D2
:103F0000C2ED007A19EE903A03F007005BB0BDEC09
:103F1000048BBDE8F08F791E5BF8213003F07F0C35
:103F20004BF821C045E719EE903A002F03F1010349
:103F300009EE903AC8BF02223FF70EAFF7EE007AC3
:103F400037EEC88A022252E600234FF0080E029391
:103F5000AEE5DDED327A9FED687A414471ED016A9C
:103F6000414537EE267AF9D15346002B40F0848044
:103F700077EEC77A82ED007A64B133A90123B1EC00
:103F8000017A01339C4277EE877AF8DA53460BB117
:103F9000F1EE677AC2ED017AB4E70CF1FF3C002341
:103FA000BCF1FF3F4EF8043B05F10105A6F1040604
:103FB0007FF473AF91E7689B032BA3D1002C00F033
:103FC0008C8008EB840595ED007AA0002B462946ED
:103FD00071ED017AF0EE476A37EE277A414577EEC8
:103FE000C77A81ED007A77EEA67AC1ED017AEFD13A
:103FF000012C72D095ED007A08F1040173ED017A7D
:10400000F0EE476A37EE277A994277EEC77A83ED6A
:10401000007A77EEA67AC3ED017AEFD1031DDFEDCA
:10402000367A434408F1080833ED017A984577EE73
:10403000877AF9D15346DDED326A9DED337A73B953
:10404000C2ED006A82ED017AC2ED027A5AE7FDEE16
:10405000C07A1C4617EE901A4BF82310F5E6F1EEE5
:10406000666AB1EE477AF1EE677AC2ED006A82EDD8
:10407000017AC2ED027A45E7F1EE476A77EEC77A38
:10408000C2ED006A002C7FF478AF81E7F1EE677A29
:1040900036E7012815D002287FF4B4AE0EF03F03B6
:1040A0004BF82130AEE6689B022B12DC002B17DCAC
:1040B0007FF428AFDFED107A1EE7039B4FEA8308F9
:1040C00030E50EF07F03022A4BF821307FF48FADEC
:1040D0009BE6689B032B7FF415AFDFED077AA9E71A
:1040E0005346DDED327A1BB14FF0004313604FE7CA
:1040F000002313604EE700BF000000008864010841
:1041000010EE102AC2F3C7537F3B162B22F000415A
:104110001BDC002B10461EDB1A4919410A4223D032
:10412000DFED197A70EE277AF5EEC07AF1EE10FA2B
:104130001ADD002A04DA4FF4000242FA03F31844AD
:1041400020EA010300EE103A7047B1F1FF4F0BD3A4
:1041500030EE000A7047DFED0C7A70EE277AF5EE4C
:10416000C07AF1EE10FA00DC7047002A02DB9FED06
:10417000070A704711B99FED060A7047BFEE000AA3
:10418000F2E700BFFFFF7F00CAF2497100000000A4
:1041900000000080830730B546D08418844604E0D0
:1041A00003F8011B9D0704D09C46A4456346F7D144
:1041B00030BD013A0244A2EB0C02032A29D9CCB249
:1041C00004EB04240F2A04EB04442FD9A2F1100CB1
:1041D0002CF00F0C03F11005AC44C3E90044C3E913
:1041E000024410336345F8D112F00C0F02F00F0EA9
:1041F00018D02EF0030C9C44AEF104051A4642F888
:10420000044B6245FBD125F0030404330EF0030296
:104210002344002ACCD0C9B21A4403F8011B9342AC
:10422000FBD130BD7246F4E70346C6E79646E0E7A9
:1042300011F0FF01034600F0030239D08ABB026887
:1042400010B501EB012E0EEB0E4E8EEA0204A2F128
:10425000013323EA0203A4F1013222EA04021343E8
:1042600013F0803F0FD150F8044F84EA0E0CA4F1F4
:104270000133ACF1013223EA040322EA0C021343B6
:1042800013F0803FEFD0037823B936E010F8013FF8
:10429000002B32D09942F9D110BD8A4228D09A071A
:1042A00029D01A7818460133002AF6D110467047F3
:1042B000CAB90268A2F1013323EA020313F0803F76
:1042C00008D150F8042FA2F1013323EA020313F0BE
:1042D000803FF6D003785BB110F8013F002BFBD193
:1042E0007047990705D0184613F8012B002AF8D11A
:1042F00070471846DDE71846A1E7184610BD00BF15
:10430000014B1868704700BF8C03002080EA01024F
:10431000844612F0030F4FD111F0030F32D14DF844
:10432000044D11F0040F51F8043B0BD0A3F10132FE
:104330009A4312F0803F04BF4CF8043B51F8043B11
:1043400016D100BF51F8044BA3F101329A4312F089
:10435000803FA4F101320BD14CF8043BA24312F090
:10436000803F04BF51F8043B4CF8044BEAD023468D
:104370000CF8013B13F0FF0F4FEA3323F8D15DF83F
:10438000044B704711F0010F06D011F8012B0CF807
:10439000012B002A08BF704711F0020FBFD031F87F
:1043A000022B12F0FF0F16BF2CF8022B8CF8002006
:1043B00012F47F4FB3D1704711F8012B0CF8012B89
:1043C000002AF9D1704700BF2DE9F047089D0F463C
:1043D00004468C46002B48D18A42164661D9B2FA6F
:1043E00082F34BB1C3F1200201FA03FC20FA02F27E
:1043F0009E4042EA0C0C9C404FEA164EB7B2BCFB02
:10440000FEF1220C0EFB11CC42EA0C4201FB07F03C
:10441000904209D9B21801F1FF3C80F0EE80904241
:1044200040F2EB8002393244121AA4B2B2FBFEF021
:104430000EFB102244EA024400FB07F7A74209D909
:10444000341900F1FF3280F0DA80A74240F2D780C1
:104450003444023840EA0140E41B00211DB1DC4035
:104460000023C5E90043BDE8F0878B4206D90DB1B2
:10447000C5E9000100210846BDE8F087B3FA83F1E1
:10448000002948D1BB4202D3824200F20781841A3C
:1044900067EB030201209446002DE4D0C5E9004CEF
:1044A000E1E7002A00F09280B2FA82F3002B40F09C
:1044B000A8808A1A4FEA164E1FFA86FC0121200CAA
:1044C000B2FBFEF70EFB172240EA02420CFB07F09C
:1044D000904207D9B21807F1FF3802D2904200F299
:1044E000E2804746121AA4B2B2FBFEF00EFB102285
:1044F00044EA02440CFB00FCA44507D9341900F13E
:10450000FF3202D2A44500F2CB801046A4EB0C048B
:1045100040EA0740A2E7C1F120068B4022FA06FCE0
:104520004CEA030C07FA01F420FA06F3F7404FEACD
:104530001C49234300FA01F81FFA8CFEB7FBF9F07F
:104540001C0C09FB107744EA074400FB0EF7A74256
:1045500002FA01F20AD91CEB040400F1FF3A80F0E0
:104560009B80A74240F2988002386444E41B9FB2CB
:10457000B4FBF9F309FB134447EA044403FB0EFEC2
:10458000A64509D91CEB040403F1FF3780F08280B3
:10459000A6457FD9023B644443EA0040A4EB0E04E5
:1045A000A0FB02E7BC427346B94663D360D05DB15D
:1045B000B8EB030264EB090404FA06F622FA01F3ED
:1045C0001E43CC40C5E9006400214CE7620848085E
:1045D00042EAC1710B0C43EA00438AB242EA034249
:1045E000B3FBF6F1E407B4463746B6461F23B0FBEB
:1045F000F6F0D21B41EA004161E7614614E710463C
:1046000028E7C3F1200120FA01F29E4027FA01F1C8
:104610009F403A434FEA164E1FFA86FCB1FBFEF765
:104620000EFB1710110C41EA004107FB0CF88845FE
:1046300004FA03F43AD9711807F1FF3001D2884522
:104640001FD8A1EB0801B1FBFEF808FB0CF70EFB2D
:10465000181192B242EA0142BA422FD2B21808F1BE
:10466000FF31C6D2BA42C4D2A8F102013244C0E737
:10467000F0459CD2BEEB020367EB0C070138B9464C
:1046800095E7A6EB08084144B81EB1FBFEF808FB0D
:104690000CF7DCE73B467FE7504667E70846FBE65A
:1046A0003444023832E7023F32441BE7A1EB0801F1
:1046B0003846B1FBFEF808FB0CF7C8E7414698E71F
:1046C00003685A004CBF43F0004323F000431844F2
:1046D000704700BF2DE9F04759B301F1FF38054697
:1046E000164647464FF0000A0AEB070101EBD1716D
:1046F000491005EBC1094846FFF7E2FF88454FEA3C
:10470000C104034610D004F10800B342284407D87E
:10471000FFF7D6FF0138B04208D201F1010AE3E702
:104720008A4506D04F1EDFE7B042F9D84846BDE8BB
:10473000F0874FF000094846BDE8F087012806D011
:10474000022802D028B9044870470448704704483A
:1047500070470020704700BF2D4E01083D4E0108F4
:10476000354E010830B5224B83B004468D1E43B34D
:1047700001A92846AFF30080F0B101992A46FFF75E
:10478000A9FF0146C0B1FFF79BFF4B68A064012B56
:104790002BD0002B01F1040025DBFFF791FF002354
:1047A00023650368E064002B12DBFFF789FF0346F3
:1047B0000020236103B030BD00230920236103B032
:1047C00030BD0C4B0C49C91AC91018460191D5E7E8
:1047D000C3F30360FFF7B2FF031E0CBF09200020E4
:1047E000236103B030BD0123DAE700230520E0E7B1
:1047F000000000003C670108BC6F01080368DA078D
:1048000010B5044606D49B0700F1500009D5EBF71C
:104810000FFE2368590709D51A070ED5DB0613D5F5
:1048200010BDEBF7FDFD23685907F5D404F1D8005E
:10483000EBF706FE23681A07F0D404F5AC70EBF72B
:1048400007FE2368DB06EBD404F5EC70BDE81040EE
:10485000EBF742BE0346006800B11844704700BF42
:10486000704700BF70B504460E46316C2046FFF716
:1048700079FF054688B9326C626123693246214668
:10488000012098470828F0D0072806D12846316C27
:10489000FFF7E6FF301DEBF7B7FD00F0E5FD00BFC9
:1048A0002DE9F04F0D1DD0F80C90D0F818A0074658
:1048B00014460FCDADF5777D0DF10C0CACE80F0073
:1048C0000FCDACE80F000FCDACE80F0095E80F005E
:1048D00002AE4FF0000E8CE80F000DF5F878C6F828
:1048E00000E021E0336C7B614FF4F47231464046C6
:1048F000EBF766FC3B694246394658469847D8F87C
:104900003830B3642146CDE9006A05463B460120B4
:104910003A46C847044618BB4FF4F4724146304645
:10492000EBF74EFC082D19D1316C3846FFF71AFF12
:10493000093405465FFA84FB0028D3D0B36BB36417
:104940003A46CDE9006A3B464BF010010120C847CA
:1049500030B928460DF5777DBDE8F08F072D05D0DD
:10496000092528460DF5777DBDE8F08F2046316C8E
:10497000FFF776FF03A8EBF747FD00BFF0B5CB6B61
:10498000FBB001F1040C0B640F460546BCE80F00B8
:1049900001AC0FC4BCE80F000FC4BCE80F000FC48B
:1049A0009CE80F004FF0FF3E84E80F006E46CDF804
:1049B00000E006E02B69324629469847082804465D
:1049C00008D1316C2846FFF7CDFE0028F2D009202F
:1049D0007BB0F0BD3046FFF711FF062CF7D139460A
:1049E0002846FFF73FFF00BFC160D96B82611964A1
:1049F00000221946FFF754BF70B5C66843690B64BF
:104A0000AEB903690A4604460D460146022098479E
:104A1000072805D008280FD129462046FFF722FF96
:104A20003046296CFFF71CFF281DEBF7EDFC012237
:104A3000FFF736FF00F018FD00F016FDC26808B55C
:104A400032B1CA6B0A64BDE808400022FFF728BFF4
:104A5000FFF794FF092008BD052915D8DFE801F00C
:104A60000A031403030501207047009A436C136086
:104A70000020704743B90F2A06D800EB82020020BD
:104A80005368009A136070470220704700B585B0E4
:104A90000A46002303A900911946FFF7DDFF03989A
:104AA00005B05DF804FB00BF052915D8DFE801F06B
:104AB0000A031403030501207047009B1B6843642D
:104AC0000020704743B90F2A06D8009B00EB8202F2
:104AD0001B685360002070470220704710B584B0F7
:104AE000002303AC039200940A461946FFF7DCFF4B
:104AF00004B010BD2DE9F041D36BADF5107D02F18E
:104B0000040C136407460E46BCE80F000DF15C0E62
:104B1000AEE80F00BCE80F00AEE80F00BCE80F00E5
:104B2000AEE80F009CE80F0016AC4FF0FF388EE89F
:104B30000F006D46C4F8008010E0FFF7CFFF31464C
:104B40002046B847034622460820294683B92B69E8
:104B50009847052880460DD0092809D0216C2846A1
:104B6000FFF700FE03460C212A462046002BE4D026
:104B70004FF009082046FFF741FE40460DF5107D35
:104B8000BDE8F0812DE9F04F1646CA6C89B00D469C
:104B900052F8041B069200F0030CE3B10C0C8DF8E4
:104BA0001D400904E4B2059102EB840202218DF854
:104BB0001C10296DBCF1020F08BFAA6B11F001088F
:104BC0000FD005A9304600F0CFFA002839D10820CF
:104BD00009B0BDE8F08F090205918DF81D30032161
:104BE000E5E71768002FECD000F008010191E346DB
:104BF000CDF808809A46BAF1020F26D0178854885B
:104C000002F10409AA6C24F001030F21304603EBE2
:104C10000208FFF73BFF804515D827F0010202EBA1
:104C20000803834294BF00230123640004F00204BC
:104C300007F001072743012F0BD0022F50D0002F80
:104C400045D00920C4E70023EFE7546802F10809C2
:104C5000D8E7BBF1000F73D1CBB1D9F80430D9F844
:104C60000020991C4FEAD272EBD005F158040133B1
:104C7000049400F0CC8009F10400FFF7EBFD04ABD5
:104C800001462846AFF30080002840F0978009F1E4
:104C900008021768002FAED105A93046DDF808805C
:104CA00000F062FA0028CCD1B8F1000F8FD00F21AC
:104CB0003046FFF7EBFE0E2102463046FFF70EFFAF
:104CC000594A0F213046FFF709FF072080E7BBF163
:104CD000000F02D0002B40F0878009F10402D8E7D2
:104CE000D9F8004024F00048BBF1000F0FD12BB1E0
:104CF000019B002B3CD0B8F1000F39D0002C01DA19
:104D000009F1040908F1010209EB8202C1E70D2152
:104D10003046FFF7BBFE2F6A8742EFD1AB6A994559
:104D2000ECD100240423C5E90B434B44C5F828808B
:104D30006B63D9F80030A34270DB01230293E1E7F3
:104D40000D213046FFF7A2FE2C6A84429FD1AB6A48
:104D500099459CD14846FFF7B3FC0F2102463046E7
:104D6000FFF7BCFE2A4600213046FFF7B7FEACE74E
:104D700005F15803CDF80CB009F10407B34600243F
:104D80001E460BE038460496FFF764FD00220146FC
:104D900004AB2846AFF300800437F8B9444504F16A
:104DA0000104EFD10D215846FFF770FE049BC5F8B2
:104DB00028900246C5E90823062009E704460D218C
:104DC0003046FFF763FE049E2862022C04BFEE62A9
:104DD00005F12C06C5E909690620F9E65E46D9F811
:104DE0000040DDF80CB089E74846FFF769FC09F19F
:104DF00004030446AB632846AFF3008000283FF469
:104E000020AF22460F213046FFF768FE5DE73046AF
:104E10000D21FFF73BFE26462862DBE708F1010281
:104E200009EB820097E700BF000000000023FFF7B6
:104E3000A9BE00BF0123FFF7A5BE00BF0223FFF7F5
:104E4000A1BE00BF2DE9F0410646C4B014460529B5
:104E500008D8DFE801F016300773980B3A19102ACA
:104E600040F2B780022044B0BDE8F081836B002C93
:104E7000F8D153F8042B42648363002044B0BDE8AA
:104E8000F081002BEED1856B1FFA84FC012006F126
:104E9000040E00FA03F111EA0C0F2A4604D052F86E
:104EA000041B4EF8231015460133102BF1D1A0043A
:104EB000E3D4B563E1E7012B4FEA1447A4B2CDD0A8
:104EC000052BCFD107EB0408B8F1200FCAD80F2F5C
:104ED00040F2BD80002CD0D002685107A04600F1FE
:104EE0001B81019302AC2046EBF7AEFAD6F838C02E
:104EF000019B102F4FF0FF3239464FF0020E38BFA2
:104F0000102118FB0E2E04EBC10184397246604655
:104F100050F8045B41F8045F013A551CF8D10CF1DC
:104F2000040C012B0CEB8E0200F0D5800F2FB26326
:104F300040F2FA802046EBF783FA9EE7032B91D1EB
:104F4000A7B207EB1443102B4FEA14448AD8036826
:104F5000190700F1A38022AD2846EBF79BFA7A00EF
:104F6000B06B05EBC404531E42B1011B625844F8F8
:104F7000042B013B5A1CF9D100EBC700B063284653
:104F8000EBF766FA79E7002B7FF46CAF102C3FF655
:104F900069AF0368D80679D422AD2846EBF7A6FAA4
:104FA000B76B294600234FF0010C0CFA03F22242A2
:104FB000384603F1010303D050F8042B0A6007467A
:104FC000042B01F10401F0D1B7632846EBF784FA12
:104FD00053E7102F3FF446AF0268D10708D530469B
:104FE00022F0030240F8502B0193EBF71DFA019BCE
:104FF000019322AD2846EBF717FAD6F838C0002CFB
:105000006BD0019B4FF0000802214FF0FF3214FBE0
:10501000012E05EBC70104397246604650F8044B77
:1050200041F8044F013A541CF8D10CF1040C0CEB7C
:105030008E0CB8F1000F39D1012B4ED00F2FC6F8CE
:1050400038C03FF61AAF2846EBF7F2F915E70268C9
:10505000B8F1100F02F001012AD851B1304622F008
:10506000010242F0020240F8502B0193EBF7E4F901
:10507000019B019322AD2846EBF7DEF9019B002C42
:10508000E1D0D6F838C04FF00008BDE723F0100398
:10509000336006F5EC70EBF729FA7DE723F008039F
:1050A000036000F5AC70EBF7F5F954E702AC20E7CC
:1050B000D1B9550726D422AD28460193EBF7BCF9A8
:1050C00002A8EBF7C1F9A8F11008D6F838C0019B87
:1050D000C7F1100498E7944622AD0CF10403B363C2
:1050E0002846EBF79DF9C8E622F0010242F00202E1
:1050F00040F8502B0193EBF79FF93268019B12F0B7
:10510000040FD8D0304622F0040240F8D82B019387
:10511000EBF79AF9019BCEE722F0040240F8D82B76
:105120000193EBF791F9DDE622A8EBF781F901E7AE
:10513000027A03467AB9427AA2B14168013A10B4C0
:105140004272086803220C1D1A7202025C60000E93
:1051500010BC1A6070470068013A1A7202021A60A5
:10516000000E7047B02070472DE9F043064685B029
:105170000D4600272846FFF7DBFFB028044600F065
:10518000218103065ED500F0F003A02B1DD033D89B
:10519000802B00F08780902B2AD100F00D030D2B7F
:1051A00026D00DF10808002300F00F021946CDF8B3
:1051B00000803046FFF750FC0023CDF800800D2220
:1051C00019463046FFF770FCD4E7C34303F00703EA
:1051D0004FF47F621A41010702F47F6201D542F465
:1051E0008042002319463046FFF72CFE0028C1D02C
:1051F000092005B0BDE8F083B02B68D0C02B3FD1AB
:10520000C62800F0CC80C72800F0DF8000F0F8034B
:10521000C02B00F0EC80C82800F0F780C928E7D147
:105220002846FFF785FF020300F00F0002F470220A
:1052300001300243012105233046FFF703FE002819
:1052400098D0D5E78300DBB203F104080DF108091B
:1052500000231946CDF800900D223046FFF7FCFBE5
:10526000029ACDF8009060064CBFA2EB08024244BF
:105270000023029219460D223046FFF715FC79E70C
:1052800000F0F803D02BB3D100F007020132052360
:1052900042F4002201213046FFF7D4FD00283FF4FC
:1052A00069AFA5E72846FFF743FF24022043B0F586
:1052B000004F9DD004010023A2B219463046FFF7EB
:1052C000C1FD002894D1C4F3C030074352E7A0F1D8
:1052D000B103042B00F2B580DFE803F05729160C68
:1052E000030003AA0023009219460D223046FFF75F
:1052F000B3FB3FE700231A4605213046FFF7A2FD26
:1053000000283FF437AF73E72846FFF711FF020389
:1053100000F00F00013002F470220123024319460D
:105320003046FFF78FFD00283FF424AF60E70023ED
:105330000DF108090D221946CDF800903046FFF70F
:105340008BFB2846FFF7F4FE0206029C4FF0020892
:105350000CD500F07F0000FA08F0044428460294BF
:10536000FFF7E6FE030608F10708F2D400FA08F09A
:1053700004F50174204400230290CDF800900D2222
:1053800019463046FFF790FBF4E62846FFF7D0FEBB
:10539000431EDBB20E2B02467FF623AF28E72846DA
:1053A000FFF7C6FE020300F00F00013002F4702286
:1053B0000323024319463046FFF744FD00283FF41B
:1053C000D9AE15E76FB3002013E72846FFF7B0FE0C
:1053D000431EDBB20E2B02463FF60AAF0023042128
:1053E0003046FFF72FFD00283FF4C4AE00E700F081
:1053F0000F020132032342F4202219463046FFF700
:1054000021FD00283FF4B6AEF2E62846FFF790FEF5
:1054100000F0F00200F00F031032013343EA0232D1
:1054200008E702AC3B46394600940E223046FFF7AF
:1054300013FB0F2200943B4639463046FFF734FBFE
:10544000C1E700F0FC03B42B3FF4D2AE00F007023A
:105450000132012342F4002219463046FFF7F2FCE4
:1054600000283FF487AEC3E608B5062000F004F834
:10547000012000F055F800BF38B5144B1F281D68F7
:105480001ED8D5F83821044662B152F820304BB10D
:10549000012B05D0591C0FD0002142F8201098474D
:1054A000002038BD284600F029F82246014628464B
:1054B000BDE8384000F00CB816232B60012038BD41
:1054C00016232B604FF0FF3038BD00BF8C03002047
:1054D00070B50C46084D03460026204611461C4672
:1054E0002E6000F015F8431C00D070BD2B68002B17
:1054F000FBD0236070BD00BF8C20002000F000B8FE
:10550000024B58221A604FF0FF3070478C20002069
:10551000024B58221A604FF0FF3070478C20002059
:10552000FEE700BF000400480000004800000048FB
:105530000004004800040048000400480008004837
:105540000040010200080048002001020008004855
:105550000080010200000048100001020000004825
:10556000200001020000004840000102000000404D
:10557000000400480004081C01020A010000004069
:105580000004004800080C1C01020B010000004050
:10559000000000480200041C01020101000000405C
:1055A000000000480100001C01020001002C014025
:1055B000000000480001001B000A0806C5950066AF
:1055C0009C48656C6C6F20506C75746F00506C75E6
:1055D000746F2069732072756E6E696E672E2E2E41
:1055E000004D4F4E495420202000312E302E3000E7
:1055F000332E302E300031373A30313A32300030ED
:10560000392D30392D3230323600302E302E3000E8
:105610005052494D55535F5635004D4147495356F9
:1056200032004145545231323334004759524F5FB2
:1056300043414C494252415445440052585F4C4FFB
:1056400053545F4C414E44494E470052585F4C4FB3
:1056500053540044495341524D494E470041524D25
:10566000494E475F4750535F464958004241545F97
:10567000435249545F4C4F57004241545F4C4F577F
:105680000052585F534554004143435F43414C49E6
:1056900042524154494F4E004143435F43414C49BC
:1056A00042524154494F4E5F4641494C0052454198
:1056B00044595F424545500044495341524D5F5261
:1056C00045504541540041524D45440025732066E4
:1056D0006F722025730042792044524F4E41204181
:1056E00056494154494F4E0046573A2573207C2075
:1056F0004150493A2573004275696C64203A20256F
:1057000073007C2025642E256400444556207C00CF
:10571000202020207C00525820207C007C204152F8
:105720004D007C2020202000204143432043414C59
:105730002000204D41472043414C2000204C4F5732
:10574000204241542000205258204C4F53532000F7
:10575000202043524153482020004E4F54205245B0
:105760004144590020205245414459202000494ECF
:1057700020464C494748540020202020202020204B
:1057800020002530326C75203A002530326C7500CF
:1057900050203A2025642020200052203A20256401
:1057A0002020200059203A2025642020200070204D
:1057B0003A2025642020200054203A20256420200F
:1057C00020004D41474953205632005052494D5513
:1057D000532056350041524D3B00414E474C453B0E
:1057E00000484F52495A4F4E3B004241524F3B00F6
:1057F0004D41473B0048454144465245453B0048E2
:1058000045414441444A3B0043414D535441423B8E
:105810000043414D545249473B0047505320484FA5
:105820004D453B0047505320484F4C443B005041AE
:105830005353544852553B004245455045523B0056
:105840004C45444D41583B004C45444C4F573B0060
:105850004C4C49474854533B0043414C49423B0060
:10586000474F5645524E4F523B004F5344205357DB
:105870003B0054454C454D455452593B0047545507
:105880004E453B00534F4E41523B00534552564FFD
:10589000313B00534552564F323B00534552564F11
:1058A000333B00424C41434B424F583B0046414939
:1058B0004C534146453B000C010200050403000A1D
:1058C00000000000E1550108EA550108F055010803
:1058D000F6550108FF5501080A560108105601083F
:1058E0001A5601080000803F000080BF0000803F82
:1058F000000080BF0000803F000080BF000080BF2C
:105900000000803F0000803F0000803F0000803F9B
:105910000000803F0000803F0000803F000080BF0B
:10592000000080BF0701010202020503080406050A
:105930000A06090701000000F45901082B56010866
:10594000020100001D5A01083B5601080302000035
:10595000305A01084B560108040300003D5A010863
:105960005356010805040000475A0108565601081D
:1059700006050000145A01085D56010807060000DC
:10598000335A01086C56010808070000365A01080E
:105990007956010809080000672400200000000073
:1059A0000A0900004C5A0108815601080C0A00003F
:1059B000005A0108885601080D0B0000FB59010828
:1059C000985601080E0C0000055A0108AD56010852
:1059D0000F0D000067240020000000000B0E0000E7
:1059E000395A0108B8560108100F0000425A010840
:1059F000C6560108140A140A140AFF140F2305FFDF
:105A000005050505FF0405040508050F050805043F
:105A1000050405FF05050F0505050F1EFF0A0A0A07
:105A20000A0A28280A280A28280A0A0A0A0A46FF0F
:105A30003232FF3202FF1932FF00640AFF0F050FF6
:105A400005FF00F50A05FF1E050505FF0A0AFF010F
:105A5000000102000103000104000105000106002D
:105A6000010700010800010900010A00010B000103
:105A70000C01030D00010E00010F000110000111C7
:105A800000011200011300011400010000000000D9
:105A900080250000004B00000096000000E100009F
:105AA00000C201000084030090D003000001000048
:105AB000524F4C4C3B50495443483B5941573B4152
:105AC0004C543B506F733B506F73523B4E61765258
:105AD0003B4C4556454C3B4D41473B56454C3B00A6
:105AE00000000000D5570108000000000100000080
:105AF000DA5701080100000002000000E157010828
:105B00000200000003000000EA5701080300000043
:105B100004000000F0570108050000000500000027
:105B2000F55701080600000006000000FF570108B5
:105B300007000000070000000858010808000000E6
:105B400008000000115801080900000009000000C9
:105B50001A5801080A0000000A0000002458010831
:105B60000B0000000B0000002E5801080C00000084
:105B70000C000000385801080D0000000D00000066
:105B8000405801080E0000000E00000048580108AF
:105B90000F0000000F000000505801081000000026
:105BA0001000000059580108110000001100000009
:105BB0006058010812000000120000006A58010835
:105BC00013000000130000007258010814000000C8
:105BD000140000007D5801081500000015000000A9
:105BE0008458010816000000160000008B580108B8
:105BF000170000001700000093580108180000006B
:105C0000180000009B58010819000000190000004E
:105C1000A35801081A0000001A000000AD5801083E
:105C20001B0000001B00000000000000FF0000003F
:105C3000414552543132333435363738616263640A
:105C400065666768000001000200040006000800A5
:105C50000A000C001000200040008000000100003D
:105C60000000000000000000000001020304010227
:105C7000030406070809000000000000004F0000B0
:105C80000007000700147F147F14242A7F2A1223A0
:105C90001308646236495522500005030000001CB9
:105CA0002241000041221C0014083E081408083E4E
:105CB000080800503000000808080808006060006C
:105CC0000020100804023E5149453E00427F40003A
:105CD00042615149462141454B311814127F10272A
:105CE000454545393C4A4949300171090503364962
:105CF000494936064949291E003636000000563605
:105D00000000081422410014141414140041221439
:105D1000080201510906324979413E7E1111117E76
:105D20007F494949363E414141227F4141221C7F02
:105D3000494949417F090909013E4149497A7F089A
:105D400008087F00417F41002040413F017F081447
:105D500022417F404040407F020C027F7F040810B8
:105D60007F3E4141413E7F090909063E4151215E86
:105D70007F09192946464949493101017F01013FFF
:105D80004040403F1F2040201F3F4038403F6314A9
:105D900008146307087008076151494543007F41B3
:105DA000410002040810200041417F00040201026A
:105DB0000440404040400102040000205454547804
:105DC0007F484444383844444420384444487F3869
:105DD00054545418087E090102064949493F7F0876
:105DE00004047800447D40002040443D007F10289A
:105DF000440000417F40007C0418047C7C080404BB
:105E00007838444444387C14141408081414187C5A
:105E10007C080404084854545420043F4440203C67
:105E20004040207C1C2040201C3C4030403C44280A
:105E30001028440C5050503C4464544C44000836E4
:105E4000410000007F00000041360800020102040A
:105E5000023E55554122000000000000007900007C
:105E60001824742E24487E4942405D2222225D156A
:105E7000167C161500007700000A555555280001BC
:105E8000000100000A0D0A0408142A142204040464
:105E9000041C0008080800010101010100020502BC
:105EA0000044445F444400000402017E2020103E70
:105EB000060F7F007F0018180000004050200000EF
:105EC0000A0D0A0022142A14081708342A7D17081C
:105ED000046A59304845402042004200427E420058
:105EE00042007E7E0042007E7E7E42007E7E7E7E7E
:105EF000007E7E7E7E7E5A0000005A5A4040405A04
:105F00007A6060607A7A7070707A7A7878787A7A63
:105F10007C7C7C7A7A7E7E7E7A0000007DC80008D8
:105F200079C8000881C80008000408010000004882
:105F3000000100000000020000040048040000000E
:105F400000000400000400484000000000000400BD
:105F50000004004880000000000004000004004825
:105F60000080000000000400000400480040000021
:105F700000000400000400480020000000000400AD
:105F80000004004800100000000004000000004869
:105F90001000000000000200000000480020000087
:105FA0000000020000000048004000000000020065
:105FB0000004004810000000000004000004004835
:105FC0002000000000000400000000482000000045
:105FD0000000020000040048080000000000040067
:105FE000000000480080000000000200000000489F
:105FF000080000000000020000000048040000004B
:1060000000000200C012000080250000403800009F
:10601000004B00000096000000E1000000C20100FB
:1060200000F4010000E8030000050600F01800205D
:10603000010908008817002002040F002016002024
:1060400003070E00B814002004FF0D0050130020B9
:10605000646001087A6001086060010862600108FC
:10606000FFFFFFFF00030103020303030402050314
:106070000603070308040903FFFF000301030203EB
:10608000030304010503060307030804FFFF0000E0
:10609000650F0108750D0108B90C0108A90D01086B
:1060A000690D0108DF0C01086F0D010800000000F8
:1060B0000000004B000000CB00000080DB0F4940D7
:1060C000DB0F49C0DB0F49BFE4CB1640E4CB16C061
:1060D000000FC93F000F494000CB9640000FC94058
:1060E0000053FB4000CB164100ED2F41000F49410A
:1060F0000031624100537B41003A8A4100CB964116
:10610000005CA34100EDAF41007EBC41000FC941DE
:1061100000A0D5410031E24100C2EE410053FB41F5
:1061200000F20342003A0A420083104200CB1642BA
:1061300000141D42005C234200A5294200ED2F42BD
:1061400000363642007E3C4200C74242000F4942C0
:10615000A2000000F9000000830000006E000000B3
:106160004E0000004400000015000000290000005F
:10617000FC0000002700000057000000D1000000D4
:10618000F500000034000000DD000000C000000049
:10619000DB00000062000000950000009900000094
:1061A0003C0000004300000090000000410000009F
:1061B000FE0000005100000063000000AB00000082
:1061C000DE000000BB000000C50000006100000010
:1061D000B7000000240000006E0000003A0000003C
:1061E000420000004D000000D2000000E00000006E
:1061F00006000000490000002E000000EA00000038
:1062000009000000D1000000920000001C00000006
:10621000FE0000001D000000EB0000001C0000005C
:10622000B100000029000000A70000003E000000AF
:10623000E80000008200000035000000F5000000CA
:106240002E000000BB00000044000000840000009D
:10625000E90000009C000000700000002600000023
:10626000B40000005F0000007E000000410000005C
:106270003900000091000000D60000003900000045
:10628000830000005300000039000000F40000000B
:106290009C000000840000005F0000008B000000F4
:1062A000BD000000F9000000280000003B000000D5
:1062B0001F000000F800000097000000FF00000031
:1062C000DE00000005000000980000000F00000044
:1062D000EF0000002F000000110000008B00000004
:1062E0005A0000000A0000006D0000001F000000BE
:1062F0006D000000360000007E000000CF000000AE
:1063000027000000CB00000009000000B7000000DB
:106310004F000000460000003F0000006600000043
:106320009E0000005F000000EA0000002D00000059
:106330007500000027000000BA000000C700000040
:10634000EB000000E5000000F10000007B00000011
:106350003D0000000700000039000000F7000000C9
:106360008A0000005200000092000000EA000000D5
:106370006B000000FB0000005F000000B1000000A7
:106380001F0000008D0000005D00000008000000FC
:10639000560000000300000030000000460000002E
:1063A000FC0000007B0000006B000000AB00000060
:1063B000F0000000CF000000BC0000002000000042
:1063C0009A000000F4000000360000001D000000EC
:1063D000A9000000E300000091000000610000003F
:1063E0005E000000E60000001B0000000800000046
:1063F0006500000099000000850000005F000000BB
:1064000014000000A0000000680000004000000030
:106410008D000000FF000000D80000008000000098
:106420004D00000073000000270000003100000054
:1064300006000000060000001500000056000000E5
:10644000CA00000073000000A8000000C90000009E
:1064500060000000E20000007B000000C0000000BF
:106460008C0000006B0000006937AC3168212233DA
:10647000B40F14336821A2333863ED3EDA0F493F7D
:106480005E987B3FDA0FC93F0000C93F0000F0393A
:106490000000DA370000A2330000842E0000502BE9
:1064A0000000C2270000D0220000C41F0000C61B4D
:1064B000000044170400000007000000090000006D
:1064C00008B10181B0B000840000000008B1018172
:1064D000B0B0008400000000C9080181B0B0AF80F6
:1064E0000000000008B10181B0B00084000000008D
:1064F00008B10181B0B000840000000080C90181B2
:10650000B0AF08B10000000008B10181B0B0008454
:106510000000000008B10181B0B00084000000005C
:1065200008B10181B0B000840000000008B1018111
:10653000B0B000840000000084030181B00EB100FF
:106540000000000080C90181B0A908B1000000006E
:1065500008B10181B0B000840000000008B10181E1
:10656000B0B000840000000008B10181B0B0008428
:106570000000000008B10181B0B0008400000000FC
:10658000C90C0181B0B0AF8000000000C90C0181CE
:10659000B0B0AF8000000000C9060181B0B0AF8488
:1065A00000000000C9060181B0B0AF830000000008
:1065B000C9080181B0B0AF800000000080C901812E
:1065C000008408B10000000008B10181B0B000846F
:1065D0000000000082C90181B0A908B100000000DC
:1065E000C9040181B0B0AB820000000081C9018103
:1065F000B0AB08B10000000080C90181008408B17F
:106600000000000008B10181B0B00084000000006B
:1066100008B10181B0B0008400000000C9200181F0
:10662000B0B0AF800000000008B10181B0B00084BC
:106630000000000008B10181B0B00084000000003B
:1066400008B10181B0B000840000000008B10181F0
:10665000B0B000840000000008B10181B0B0008437
:106660000000000008B10181B0B00084000000000B
:1066700008B10181B0B000840000000008B10181C0
:10668000B0B0008400000000C9020181B0B0AD804C
:106690000000000008B10181B0B0008400000000DB
:1066A00080C90181B0AF08B10000000008B10181CC
:1066B000B0B000840000000008B10181B0B00084D7
:1066C0000000000008B10181B0B0008400000000AB
:1066D00008B10181B0B000840000000008B1018160
:1066E000B0B000840000000008B10181B0B00084A7
:1066F0000000000008B10181B0B00084000000007B
:1067000008B10181B0B000840000000008B101812F
:10671000B0B000840000000008B10181B0B0008476
:106720000000000080C90181B0AD08B10000000088
:0C67300008B10181B0B00084000000003E
:10673C00849AFE7F01000000109FFE7FB0AB0680A4
:10674C006CA2FE7F70FDFF7F70A2FE7F0100000037
:10675C008CA2FE7F6CFDFF7FF0A2FE7F70FDFF7FA1
:10676C0050A7FE7FB0B0A88030A8FE7F6CFDFF7FE5
:10677C00F4A8FE7F01000000ACA9FE7FB0B0A88099
:10678C0078AAFE7FB0B0AA80F0AAFE7FAD08B180D7
:10679C0090ADFE7FB0AD028060AEFE7FA908B180E7
:1067AC0098AFFE7FB0AC01806CB1FE7F01000000A1
:1067BC0030B3FE7FB0B0A8804CB3FE7FB0A902808E
:1067CC001CB4FE7F0100000018B4FE7FAB08B18042
:1067DC00ACB4FE7F01000000CCB4FE7F08FDFF7F4F
:1067EC00F8B4FE7F0100000028B5FE7F04FDFF7F9A
:1067FC008CB8FE7F01000000A8B8FE7F00FDFF7F73
:10680C0040B9FE7FB0B0A880C0B9FE7FFCFCFF7F12
:10681C00C8B9FE7F00FDFF7FD0B9FE7FB0B0A88065
:10682C00ECB9FE7F01000000FCB9FE7FB0B0A8807F
:10683C0030BAFE7F0100000088BAFE7FB0B0AC8099
:10684C0068BCFE7FDCFCFF7F84BCFE7F0100000087
:10685C0060C0FE7FAD08B180B0C0FE7F01000000BB
:10686C00C0C0FE7FB0AE078084C2FE7FC0FCFF7F3D
:10687C00A8C2FE7F010000002CC4FE7FAF08B180CF
:10688C00C8C5FE7FA908B18034C6FE7F0100000098
:10689C005CC6FE7FAC80C980D4C7FE7F01000000BF
:1068AC008CC9FE7F94FCFF7FC8C9FE7F01000000ED
:1068BC00CCC9FE7FB0B0A88028CAFE7FAC81C9804D
:1068CC0058CCFE7F0100000034CDFE7F78FCFF7FAA
:1068DC0044CDFE7F7CFCFF7F5CCDFE7F80FCFF7F88
:1068EC0074CDFE7FB0AF0280F4CEFE7F7CFCFF7FC8
:1068FC0080CFFE7F80FCFF7F5CD2FE7F84FCFF7F1D
:10690C0078D5FE7FB0AF0A8024D8FE7F80FCFF7F55
:10691C006CDDFE7F84FCFF7F44E0FE7F88FCFF7F04
:10692C00E0E2FE7F010000002CE5FE7FB0B0AA8003
:10693C0070E5FE7F0100000020E8FE7FB0AB0A800E
:10694C0004EAFE7F01000000B0ECFE7F64FCFF7FD8
:10695C0000EDFE7F0100000014EEFE7F60FCFF7F67
:10696C00E4EEFE7F01000000F8EFFE7F5CFCFF7F91
:10697C0080F1FE7F60FCFF7FBCF4FE7F64FCFF7F38
:10698C00B4F6FE7F68FCFF7F44F7FE7F0100000039
:10699C0080F7FE7FAB08B180ACF7FE7F01000000F2
:1069AC00D8F7FE7FB0B0AA800CF8FE7F0100000083
:1069BC002CF8FE7F44FCFF7F54F8FE7F01000000A2
:1069CC0058F8FE7FAF08B18054FAFE7F010000003A
:1069DC002CFDFE7F30FCFF7F50FDFE7F0100000090
:1069EC008CFDFE7FB0B0AA8034FEFE7F010000005B
:1069FC00EC02FF7FA908B1803003FF7FB0AD0280AD
:106A0C009405FF7F01000000B005FF7FA908B1804D
:106A1C00F405FF7FAB08B1802406FF7F0100000066
:106A2C004C06FF7FB0B0AA809809FF7FB0B0A88059
:106A3C00B409FF7FB0AF0480A40AFF7FB0B0AA8076
:106A4C00D00AFF7F010000000C0DFF7FB0AC01806D
:106A5C00740DFF7F01000000CC0DFF7FB0B0A8804B
:106A6C00DC0DFF7F01000000240EFF7FB0B0A8807A
:106A7C00400EFF7FA908B180780EFF7F0100000057
:106A8C00780EFF7FB0B0A880980EFF7F0100000049
:106A9C00980EFF7F7CFBFF7FE81AFF7F0100000050
:106AAC00F01AFF7FB0AE0180681BFF7FAB08B1808E
:106ABC00981CFF7F01000000A41CFF7FB0AF0A8070
:106ACC009425FF7F01000000A825FF7F50FBFF7F6E
:106ADC00B825FF7F01000000B425FF7F4CFBFF7F32
:106AEC00B625FF7F01000000E025FF7FB0AA0380E0
:106AFC002026FF7F40FBFF7F3026FF7FB0AF048056
:106B0C000427FF7F008404804C27FF7FAB08B180F3
:106B1C007027FF7FB0B0A8808427FF7F01000000A2
:106B2C008027FF7FB0B0A880CC27FF7F010000003A
:106B3C00EC27FF7F0CFBFF7F7828FF7FAD08B1802F
:106B4C007829FF7F01000000B429FF7F00FBFF7F45
:106B5C00DC29FF7F04FBFF7FF429FF7FA908B180AC
:106B6C00EC2AFF7F01000000002BFF7FB0AF0480F8
:106B7C002C2DFF7F01000000602DFF7FE8FAFF7FC6
:106B8C00BC2DFF7F010000001435FF7FB0AA0180EF
:106B9C009835FF7F01000000B835FF7FB0B0AC80A6
:106BAC006036FF7F010000009036FF7FB0B0AC80F4
:106BBC002C38FF7F010000004438FF7FB0B0A88064
:106BCC009438FF7F01000000A438FF7FAB08B18030
:106BDC005039FF7F9CFAFF7FA839FF7FB0B0AC80A3
:106BEC00903AFF7FB0A902802C3CFF7F90FAFF7F88
:106BFC00703FFF7FB0A80380B83FFF7F010000000B
:106C0C00C440FF7F84FAFF7FD440FF7FB0B0AE80DA
:106C1C00C042FF7F01000000E042FF7F78FAFF7F57
:106C2C00F843FF7FB0B0A8802044FF7F0100000034
:106C3C004044FF7FAF08B1800C45FF7F64FAFF7FB3
:106C4C004045FF7F01000000504AFF7FB0B0AA8092
:106C5C003C4EFF7F01000000BC4FFF7FB0B0AA800C
:106C6C000051FF7FAC80C9805853FF7F01000000AA
:106C7C001055FF7FB0A90280D055FF7FA908B180C5
:106C8C00E055FF7FAB08B1804856FF7FB0B0A880BD
:106C9C00BC56FF7FAB08B1806857FF7FB0B0A880AF
:106CAC00C457FF7F01000000F857FF7FB0AC19807C
:106CBC005459FF7F00841280CC59FF7F00841480CC
:106CCC00685AFF7F00841280DC5AFF7F0084148096
:106CDC007C5BFF7FD8F9FF7F945BFF7F0100000096
:106CEC00A05BFF7FB0A90280E45BFF7F0100000086
:106CFC00105CFF7F00840280385CFF7FBCF9FF7F53
:106D0C00605CFF7F01000000645CFF7FB8F9FF7FCF
:106D1C00E85CFF7FB0B0A880245DFF7F010000001D
:106D2C00245DFF7FAB08B1804C5DFF7FA908B1806B
:106D3C00885DFF7F9CF9FF7F945DFF7F0100000061
:106D4C00B45DFF7FAF08B180A85EFF7F010000003B
:106D5C00D45EFF7FAF08B1807861FF7F0100000037
:106D6C008061FF7FAB08B180FC62FF7F01000000F7
:106D7C001863FF7FA908B1803864FF7F008402800C
:106D8C006C64FF7F010000008A89FF7F50F9FF7F50
:106D9C009889FF7F010000009C89FF7FB0AB0480C5
:106DAC00E48AFF7FB0A90280848BFF7F0100000082
:106DBC008C8BFF7F34F9FF7F988BFF7FB0A801800D
:106DCC00588CFF7F01000000BC94FF7F28F9FF7FE7
:106DDC00C294FF7FB0A801800895FF7F01000000DE
:106DEC000495FF7F1CF9FF7F2495FF7FB0A90280DB
:106DFC007495FF7F01000000B896FF7FB0B0A880AB
:106E0C00DC96FF7FB0A801802097FF7FB0B0AA80EE
:106E1C003897FF7F008402801098FF7FF0F8FF7F87
:106E2C002C98FF7F008402807498FF7F0100000083
:106E3C008C98FF7FB0A90280E498FF7F01000000CE
:106E4C00E498FF7FB0B0AE807899FF7F010000001E
:106E5C00189AFF7FB0AF0680349BFF7F01000000C3
:106E6C00649BFF7FAD08B180989BFF7F0100000001
:106E7C009C9BFF7FB0B0A880109CFF7F010000009E
:106E8C00549DFF7FB0AA03800C9EFF7F0100000081
:106E9C00D4A4FF7FB0B0AC8056A5FF7F01000000EA
:106EAC0018A6FF7F0084028030A6FF7FB0AA038063
:106EBC006CA6FF7FB0B0A8808EA6FF7F01000000FB
:106ECC0094A6FF7FAD08B180F8A6FF7F01000000FB
:106EDC0068A7FF7FA908B180D4A7FF7F010000003D
:106EEC0004A8FF7FB0A801805CA8FF7FB0AC038032
:106EFC0050A9FF7F0100000090AAFF7FB0AA038079
:106F0C0034ABFF7F0100000054ABFF7FB0B0AA8010
:106F1C009CABFF7F0100000034ACFF7FFCF7FF7FD0
:106F2C0000ADFF7F0100000030D8FF7FB0A90280C8
:106F3C00C0D8FF7FB0B0A88010D9FF7F010000003F
:106F4C0018D9FF7FB0B0AA804CD9FF7FAF76B28042
:106F5C0020DAFF7FAB3F3A8084DAFF7F010000002C
:106F6C008CDAFF7FB0B0AA80C8DAFF7FB8F7FF7F5A
:106F7C00DCDAFF7F0100000070DBFF7FAC0FB2801A
:106F8C00F8DBFF7FB0AF088098DEFF7F01000000C8
:106F9C00A8DEFF7FAC3F03808CE1FF7F0100000087
:106FAC00BCE1FF7FB0AD0480B4E4FF7F01000000C2
:046FBC00D960000890
:106FC0005300000000A24A0401000000F401000088
:106FD0006400000000000040FFFF00000F00000000
:106FE000010000000A000000FFFF01007D380008DA
:106FF0000AD7233CCDCC4C3E728A0E3CCDCC4C3EC5
:107000000000803F000000000000000000000000C1
:107010000000803F000000000000000000000000B1
:107020000000803F0200000001000000A99200085B
:10703000010100016400000000005C420000803F8C
:107040000000803F0101010001010100FFFF00007D
:107050000000C03FFF00140578000000B6030000E8
:1070600001010200FFFFFFFF0100FFFFFFFFFFFF25
:10707000FFFFFFFF01010100A08601000101FF00E9
:1070800001800101FF0101000001FF01014F020128
:10709000FF0E01000301018401020A010303010440
:1070A000080105C801060301078D0108080109C68A
:1070B000010A01010B02010C00010DD5010E18019E
:1070C0000F120110010111820112000113D50114E8
:1070D0001801151301160301178601180A01190971
:1070E000011A08011BC2011C03011D8F011E0A01A8
:1070F0001F060120010121020122000123D50124E4
:10710000180125220126010127820128000129D525
:10711000012A18012B0B012C28012D78012E2801A2
:107120002F9101300001310B01320001330B01348A
:10713000000135A10136000137A0013800013904F2
:10714000013A28013B30013C0C013D04013E0F0196
:107150003F7901402801411E01422F01438701442C
:107160000001450B01460001470B0148000149A7FA
:10717000014A00014BA6014C00014D04014E0101E2
:107180004F00015000015180015209015308015480
:107190000101550001560F015779015809015905A0
:1071A000015A00015B60015C05015DD1015E0C01CB
:1071B0005F3C0160000161D001620B016303016467
:1071C0002801651001662A01673901680B0169020F
:1071D000016A28016B10016C2A016D61016E0C01BE
:1071E0006F0001700F01717901720001730B01745E
:1071F0000001750B0176000177A10178000179A0EB
:10720000017A00017B0401FF0401791D017B270144
:10721000960E0197FE0198030199EF019A02019BD6
:107220004401730701700101FF0101000101FF002A
:1072300000000001FF0101000001FF000109000141
:1072400010000111000124010125FF01750001FF5B
:1072500001014E2C01480001302001FF00013009DE
:10726000015400013104013203014083014625012C
:10727000600001270001500601510001529601569D
:1072800008015730016100016200016400016500DE
:107290000166A001FF010122320147140149FF01EB
:1072A0004A0001FF00017A0A017B0001782101FFF9
:1072B000010123340142000144FF01452601460536
:1072C000014040010E0601201A01434001FF000168
:1072D000340301354401FF01013104014B09014C24
:1072E00005014D0401FF000144000145200147084C
:1072F0000148280167000170040171010172FE015B
:10730000760001770001FF01010D0101FF000180FE
:10731000010101F801FF01018E0101000101FF00DF
:1073200001800000000000000A00000005000000CD
:107330000000000005000000000000000001000047
:107340000000000000000000010000009003002089
:1073500000000000541F0020BC1F0020242000203B
:10736000000000000000000000000000000000001D
:10737000000000000000000000000000000000000D
:1073800000000000000000000000000000000000FD
:1073900000000000000000000000000000000000ED
:1073A00000000000000000000000000000000000DD
:1073B00000000000000000000000000000000000CD
:1073C00000000000000000000000000000000000BD
:1073D00000000000000000000000000000000000AD
:1073E000000000000000000001000000000000009C
:1073F0000E33CDAB34126DE6ECDE05000B00000061
:10740000000000000000000000000000000000007C
:10741000000000000000000000000000000000006C
:10742000000000000000000000000000000000005C
:10743000000000000000000000000000000000004C
:10744000000000000000000000000000000000003C
:10745000000000000000000000000000000000002C
:10746000000000000000000000000000000000001C
:10747000000000000000000000000000000000000C
:1074800000000000000000000000000000000000FC
:0400000508000000EF
:00000001FF
