:020000040800F2
:1000000000A000200906000871060008710600081B
:100010007106000871060008710600080000000063
:100020000000000000000000000000007106000851
:10003000710600080000000071060008E96400086D
:1000400071060008710600087106000871060008B4
:1000500071060008710600087106000871060008A4
:1000600071060008E36400087106000871060008C4
:100070007106000871060008511101087106000898
:100080007106000871060008710600087106000874
:100090007106000871060008710600087106000864
:1000A000E51501089D150108F51501088D150108D4
:1000B000A1150108B1150108C11501087106000854
:1000C0007106000871060008710600087106000834
:1000D00071060008111201081D12010871060008BE
:1000E000DD6400087106000871060008710600084A
:1000F000E115010871060008D11501087106000814
:100100000000000000000000000000007106000870
:1001100071060008710600087106000871060008E3
:1001200071060008710600087106000871060008D3
:1001300071060008710600080000000000000000C1
:100140007106000871060008710600080000000032
:10015000000000000000000000000000000000009F
:100160000000000000000000710600087106000891
:100170007106000800000000000000000000000000
:080180000000000071060008F8
:1001C000844641EA000313F003036DD1403A41D362
:1001D00051F8043B40F8043B51F8043B40F8043B21
:1001E00051F8043B40F8043B51F8043B40F8043B11
:1001F00051F8043B40F8043B51F8043B40F8043B01
:1002000051F8043B40F8043B51F8043B40F8043BF0
:1002100051F8043B40F8043B51F8043B40F8043BE0
:1002200051F8043B40F8043B51F8043B40F8043BD0
:1002300051F8043B40F8043B51F8043B40F8043BC0
:1002400051F8043B40F8043B51F8043B40F8043BB0
:10025000403ABDD2303211D351F8043B40F8043B50
:1002600051F8043B40F8043B51F8043B40F8043B90
:1002700051F8043B40F8043B103AEDD20C3205D360
:1002800051F8043B40F8043B043AF9D2043208D058
:10029000D2071CBF11F8013B00F8013B01D30B88CA
:1002A00003806046704700BF082A13D38B078DD0A8
:1002B00010F003038AD0C3F10403D21ADB071CBF7A
:1002C00011F8013B00F8013B80D331F8023B20F8E4
:1002D000023B7BE7043AD9D3013A11F8013B00F81D
:1002E000013BF9D20B7803704B7843708B788370A5
:1002F00060467047000000000000000000000000A1
:1003000030B490F800F020F007016FF0000C10F00E
:10031000070491F820F040F048804FF000046FF09F
:100320000700D1E9002391F840F000F1080082FABB
:100330004CF2A4FA8CF283FA4CF3A2FA8CF34BBB86
:10034000D1E9022382FA4CF200F10800A4FA8CF2FF
:1003500083FA4CF3A2FA8CF3E3B9D1E9042382FACD
:100360004CF200F10800A4FA8CF283FA4CF3A2FAE2
:100370008CF37BB9D1E9062301F1200182FA4CF21A
:1003800000F10800A4FA8CF283FA4CF3A2FA8CF381
:10039000002BC6D0002A04BF04301A4612BAB2FAA3
:1003A00082F200EBD20030BC7047D1E9002304F0A8
:1003B0000305C4F100004FEAC50514F0040F91F8DD
:1003C00040F00CFA05F562EA05021CBF63EA05037A
:1003D00062464FF00004AAE753B94AB9002908BFA2
:1003E00000281CBF4FF0FF314FF0FF3000F0E2B8A3
:1003F000ADF1080C6DE904CE13F0C6FFDDF804E0A2
:10040000DDE9022304B0704700F1340191E83800BF
:100410009C46A6464CF8045D90E8FF0FE54600BDFB
:1004200090EC210B704700BF80EC210B704700BFA0
:1004300090EC200B704700BF80EC200B704700BF92
:10044000D0EC200B704700BFC0EC200B704700BF02
:10045000F0EC0201F0EC0211F0EC0221F0EC0231C0
:10046000F0EC0241F0EC0251F0EC0261F0EC0271B0
:10047000F0EC0281F0EC0291F0EC02A1F0EC02B1A0
:10048000F0EC02C1F0EC02D1F0EC02E1F0EC02F190
:10049000704700BFE0EC0201E0EC0211E0EC022149
:1004A000E0EC0231E0EC0241E0EC0251E0EC0261F0
:1004B000E0EC0271E0EC0281E0EC0291E0EC02A1E0
:1004C000E0EC02B1E0EC02C1E0EC02D1E0EC02E1D0
:1004D000E0EC02F1704700BFB0FC0181B0FC01917B
:1004E000B0FC01A1B0FC01B1704700BFA0FC0181CC
:1004F000A0FC0191A0FC01A1A0FC01B1704700BFCC
:10050000EC4600B52DE900502DE9FF1F4FF0000328
:100510002DE90C0001A914F011FADDF840E012B049
:10052000704700BFEC4600B52DE900502DE9FF1FD4
:100530004FF000032DE90C0001A914F03DFADDF89D
:1005400040E012B0704700BFEC4600B52DE9005006
:100550002DE9FF1F4FF000032DE90C0001A914F055
:100560004DFADDF840E012B0704700BFEC4600B530
:100570002DE900502DE9FF1F4FF000032DE90C007D
:1005800001AB14F011FADDF840E012B0704700BF83
:10059000EC4600B52DE900502DE9FF1F4FF0000398
:1005A0002DE90C0001AA14F085FADDF840E012B044
:1005B000704700BF704700BF002103200BF07EBFD3
:1005C000012103200BF07ABF9FED010A0CF0DAB98C
:1005D0000000C84200200CF03DBD08B5FFF7ECFF5D
:1005E0000121BDE8084008460BF068BF022108461B
:1005F0000BF064BF08B5012100200BF05FFFBDE8E0
:100600000840FFF7DDBF0000114812490268006092
:100610008A4218D0002103E00F4B5B58435004314D
:100620000E480F4B42189A42F6D30E4A02E00023BE
:1006300042F8043B0C4B9A42F9D301F081F900F0E7
:10064000CBF97047FEE70948D0F800D04068004772
:10065000FC9F0020EFBEADDE706F0108000000209F
:10066000D0040020D0040020402A002000D8FF1F22
:10067000FEE70000F0B5C24EC24FC34C87B002F097
:1006800061FA01F0C1FA01F00FFD01F06FFD33785E
:1006900043F001033370BD4B4FF47002C3F8882060
:1006A00001F082F9386005F047FF01F02BFB0FF0F5
:1006B00069FE0CF063FD402001F02EFB0146B448BA
:1006C00007F096F8607904F1100105F035FD142269
:1006D000002101A813F03EFD4FF4802001F01CFB27
:1006E00010B9AC4B01221A703378AB48AB4D43F0D4
:1006F000040333700FF018FDA9480FF015FD00201A
:100700000FF0CAFAA7480AF039FA00232B8094F8B0
:10071000EF2094F8F730B4F8F010A3480AF0B6FCD4
:1007200018B92B8843F002032B8094F8F8000AF0E4
:1007300017FD18B92B8843F020032B8011F06AFABB
:1007400018B12B8843F480732B8010F03EF818B951
:100750002B8843F080032B803B68012B02BF2B8842
:1007600043F040032B80288808B105F03BFF337825
:100770008E4D43F0020333704FF400532B854FF43A
:100780008043AB610F27AB8A9BB283F40053AB82EB
:10079000AB8A9BB283F48043AB82AB8A9BB283F477
:1007A0000043AB82192005F012FF013F192005F02C
:1007B0000EFF17F0FF07E6D14FF48043AB614FF413
:1007C0000053AB614FF40043AB61082001F05EFDC4
:1007D00008B10AF085FA04F099FA6D4807F026FF8F
:1007E000B4F8DE10724802F0F1FE724B70481968DE
:1007F0007D3108F0EBFD0FF08DFE08F04FFD05F0A8
:100800007BFE6D4B18606379052B03D14FF47A7032
:1008100009F00EFD02F0A6FC4FF47A700AF06CFBB2
:10082000C82011F0F3F811F0FDF811F0DFF910F025
:1008300023FF624A137843F008031370604A137869
:1008400040F6020023F00203137001F065FA10B1C4
:100850005C4809F073FE01F055FA4E4B01221A7004
:10086000337863F07F0333700BF09CF90CF016FBC8
:10087000FFF7AAFE10F0C4FD4FF4967005F0A7FE36
:1008800010F0C0FE6279182A9DBF4F4BD34003F091
:100890000103002302208DF80E3006F067FF8DF86B
:1008A0000900022001F038FA8DF80A00402001F01A
:1008B00033FA8DF80C004FF4005001F02DFA8DF84A
:1008C00004004FF4004001F027FA8DF807004FF4C0
:1008D000006001F021FA20B194F82B01C31E5842A8
:1008E00058418DF808004FF4803001F015FA8DF86A
:1008F0000D00012001F010FA8DF80500082001F02C
:100900000BFA8DF806004FF4802001F005FAB4F8D8
:10091000E0308DF80B00ADF810304FF48050B4F893
:10092000D430ADF8123001F0F7F918B1B4F8DC307A
:10093000ADF81230BDF8103094F87C01B3F5FA7FB1
:1009400084BF0023ADF8123010F016F901A80FF0A3
:10095000CFFE05F00DFC1D4B1B780BB105F074FFAD
:100960000BF09EFF0CF0ACF8194B93F9000088BB1C
:1009700006210BF0EFFF02210A200BF0ABFF29E06C
:1009800044240020D80400203405002000ED00E0BD
:10099000C406002051240020003001409020002097
:1009A000003800401C0600201806002000080048FF
:1009B000640600203005002010050020552400208A
:1009C000562400205C060020004100012026002063
:1009D0009400002007B0F0BD08B5FFF74BFE00F013
:1009E000C1FEFCE7074B01881B68B3F85C200A4492
:1009F000A3F85C204188B3F85E200A44A3F85E2087
:100A000001F000BC3005002008B5174BB3F90821F0
:100A100042B1B3F90A212AB1B3F90C3113B1134B26
:100A20001B78BBB9012001F043FC09F007FCA8B119
:100A30000AF068FA90B1002001F044FC002001F0B7
:100A40004BFC78B90A4B1B6801205BB9BDE8084034
:100A500001F042BC012001F035FCE6E7002001F086
:100A600027FCEBE708BD00BF34050020860000200E
:100A7000B00D00202DE9F04FB54AB64B1768B3F919
:100A800006307A892DED028B934289B0C0F25B81EA
:100A9000B3F5FA6FFC79BDBF9B1A13FB04F3C2F5E3
:100AA000FA62C4F16404BCBF93FBF2F3C3F16404C3
:100AB000A94BAA4DB3F83E81A94BD3F800E0A54B52
:100AC0000693A84B0593A84B0493A84B03933B1D97
:100AD000F446002064220793069B33F9029B069399
:100AE000A9EB080303F2F31140F2E636B14200F23B
:100AF0002C81002BB8BF5B42022800F059819EF880
:100B0000151119B19942B4BF5B1A00239849B3FB80
:100B1000F2FB0E4631F91BA00BF1010136F9111061
:100B20004FF69C761BFB0636A1EB0A01714391FB45
:100B3000F2F1514429800799095C11FB03F38D49B7
:100B400093FBF1F364339BB2634393FBF2F31CF822
:100B5000011F059E594391FBF2F106F8011B9CF819
:100B60000B100596049E594391FBF2F106F8011B08
:100B70009CF8161004965943039B91FBF2F103F87D
:100B8000011B03937C4B022814BF1C549A70C1456F
:100B9000B8BF2B8800F10100BCBF5B422B8003284B
:100BA00005F1020598D102F0DDFC6A4D30B1B5F9CE
:100BB000062040F2DC539A42C8BFEB806F4B1B7893
:100BC00013B16F4B1B88EB80634CB5F90600B4F88A
:100BD0004011624E4FF4FA6201F007FDB4F8403163
:100BE0004FF47A72C01A64245043C3F5FA63B0FB21
:100BF000F3F0644B90FBF4F2571C33F9121033F905
:100C000017306FF063075B1A07FB0200434393FB47
:100C1000F4F30B44F3805C4B5C4C1B78002B00F02E
:100C2000F18023785B0740F1ED800AF045FF3080CA
:100C30000AF048FF7080564B1B885F062FD5554B36
:100C40001888554B1B88C01A00B201F033FDF0EE36
:100C5000408A01F0B3FCB0EE408AB0EE680A01F0C1
:100C60004BFCB6F9023006EE903AB6F9003007EECA
:100C7000103AF8EEE66AB8EEC77A67EE007A20EE30
:100C8000660AE6EE887AA7EE080AFDEEE77ABDEE80
:100C9000C00A10EE103A338017EE903A73800220AB
:100CA00001F03AF83D4E50B13D4A3168136845F2C3
:100CB0000720CB1A834202DD116009F06FFC4FF46C
:100CC000006001F029F868B1364A3068136845F2CF
:100CD0000721C31A8B4205DD21781060C1F3800122
:100CE00009F0D4FC3068A0F5A443083B45F2072284
:100CF00093420BDDB5F90620237829490092294A51
:100D000009681268C3F3800309F092FD05F044FD01
:100D100023785D074FF008007BD501F0C9FA072062
:100D200001F0D0FA062001F0CDFA06F08FFD1E4B3F
:100D30009B680BB11D48984709B0BDEC028BBDE81C
:100D4000F04F0BF055BF6424B2E64FF4FA73D3E6CC
:100D500028050020C4210020340500202421002083
:100D600030050020612400205E2400205B24002048
:100D7000522100200CFEFFFF58240020F625002001
:100D8000960000202C210020182600205624002048
:100D9000AE200020D82000200000002014050020F4
:100DA000F8040020F404002030120020A8200020C5
:100DB0009EF8161119B19942B4BF5B1A0023B3FB18
:100DC000F2F63D4906F1010B31F916A031F91B107D
:100DD0004FF69C7B16FB0B36A1EB0A017143374E95
:100DE00091FBF2F196F9EE605144764211FB06F167
:100DF000334EB180B97911FB03F3324993FBF1F320
:100E00006433A4E60AF064FE4FF0FF300BF038FBC9
:100E100011E701F057FA2C4B1B68D80710D42B4A66
:100E200023781278110702D5294A1278CAB923F01B
:100E300001030720237001F045FA062001F038FA7B
:100E4000022001F049FA234D00B32A789AB11F4BD2
:100E50001B781A071DD5022001F034FA00232B70ED
:100E600017E043F001030720237001F021FA062068
:100E700001F028FAE4E718484FF496710BF0E6FD0C
:100E800020B1012314482B700BF002FE2B78002BAD
:100E9000DDD1FFF7B9FD30B108F0ECF8237823F08D
:100EA0000103237041E72378DB0702D508F0E1F85E
:100EB0003BE708F0DFF838E7442100203405002044
:100EC000242100200CFEFFFF3C0F002055240020B1
:100ED0004F2400204E240020880B002010B5234A08
:100EE0001378590705D523F005030420137005F086
:100EF00031FC1F4B1B7813B11E4B00221A701E4B86
:100F00001E4A00241C701E4B1C70012313701D4AC6
:100F100014701D4A14701D4A13701D4B1C701D4B1C
:100F20001C701D4B40F2B6321A601C4B78221A809E
:100F30001B4B40F214521A801A4B1C601A4B1C6057
:100F40001A4B04201C6001F0BDF9052001F0BAF92C
:100F5000174B1C70174B1C70174B1C70174B1C70D9
:100F6000174B1C70BDE810400AF0A4BD56240020A9
:100F7000F7250020A20000204C240020A100002022
:100F8000F6250020F5250020F4250020A0000020F3
:100F9000F3250020F22500209C000020980000206E
:100FA000960000204C12002000050020FC040020C8
:100FB000E8250020E7250020502400209A24002066
:100FC0009924002008B525490B7813F0010F03F090
:100FD000040203D122480068012838DC2148007847
:100FE000002834D01AB1BDE8084010F001BE1E4AF6
:100FF0001268500131D49A072AD443F004030B70CD
:101000001A4B1A782AB901221A7005F08FFA184B78
:101010001860184B1B78C3B1174B184AB3F900304E
:10102000138005F083FA164B186005F07FFA154B14
:1010300093F888214FF47A7302FB0300124B186077
:10104000BDE80840052005F085BB104BE5E722B957
:10105000BDE80840012005F083BB08BD56240020F0
:10106000B40D00204F2400203C0F00204C24002011
:10107000FC0400200C260020082400200000002092
:1010800000050020340500200C050020D820002099
:10109000094B1A782AB100221A70084B01221A70E3
:1010A0007047074A137883F00103137013B10C20C3
:1010B00005F050BB0D20FBE74A2400204924002006
:1010C0004B240020194A1A4B11781B6810B591B1B6
:1010D0001849097849070ED51749B1F9060017498B
:1010E000B1F84011884206DD13F0010101BF144838
:1010F000117032240480DB030BD5124B1A782AB905
:10110000114A127812B90E4A3221118001221A7046
:1011100010BD0D4A1378002BFAD0064B1B7813F044
:101120000403F5D11370094BF0E700BF4B240020F6
:101130003C0F002056240020C4210020340500204C
:10114000A4200020482400204A2400204924002014
:101150002B4BB3F9043040F2DC529342D4BFD31A84
:10116000A3F2DC53B3F5967F10B5264A41DA264B3D
:101170001B8803F04403002B3BD013786BB1234B47
:10118000B3F90430032B2EDD9B10452B2ADC002302
:1011900013701F4B1A881F4B1A801D4B18881D4B4C
:1011A0001B88C01A83B200B210F1B30F02DA03F544
:1011B000B47318B2B328C4BFA0F5B47000B21E2235
:1011C0006FF01D0101F011FA134B144C1B68144908
:1011D0005B7A13FB00F000B24FF4C872A08001F0FC
:1011E00004FAA08010BD002BB8BF03339B105B42F4
:1011F000CBE701231370064B1A88064B1A80F1E7E0
:10120000C421002047240020AE200020BE2300205F
:10121000D8200020AA200020300500202421002012
:1012200070FEFFFF70B51A4C23685A1C012B226018
:1012300010D0022B18D03BB9082001F027F818B1C4
:101240001449881F09F058FD2368042BC4BF0023EC
:10125000236070BD042001F019F80028F4D00E4B73
:10126000186810F009FCEFE7FFF7CEFB0B4D68B9EB
:10127000094E306802F04AF8094B93F9003013B96F
:1012800030680AF07BFD01232B70DDE70023FBE7CC
:10129000F00400203C060020140500204F2400200C
:1012A000940000202DE9F843974C984D206808F0F1
:1012B000E9F94FF4805000F02FFD20B12B68DA07D8
:1012C00001D4FFF70BFE206808F046FB4FF4807056
:1012D00000F022FD50B122688D4B9A4204D902F0F1
:1012E00085F908B902F08EF902F0CAF9894CB4F810
:1012F000DE1004F5987005F007FD064618B903F0F6
:1013000095FC03F0A1FCDFF8409299F800305B07F0
:1013100025D5102000F000FD08B37F4B1B78DF06B9
:101320001DD405F0EBFC7D4F002800F0858094F87B
:101330008831002E6ED14BB1794BD3F8008005F087
:10134000F5F8A8EB0008B8F1000F05DB102005F058
:1013500001FA01233B7002E0FFF7C0FD3E7094F8F4
:10136000873194F886216F48003B18BF0123003A6B
:1013700018BF0122314605F0EDFC042000F0CCFC42
:1013800008B1FFF79FFE684E30687D3005F050FED3
:10139000664B1B7843B93068CD3006F0B5F8644B26
:1013A0006049186806F034F82B689E0747D502207C
:1013B00000F06CFF00284DD1012000F057FF012301
:1013C0002A68510752D5002B50D0012000F04EFF63
:1013D000584B1B889A0704D403F028FC022000F025
:1013E00037FF99F800305B0708D4524B1B8803F095
:1013F00044031BB1504B1A88504B1A80022000F056
:1014000045FF002836D02B68DF0649D4042000F0C1
:101410002DFF50E04BB105F089F894F888214FF486
:101420007A7302FB03003E4B18603B78002B96D08A
:1014300005F07AF900238DE7002EF6D186E74FF408
:10144000807000F069FC0028B6D002F0D5F80028C2
:10145000ADD1B1E7374B1B88D80701D50023AFE7E3
:1014600003F0E4FB012000F0F3FEF7E7022000F0B8
:10147000FDFEB6E7082000F009FF0028C3D12B6865
:101480001B054FF480703AD500F0E2FE6379082B1B
:1014900001D00E2B36D1BDE8F843402000F0E6BE67
:1014A000244B1B885E0706D4042000F0D1FE224B9B
:1014B0001A88224B1A802B68980613D51D4B1B885F
:1014C000590602D4402000F0C3FE2B685A0641BFE3
:1014D000194A11881A4A118013F00803194A05D1D4
:1014E0001370CCE7402000F0C1FEEEE71378002B2C
:1014F000C5D1114B1988124B19800123F0E700F078
:10150000B5FEC3E7BDE8F883140500203C0F0020BA
:10151000404B4C0034050020552400204624002078
:101520000C05002064060020300500209D240020CA
:1015300028050020AE200020D8200020AA2000206E
:101540000000002050240020562400202DE9F743FD
:101550000DF1060008F00CFA2B4B2C481B882C4C84
:1015600000EE103A0121B8EE400A04F06DFFBCEE27
:10157000C00ADFF8ACC0BDF806009CF8002010EEF1
:10158000103A9BB2B0FBF3F0411CB4F9003009B241
:10159000A2B3DFF888801F4F1F4E002538F902EBF9
:1015A000B6F90090B7F9002026F802EBAEEB090976
:1015B00001355A43042D92FBF1F24A4427F8022BDD
:1015C000ECD100238CF8003003B2002B19DD124F50
:1015D000104E124D2380002037F9024B36F9022BB2
:1015E000013013FB02F2042892FBF1F2A4EB020299
:1015F00025F8022BF0D103B0BDE8F083013B1BB20C
:10160000E3E700232380F6E7A6200020EC04002077
:1016100092200020942000209C20002024210020E3
:101620004D24002038B53D4B3D4D1B783D4A35F9E2
:101630001330128893422FDB3B4A128893422BDCF3
:1016400007F05EFF20B30123384C394A2370137032
:1016500005F03CFB2478002C48D004F04DFF354BBE
:10166000354A18601368C31A002B17DB334B344C10
:101670001B6803441360237833B1FEF7AEFF0023E9
:101680002370304B01221A70BDE83840FEF7AEBF20
:1016900007F03CFF0028D6D10023D5E72A4A2B4982
:1016A0002B4800231478ECB1032B06D051F82340CB
:1016B00020F8134001330132F4E7CB68EB80254B6F
:1016C0001B781BB1244B1A88244B1A80244D00240C
:1016D00015F8013B13B1E0B20BF072F90134062C9E
:1016E000F6D138BD0133042BE5D1E8E7154D2B7851
:1016F000002BF6D0144B154A1C705C709C70DC708B
:10170000144B146054609460D4601C70FEF772FF38
:101710000B4B2C7001221A70E3E700BF2326002038
:10172000C4210020102400200E24002021260020A7
:10173000812400200805002004050020B8000020B6
:10174000B60000201B2600201C260020581A00206E
:10175000242100201A2600200A240020AA2000208C
:10176000122600202DE9F341614E05F07BF8306828
:1017700007F0FAFE00F0BAFD306807F075FF0028A8
:1017800000F0A680FFF78EFD5A4B01221A705A4BCB
:101790001B782BB1042000F079FD08B101F06AFB41
:1017A000564D04F0A9FEAB895549306023B10A6853
:1017B000821A002AC0F29980524C034420680B60C0
:1017C0005C3004F04DFB04F097FE4F4A4F4913681C
:1017D0003060C31A0B804E4B1060187810F0040074
:1017E00003D04C4B1B6813B1012009F063FF236841
:1017F00093F85630D3B1DFF84481474F0026B8F94B
:10180000003000EE103A2368384693F85610B8EED0
:10181000C00A04F019FEBDEEC00A013610EE103AFF
:10182000032E28F8023B07F10407E8D1FFF722F95D
:1018300095F83D310BB1FFF789FEFFF7F3FE2E4B14
:10184000012208201A7000F021FD08B1FFF780FC8A
:10185000042000F01BFD00283DD0304B1B8803F412
:101860000273002B3DD105F049FA48B12C4BB3F976
:101870000620B5F840319A42DEBF2A4B00229A80FA
:10188000236893F81C0148B1244B1B889B0705D0A3
:1018900004F0E6FB234BDA881044D880224B206802
:1018A00022490093224BB5F8FA201C68096800F120
:1018B0005C03A04704F0C6FC1E4B1B780BB104F080
:1018C00071FC01F0A1FF02B0BDE8F0410AF0A6BD35
:1018D000FFF7A8FC64E7102000F0D8FC0028BCD17A
:1018E000C1E7154801F0F4F9BDE702B0BDE8F081A9
:1018F000140500204D24002045240020340500203C
:10190000E80400203005002010050020A62000205B
:10191000562400204C120020DC040020AE200020C1
:10192000C421002024210020640600202805002076
:101930002C00002051240020C2060020BE230020DD
:101940001549D1F8883043F47003C1F88830134B3F
:101950001A6842F001021A605868114A02405A603F
:101960001A6822F0847222F480321A601A6822F413
:1019700080221A605A6822F4FE025A60DA6A22F063
:101980000F02DA62186B074A02401A6300229A605B
:101990004FF000638B60704700ED00E000100240E4
:1019A0000CC07FF8CCFC00FF84B0002301930293AD
:1019B000039303F1804303F504331A6842F4803241
:1019C0001A601A6802F400320292019A01320192FE
:1019D000029A1AB9019AB2F5A04FF2D11A6812F41C
:1019E000003218BF01220292029A012A2BD1022250
:1019F0000392164A122111605A685A605A685A6056
:101A00005A6842F480625A605A6822F47C125A6022
:101A10005A6842F4E8125A601A6842F080721A60FA
:101A20001A689201FCD55A6822F003025A605A687B
:101A300042F002025A605A6802F00C02082AFAD1F7
:101A4000039804B0704701230393F9E70020024094
:101A500010B50F4B1A786A2A18D1598840F24C52A7
:101A6000914213D11A79BE2A10D193F84A25EF2A50
:101A70000CD1084C002213F8011BA342104682EA45
:101A80000102F8D1431A5842584110BD0020FCE72A
:101A900000F003084CF50308002303800023436093
:101AA00083604FF0A063C360704741F62A630380F0
:101AB0004FF4487343804FF41673C380704700009F
:101AC000F8B5212204460021013012F043FB0B48F7
:101AD000234604F1200505210122002610F9017B8F
:101AE0009F709971DA715E7203F8081FAB42F5D1ED
:101AF0000223A38152232370A280F8BD505A01080B
:101B0000014B1878704700BF5224002010B5064CD6
:101B1000206805F043FD206805F05CFD206803495E
:101B2000BDE8104005F06EBD280500200406002029
:101B300037B5324D324CFFF7E9FF05F027FD2A6833
:101B4000214602F17D0005F00DFD04F1260009F0AB
:101B5000CDF92B68187803F087F804F1AE0001F096
:101B60001BFD04F12C0008F083FC04F1400008F098
:101B700085FC04F16003009304F1BA0204F1BE0392
:101B8000214604F1080004F0C5FA638C29681D4859
:101B900091ED190A07EE903AA38CF8EE677A01F1FD
:101BA0006802C0ED017A07EE903AB1F86030038028
:101BB00091F87C308370F8EE677A94F8B93003734B
:101BC000B1F81A31C0ED027A03F072F828682346A2
:101BD00000F2151200F16C0101F048F8286800F2DB
:101BE000151109F061FF28680AF0F8F928686C30CF
:101BF00003B0BDE830400FF003BF00BF3005002048
:101C0000040600201805002070470000F8B507F012
:101C100083FC234B6A221A7040F24C525A80BE2237
:101C20001A71EF22A3F84A2540F24D5100221846BE
:101C3000013929D180F84B2509F07EFC032440F2BC
:101C40004C57342009F08EFC1648154E09F0B6FCAE
:101C500004281DD1002505F1006056F8041B00F58D
:101C60007C3009F0C9FC042812D10435BD42F2D100
:101C700009F070FCFFF7ECFE10B9042004F0B2FC90
:101C8000BDE8F84007F060BC13F8014B6240CFE7B5
:101C9000013C14F0FF04D4D109F05CFCEDE700BF77
:101CA0003405002000F00308064B042828BF02205A
:101CB0001870054B0C2202FB0033044A1360FFF737
:101CC00025BF00BF522400205A0A0020280500200A
:101CD00008B504F0B1FA322004F079FC074B1B6818
:101CE0005A0309D5064B9B685B0305D4BDE8084041
:101CF00040F2DC5004F06BBC08BD00BF2C05002096
:101D000034050020024B9A68024B1A60704700BFEE
:101D1000340500202C050020034B1B6818400038B8
:101D200018BF0120704700BF2C050020024A9368AD
:101D300003439360704700BF340500202DE9F84F3E
:101D400040F24C522DED028B0021BA48BA4FDFF819
:101D50005483BA4C12F0FEF9B64A02F5E2733B60C6
:101D6000B74B00261E7002F22653C8F800306A23D3
:101D700013704FF40060032311465371FFF7D6FF31
:101D80008020FFF7D3FF0220FFF7D0FF4FF4006061
:101D9000FFF7CCFF4FF48070FFF7C8FF4FF07E5382
:101DA000C1F81031C1F81431C1F81831C823A1F8B5
:101DB000FA30A44B81F824654FF48030C1E93B032D
:101DC0004FF0000BA04BC1F8F43001F59470C1F84E
:101DD0001CB1C1F820B1C1F824B1A1F8E46081F8C8
:101DE000E660C1F8FC60A1F80061C1F8E86081F824
:101DF000F860FFF75AFE01F5DA70FFF74DFE40F28A
:101E0000DC53A1F83E31914BA1F83861C1E9504350
:101E10008A460C460D464FF01909032ECCBF01230C
:101E200000238AF848310CBFB5F84401B5F83E01EB
:101E300040F6CA0240F2EE2100F0D7FB0136A0F2D4
:101E4000EE20122E90FBF9F0C0B28AF849010AF197
:101E5000020AE2D14FF4F0534FF480797C48A5F8A0
:101E60003A31A5F83C9107F059FA7A4BC5F8883118
:101E7000794BC5F8D030A3F1FA73643BC5F8D43080
:101E800003F5602303F5CB73744AC5F8D830744B5F
:101E90007448A5F8869100264FF0C8094FF0010A52
:101EA000C5E9372385F87C61A5F88C9185F88EA16A
:101EB000FFF706FE40F6AC53AB816B4A3B68AE734E
:101EC0001A6002F10342A2F51D22A2F29D725A602D
:101ED0006649674AC3F844B0C3E90212654A1A6109
:101EE0002D225A7541F61E62DA82634A9A6145F2E2
:101EF00005329A8364229A7740F201521A845F4A2B
:101F0000DA631A645E4ADA624FF07E529A635D4A7F
:101F1000DA644B2283F850205B4919634FF07F50FD
:101F20004FF4FA72B1EE048A5963A3F85220586252
:101F3000986283ED128A5E6540F2DC53A5F8303575
:101F400044F25A13A5F826353223C5F82835A5F8EA
:101F50002C6585F82E6538685C3008F077F93B68A9
:101F60004A49A3F85A6040F60822A3F8602042F6D6
:101F70002802A3F86820152283F86C20444A1A67C7
:101F8000444A5A67444A83ED198A9A6783F87CA0C9
:101F9000424807F091FC3F68282387F817314FF437
:101FA0004873A7F81A314CF60A0387F8156187F8C9
:101FB000166187F8186187F81C61A5F87E3140F238
:101FC0001453A5F8803185F88261A5F884910C231B
:101FD000013B44F810BFFBD1314C39464FF49072AD
:101FE0002046FEF7EDF84FF49072A0183946FEF740
:101FF000E7F8D8F800301A68C4F84E225A68C4F8D6
:1020000052229A68C4F856221A68C4F85A225A68AA
:10201000C4F85E229A68C4F86222012385F83C3332
:10202000022385F85C34BDEC028BBDE8F84FFFF766
:10203000EDBD00BF34050020300500204C046C07C6
:10204000522400202A005802FA0020007503430899
:10205000A0060020059601014C04D007B40532000B
:10206000204E3200C4060020012828962828783CFB
:102070000A0A46000002210A1E321E008FC2F53CE9
:102080000000204000004040CDCCCC3E6406002043
:102090009A99193FF6287C3F1F856B3FC55501086B
:1020A000180800202805002008B5FFF7D1FC18B952
:1020B000BDE80840FFF742BE08BD0000024A936831
:1020C00023EA0003936070473405002008B5FEF74B
:1020D00081FA23498B6846F209021A4203D14FF470
:1020E0000050FFF723FE8B68DB0703D54FF4005049
:1020F000FFF7E4FF8B68580409D50820FFF7DEFFDF
:102100004FF40050FFF7DAFF0120FFF7D7FF8B688D
:102110001A0706D54FF40050FFF7D0FF0120FFF754
:10212000CDFF8B689B0402D54020FFF7C7FF01233A
:1021300081F8B53191F886312BB191F88A3113B11C
:10214000002381F88A31074807F0E2F8064805F0D5
:10215000C5FA20B9BDE808400348FFF7B1BC08BD87
:102160003405002064060020C406002010B5FFF7E7
:102170006FFC10B9032004F035FA194C07F0CCF9C4
:10218000184940F24C522046FEF71AF894F82435CC
:102190001549022B88BF00234FF4907288BF84F842
:1021A0002435534303F5E272234422440A6093F832
:1021B0001C22022A84BF002283F81C220B4B1A70B7
:1021C0000C2303FB02440A4B04F226541C60FFF765
:1021D0007DFFFFF7ADFCBDE8104007F0B5B900BFCB
:1021E0003405002000F003083005002052240020B0
:1021F0002805002008B5FFF7B9FFBDE80840012019
:1022000004F0AEBA08B5FFF701FDBDE80840FFF7DE
:10221000F1BF000010B5074B044683F82405FFF713
:10222000F5FCFFF7A3FF601CC0B2BDE8104004F04E
:1022300097BA00BF34050020014B00229A60704716
:1022400034050020014B9868704700BF340500201A
:1022500010B5054C238818439842208002D00120F5
:1022600004F07EFA208810BDAE20002010B5064C88
:10227000238823EA00009842208002D0012004F045
:102280006FFA208810BD00BFAE200020034B1B68F2
:102290001840003818BF0120704700BF800A002096
:1022A000024A136803431360704700BF800A00208E
:1022B000034A0123118883400B431380704700BFFA
:1022C000AC200020034A01238340108820EA030049
:1022D00010807047AC200020034B1B8843FA00F0AD
:1022E00000F00100704700BFAC2000202DE9F04154
:1022F000714F724C04F01AF93B682268C31A93427A
:1023000006462CDB6E4B1B784BB36E4D2B7801339E
:102310002B706D4B188800F076FA08281CD8DFE87F
:1023200000F02E05BFAB9FB7824B9200DFF8A08173
:1023300098F80050642323609DB1002101200EF025
:1023400065F8012102200EF061F8012100200EF055
:102350005DF8002388F80030236833443B60BDE813
:10236000F081294601200EF051F8294602200EF096
:102370004DF8294628460EF049F80123EAE7DFF830
:10238000508198F800506423236055B1012108461C
:102390000EF03CF8002108460EF038F8012102202A
:1023A000D5E7294601200EF031F8294628460EF0DF
:1023B0002DF829460220DEE7444B1B7873B16423D5
:1023C0000021012023600EF021F8002102200EF0F0
:1023D0001DF8012100200EF019F8BDE778232360D5
:1023E0002B7803F00303022B14D0032B19D0012BFD
:1023F0000AD0012100200EF009F8002101200EF082
:1024000005F800210220E6E7012100200DF0FEFF83
:102410000121F3E7012100200DF0F8FF0121012047
:1024200032E00021E6E7294B1B78002BD6D00221B1
:102430006423084623600DF0E9FF002101200DF020
:10244000E5FF0021C6E7214B1B78002B84D001213A
:102450000846642323600DF0D9FF00210846CEE72B
:1024600064230021012023600DF0D0FF00210846E5
:102470000DF0CCFF0221C5E7642300210120236079
:102480000DF0C4FF002108460DF0C0FF0121B9E79F
:1024900064230021022023600DF0B8FF0221CDE764
:1024A000642323602B78DB07A3D5002108460DF0B9
:1024B000ADFF0021B3E700BF0C000020100000209A
:1024C000A800002053240020AC2000205424002029
:1024D0000800002008B5002102200DF097FF02211E
:1024E00000200DF093FF022101200DF08FFF6420EA
:1024F00004F06DF8EFE70000FDEEC07A17EE903AB9
:102500002033402B43D8DFED237A9FED237AB4EEBE
:10251000E70AF1EE10FA28DCDFED207A9FED1E7A53
:10252000B4EEE70AF1EE10FA22D4DFED1D7AB4EE34
:10253000E70AF1EE10FA1EDD30EE670A37EEC00A48
:1025400060EE007ADFED176A9FED177AA7EEA67AA4
:10255000DFED166AE7EE876A9FED157AA7EEA67A99
:1025600020EE276AA6EE070A704730EE470ACEE74C
:1025700030EE070AD4E79FED0F7AB4EEC70AF1EE0A
:1025800010FA44BF30EE270A37EE400AD8E79FED35
:102590000A0A7047DB0F4940DB0FC940DB0F49C017
:1025A000DB0FC93F9A7C2E36FAAF4FB93587083C0E
:1025B000A4AA2ABEDB0FC9BF00000000DFED027A2B
:1025C00030EE270AFFF798BFDB0FC93F80EAE073C0
:1025D000A3EBE0738B4206DB002801DD401A704755
:1025E00002D0084470470020704703468B420846DB
:1025F00003DB9342A8BF134618467047F0EE407ABB
:10260000F4EEE07AF1EE10FAB0EE600A08D4F4EEDF
:10261000C17AF1EE10FAD4BFB0EE670AB0EE410A0B
:10262000704700230361704703690133012B036185
:1026300008D1DFED117A80ED010A80ED000AC0EDCE
:10264000027A704790ED006A07EE903A70EE466AA3
:10265000F8EEE77A86EEA77AD0ED027A37EE067AC0
:1026600030EE470A80ED017AE6EE807AB0EE470A56
:10267000C0ED037AE1E700BF000000000369012B11
:10268000C1BF03F1FF3307EE903A90ED037AF8EE05
:10269000E77ACCBF87EE270A9FED010A704700BF9B
:1026A0000000000008B5FFF7E9FFBDE8084010F0A2
:1026B000D1B9000007EE900A9FED030AF8EEE77A21
:1026C00027EE800A704700BF35FA8E3C30B5039D77
:1026D000441AEB1A5C43521A94FBF2F4E41A6019A0
:1026E00030BD90ED005A08B5B0EE450AFFF766FF21
:1026F000F0EE405AB0EE450AFFF7FEFE90ED015AAB
:10270000F0EE404AB0EE450AFFF758FFF0EE403ACF
:10271000B0EE450AFFF7F0FE90ED023AB0EE405AF7
:10272000B0EE430AFFF74AFFB0EE404AB0EE430A6C
:10273000FFF7E2FE25EE806A63EEC07A24EE847A2B
:10274000C1ED017AF0EE467AE5EE077A25EE843A9D
:1027500064EE806AC1ED037AF0EE437AE5EE667AC4
:10276000A5EE067AE5EE436A23EE844A64EEE34A78
:1027700065EEA35A81ED004A81ED025AC1ED047A5B
:10278000C1ED054AC1ED066A81ED077AC1ED085A2F
:1027900008BD00B58BB00246084601A9D2ED001A6B
:1027A000D2ED012A92ED022AFFF79BFFDDED047ABC
:1027B0009DED017A62EEA77AE7EE217A9DED077A28
:1027C000E7EE027A9DED027AC2ED007ADDED057A40
:1027D00062EEA77AE7EE217A9DED087AE7EE027ABB
:1027E000C2ED017ADDED067A62EEA72ADDED037A0D
:1027F000E7EEA12ADDED097AE7EE822AC2ED022A90
:102800000BB05DF804FB00230122104207D1013315
:102810005200092B92B2F8D14FF6FF70704798B270
:1028200070470000B4EE400AF1EE10FA0FD6B7EE92
:10283000007AB4EEC70AF1EE10FA0BDABFEE007AB6
:10284000B4EEC70AF1EE10FA07D910F0A5B89FED63
:10285000040A70479FED030A70479FED030A704713
:1028600000000000DB0FC93FDB0FC9BFDFED027ABC
:1028700020EE270A704700BF35FA8E3C0023028104
:10288000016043604381838101EB4202914200D1A8
:10289000704721F8023BF9E78389026830B5058962
:1028A00044899D4201BF32F8145043685B1B43606A
:1028B0001CBF0133838122F8141043680289194434
:1028C0004389416001339BB29A4298BF0023438100
:1028D000808910B1B1FBF0F080B230BD2DE9F84332
:1028E000089F002B05460E460CBF4FF020094FF005
:1028F00030093B4613F8011B1446013A09B1002C7C
:10290000F8DCA04604E049462846B04708F1FF3805
:10291000B8F1000FF7DC24EAE4743846804618F872
:10292000011B19B9E41B2044BDE8F8832846B047D1
:102930004046F3E703685A1C0260197070470000B4
:10294000014B186803F0ACBD8C0A00202DE9F0475C
:1029500088B0002506460F4603921C46A846039BF6
:102960005A1C0392197869B3252903D03046B84719
:102970000135F4E79A1C0392CDF81080587830287E
:1029800002BFDA1C03929878A0F13003DBB20CBFCF
:102990004FF001094FF00009092B04D804AB0A22BB
:1029A00003A900F028F96C2840F08580039B5A1C8D
:1029B00003921A78642A4CD00FD8252A75D005D8EE
:1029C000002ACCD1284608B0BDE8F087582A4FD05D
:1029D000632AC4D114F8041BC8E7A2F16E03D9B26C
:1029E0000A29BCD80A2BBAD801A151F823F000BF9C
:1029F000AF2A00085F2900085F2900085F29000846
:102A00005F290008A12A00085F2900081D2A000884
:102A10005F2900085F290008712A000801220DF1D2
:102A2000140A54F8040B53467AB100220A2100F02C
:102A300097F8CDF800A04B46049A39463046FFF788
:102A40004DFF05448BE70022E9E70A2100F0B9F8C1
:102A5000EFE701230DF1140A54F8040B514623B19A
:102A600000F0A4F8E5E70023F4E700F0ACF8E0E7B5
:102A7000A2F158004242424105AB54F8040B102128
:102A800000F06EF805AB0093D5E7A0F158014A427B
:102A90004A4154F8040B05AB102100F092F8F1E71D
:102AA00054F8043B00930023C6E725215EE754F861
:102AB000043B1D6053E76428D5D00AD82528F4D0FC
:102AC00003D800283FF47EAF49E75828DDD06328BB
:102AD0007FE7A0F16E03DAB20A2A3FF640AF0A2B75
:102AE0003FF63DAF01A252F823F000BFAF2A000825
:102AF0005F2900085F2900085F2900085F29000896
:102B0000A12A00085F290008472A00085F29000859
:102B10005F2900088B2A00080EB40FB505AB0190A1
:102B200053F8042B0649039301A8FFF70FFF019BFD
:102B300000221A7004B05DF804EB03B0704700BFC8
:102B400035290008034B044A1A60044B00221A601E
:102B5000704700BF880A002041290008840A00202D
:102B6000F0B50124B0FBF4F58D4203D200261CB968
:102B70001C70F0BD4C43F5E7B0FBF4F5B4FBF1F786
:102B800004FB15002EB9002D03DC8C420CD33C460F
:102B9000EDE7092D08DD002A0CBF572437242C440B
:102BA00003F8014B0136F2E73024F8E700280B4622
:102BB000BEBF2D2203F8012B404200220A21FFF75D
:102BC000CFBFFFF7CDBFFFF7F1BF03463038C2B22A
:102BD000092A0FD9A3F16102052A02D8A3F15700EF
:102BE0007047A3F14102052A02D8A3F137007047CC
:102BF0004FF0FF3070472DE9F0410E6815469846BA
:102C0000044600272046FFF7E0FF431C05D10E6075
:102C10002046C8F80070BDE8F081A842F7DC16F83D
:102C2000014B05FB0707EDE790ED037AD0ED007A45
:102C300037EE277AD0ED017A77EE277AC7EE276A4A
:102C4000D0ED027AC0ED046A30EE676AE6EE867A6D
:102C5000B0EE670AC0ED027AF7EE007A77EEE67A18
:102C600067EE877AC0ED037A7047000010B50F4C0D
:102C700020600F4801600F4802600F4A0F48116042
:102C80000F4A13600F4B104A1A604FF07C525A6083
:102C90004FF07E5100229A60D9601A610B4B186088
:102CA00059609A60D9601A6110BD00BF3C0B0020CA
:102CB000400B0020380B0020300B0020CDCCCC3D49
:102CC000340B0020740B00200AD7233C600B00203B
:102CD0002DE9F84F544B554C1B78554D13F0100C03
:102CE00009D090F900206388B5F9001001FB023388
:102CF0006380BDE8F88F4F4BDFF868911A684E4E3D
:102D00009178D278B9F90630DFF85CA1DFF85C8100
:102D1000002A4CD0B6F90000484F1B1A83EAE37230
:102D2000A2EBE3728A4230DD01228AF800206FF0C4
:102D300031015022062093FBF0F0FFF756FC3B8850
:102D4000184400B2E08038803D4B1A78002A68D0E1
:102D5000B9F9061040F2DC52914262DC4FF47A730A
:102D6000E380384BD8F800201A60374B2A681A6085
:102D7000364BB6F900201A60354B9AF800201A60DD
:102D8000344BB4F906201A60B3E79AF800302BB13F
:102D9000314B8AF800C01B68C8F800302F4B196807
:102DA0002B684A8809881844FFF71FFCC9E740F2DE
:102DB000DC529342CCBFA3F2DC52D21A8A42DFF833
:102DC000B0B0274F20DDA3F2DC500028BCBF6FF469
:102DD000BB629818801078226FF06301CBF8000076
:102DE000FFF703FC0123CBF800003B708AF80030AA
:102DF0001A4BB6F9000019682B684A8809881844EC
:102E0000FFF7F3FBE0809FE79AF8002000233B7078
:102E1000CBF80030002AEBD00F4A1268C8F8002027
:102E2000E4E700221A709CE75524002024210020AA
:102E3000580B0020380B0020B2200020B0200020CA
:102E400099240020C00A0020BC0A0020B80A0020F3
:102E5000B40A0020B00A0020940A0020340B00209D
:102E60002A000020C421002057240020540B0020F9
:102E70004C0B002038B5124B1B681B0704D4BDE86F
:102E800038400820FFF7F2B90E4B0F4D1C8814F0A4
:102E900008040DD10820FFF7DBF90C4B1A680C4B26
:102EA0001A6040F2DC532B800A4B1C600A4B1C60FA
:102EB0000A4B2A881A800A4BDA880A4B1A8038BDD6
:102EC0003C0F0020AE200020B2200020940A0020F9
:102ED000540B00205C0B0020580B0020B620002073
:102EE00024210020B4200020B0F90030002BB8BF0E
:102EF0005B429BB2B3F5487F0BD2B0F902000028C9
:102F0000B8BF404280B2B0F5487F2CBF00200120FE
:102F100070470020704700002DE9F04180462DEDFC
:102F2000028B4D48FFF7E0FFB0EE408AF0EE608A7A
:102F30000446002800F08780484F494D3B785B07E6
:102F40005FBF484B1A68484B1A60484B1B78002BF0
:102F50007ED1454B46491868424B1B684FF4FA72C4
:102F6000C01AFFF742FB0521FFF730FB414B4249F6
:102F70001860424B18602B681B79584348BF7F305C
:102F80004FF49672C011FFF730FB3D4B3A493D4E6E
:102F9000A0EB0808C3F800802B68987A4346584392
:102FA00048BF1F304FF496724011FFF71EFB3B786D
:102FB0003060044613F0040018BF2B68324F1CBF6A
:102FC0005B7D3868314918BF08FB03004FF41612C7
:102FD0003860FFF70AFB38600028BCBF00F5FF50DF
:102FE0001F30431373602B6893F8203007EE903A3C
:102FF00038EE288AF8EEE77ADFED258A67EE887AE0
:1030000004EB603467EEA87A9622FDEEE77A6FF063
:10301000950117EE900AFFF7E8FA2B6893F8203035
:1030200007EE903AF8EEE77A241A67EE887A96224D
:1030300067EEA87A6FF09501FDEEE77A17EE900A39
:10304000FFF7D3FAB060BDEC028B2046BDE8F081FB
:10305000104B186899E700BFE42000205624002098
:103060003C0B0020940A0020540B00202A00002072
:103070000CFEFFFF24000020D4FEFFFFA80A002062
:10308000A40A0020980A00205C0B00200080DAFFD0
:103090000000003B4C0B002070B5174B174D184833
:1030A0001C682B88B0F90020164901331BB2A242DC
:1030B0001E460BDA9C42DCBF00231E4601EB860154
:1030C0002B8081ED000A0132028070BD0E482B80FA
:1030D00002889C4202F1010212B204D100232B802B
:1030E00081ED000AF0E701EB8301944281ED000AD3
:1030F000EAD100230380E8E71C000020180000202C
:10310000BA200020F40A0020BC2000200A4A0B4903
:10311000B2F9003001EB830191ED000A0849013357
:1031200009681BB28B42138004BF00231380054A39
:103130001388013B13807047BC200020F40A002054
:103140001C000020BA200020044BB3F90000044BFF
:103150001B68C31A58425841704700BFBA2000206C
:103160001C000020124B134AD3ED007A1249134879
:10317000F5EE407AF1EE10FA4FF0000303D1136040
:103180000B6003607047F0EE086A86EEA77A80ED68
:10319000007A27EEA77A67EE877A86EE876AF7EEDF
:1031A000006A86EEA77A81ED006A82ED007A7047A8
:1031B00014000020E00A0020E40A0020E80A0020B1
:1031C00008B5BDEEC07A1D4B83ED007AB6EE007AED
:1031D000F4EEC70AF1EE10FAF0EE407A2DDCFFF7BC
:1031E000B3FF18B3FFF792FF154B164993ED007A22
:1031F000154B164A30EE070A77EEC07AC3ED007A17
:10320000B1F90030002BB8BF5B429BB21E2B07D830
:10321000B1F90230002BB8BF5B429BB21E2B09D91B
:103220000B4B1360BDE80840FFF79CBF094B93EDC3
:10323000000AD9E74FF08043F3E708BDAC0A00204D
:10324000D80A0020DE200020CC0A00201400002034
:103250000000A040DC0A002038B50E4D2DED028B99
:103260000EF00CFC2B68834204460FD0C31A08EE04
:10327000103ADFED097AB8EE488A28EE278A0EF078
:1032800049FCF0EE480AFFF79BFF2C60BDEC028B77
:1032900038BD00BF440B00206F12833A014B186801
:1032A000704700BF940A0020104B10B50120002485
:1032B0001C6001F065FD0E4A002313700D4A40F2B8
:1032C000DC5111800C4A0D4913600D4A13600D4BFF
:1032D0004FF07E521A6059609C60DA601C610A4BA4
:1032E0001A6059609C60DA601C6110BDD00A002031
:1032F00020000020B22000205C0B0020CDCCCC3D73
:10330000580B0020740B0020600B0020704B2DE93F
:10331000F0411C6842F20F72041B94422DED048BA5
:1033200042D9186044F620639C4202D9012001F082
:1033300027FD684D2B782BB1674B1B785B0701D4B9
:10334000FFF7B2FFFFF788FF644B654E1B68654FC0
:103350009FED651ADFED650A002BC9BF644ADFEDFA
:10336000657AD2ED026A07EE903AC4BFF8EEE66ADB
:10337000B8EEE77A604BC8BFC6EE877A93ED000AD5
:10338000C6ED007A27EE800AC7ED007AFFF736F91E
:10339000012086ED000A01F0F3FC584AB2F9003032
:1033A000052B05DC01331380BDEC048BBDE8F081F7
:1033B00007EE904ADFED526A524B534ADFF88081A4
:1033C000F8EE677A87EEA67AD3ED006A4F4B93ED5D
:1033D000006A4F4B26EE866AD3ED007AE6EE077A56
:1033E000C3ED007A4B4B93ED006A4B4B26EE866A99
:1033F00093ED000AA6EE070A92ED006A474A66EED0
:10340000866A92ED008AA6EE878AD6ED006A82ED82
:10341000008A77EEA67AB6EE006A67EE877AF0EE5B
:10342000406AE7EE866A3E4A3E4ED2ED008AE6EEFC
:10343000878A30EE270A38EE288AC2ED008A3A4A97
:1034400083ED000A82ED008A0FF0A6FBB0EE480A79
:1034500009EE100A0FF0A0FBB0EE680A05EE100AA4
:10346000FFF71AFE3148B8EEC90AFFF7DDFB304816
:10347000F0EE405AB8EEC50AFFF7D6FBB0EE408A30
:10348000B0EE650A0FF088FBB0EE480A04463060E3
:103490000FF082FB274BD8ED000A186097ED000A69
:1034A0002046FFF739FD244B052118603B68306842
:1034B000C8F80030FFF78AF8204B18603368002BFB
:1034C000B8BF5B42C82BC4BF01232B706CE700BFA1
:1034D000900A00202000002056240020E00D00204B
:1034E000C40A0020F00A002000004844000048C43C
:1034F000F40D002000000000D80D0020B8200020AE
:1035000000247449CC0A0020E80A0020E00A0020C8
:10351000D40A0020E40A0020D00A0020D80A0020A3
:10352000DC0A0020480B0020C80A0020600B0020A5
:10353000740B0020940A0020580B0020500B002030
:10354000EC0A0020024B034A1B68034413607047D7
:10355000940A0020540B0020014B1868704700BFEC
:10356000480B0020094BB3F900305A1C0CD0084A14
:10357000106810F0080008D0064A1068323B8342F9
:10358000CCBF002001207047002070472800002099
:103590003C0F0020940A0020094B02781860C821D3
:1035A000084B642012FB00125A6007480022C3E94E
:1035B0000222C3E90422C3E906221A8409F068BA88
:1035C000980B00209C0B0020880B0020044B1860F7
:1035D000044B054800221A809A7009F059BA00BFBE
:1035E000940B00209C0B0020880B0020014B987846
:1035F000704700BF9C0B0020014BD878704700BF7C
:103600009C0B0020014B01229A7070479C0B0020FC
:10361000044A4FF47A73B0FBF3F093680344936069
:10362000704700BF9C0B002008B502F07FFF034BE2
:103630000122986083F8212008BD00BF9C0B002068
:1036400008B502F073FF054BDA689860801AC82845
:1036500084BF012283F8212008BD00BF9C0B0020FD
:1036600008B502F063FF054B9A68D860801A5A6863
:10367000904284BF002283F8212008BD9C0B0020CB
:103680002DE9F74FDFF878B19BF80220002A00F00F
:10369000AA80564E9BF82140DFF868813578D8F82B
:1036A0000030DFF858A10193012C05F0040514BF88
:1036B000032700274FF000099BF8201005290DD89B
:1036C000DFE801F00323274A627E85B1012C05D093
:1036D0000520FEF7EDFD464B02221A70002F00F088
:1036E0008280384603B0BDE8F04F03F033B8019B49
:1036F0005A014FF4806005D5FEF7AAFD0022CBF8F1
:103700001020EBE7FEF7B2FDF8E7012CD4D105223B
:103710001FE0012C04BF05228BF8202065B1354A3B
:103720001268B2F90E00344A5080908010803348FD
:1037300000684088D0800F4602F0F8FEDBF81420C5
:10374000904201D8002D4AD142F21072CBF81C20D1
:1037500003228BF82020AFE7327842F00202327069
:10376000FDF7BCFB02F0E2FEDBF81C200244CBF8C4
:10377000182004228BF820204FF48060FEF776FD9D
:103780000520FEF79FFD97E7012C11D102F0CEFE38
:10379000DBF818208242A1D203F0B0FA18B9D8F8A9
:1037A0000020D3079AD4327822F002023270AEE7BA
:1037B00002F0BCFEDBF81C200244CBF818208DE799
:1037C00002F0B4FEDAF800208BF82090D2888BF853
:1037D0000390642303FB0200CBF81000CCE7012C1C
:1037E0003FF46AAF7AE703B0BDE8F08F56240020BB
:1037F000F7250020940B0020C4210020980B002006
:103800009C0B00203C0F002008B51E4B1B785A076C
:1038100037D51D4B1B78002B33D01C4B1B88DB0787
:103820002FD51B4AB2F90030002BB8BF5B429BB2C8
:10383000B3F52F7F1BD8B2F90230002BB8BF5B4223
:103840009BB2B3F52F7F12D81249B1F90030002B8B
:10385000B8BF5B429BB242F6E062934207D8B1F92F
:103860000230002BB8BF5B429BB2934209D90A4B8E
:103870001B6833B90220FEF71BFDBDE80840FDF7C9
:103880002DBB08BD56240020B4000020AE2000202F
:10389000E4200020EC2000204C1200202DE9F04F05
:1038A0002DED028BA549DFF8CC92DFF8CC82DFF852
:1038B000CCA28DB0CDE90923B1F90030B1F90220D5
:1038C000002BB8BF5B42002AB8BF52429BB292B2F3
:1038D000934238BF1346B3F5FA7F28BF4FF4FA730B
:1038E0000593974B0293974B08930025964B0793AC
:1038F000CDE90355954B0693431C064601938B4631
:103900002F462C46924B1B889B0730D0022C2ED082
:10391000099ABBF9000051424000FEF766FE8D4B4C
:103920000A9A33F91430B17F32F91420C31A307A6D
:103930001344C1EB817CA1EB8C025843C1EB8C0199
:103940004FF0640C90FBFCF00493FEF74EFE049BDA
:103950000390DAF800008049184442F21072FEF732
:1039600044FECAF80000F37C43431B130493784BD6
:103970001B88D80703D5990701D4022C39D1BBF98C
:103980000070019B75491B7807EB8700000190FBD5
:10399000F3F0B9F90030002BB8BF0333A0EBA3005C
:1039A000D8F800304FF47A521844FEF71EFEB9F9E9
:1039B0000030C8F80000002BB8BF5B429BB2B3F5E3
:1039C000206F0AD8022C0BD15C4BB3F90430002BCA
:1039D000B8BF5B429BB2642B02D90020C8F800003C
:1039E0007D2390FBF3F0019BDD7A454348BF3F35D3
:1039F000AD11574B1B889A0740F18E80022C00F0C6
:103A00008B80059B0498C3F5FA7203FB07F1039BB7
:103A100003FB0211059B6B434FF4FA7C00FB02335E
:103A200091FBFCF193FBFCF3B9F900204C48002A10
:103A3000005DB8BF0332921012FB00F26FF04F002E
:103A400092FBF0F20A4496F8551008EE102A51B194
:103A500044480B93B8EEC80A00EB840002F0F4FC73
:103A60000B9BBDEEC08A089939F9022B31F902CBC4
:103A700008910899B2EB0C0C21F8022C079A1168F6
:103A8000069A126848BF0CF1030C0A4402EBAC0220
:103A900000EE102A069A42F8041B0692079A4FEA93
:103AA000AC0042F8040B96F85410079251B12E481E
:103AB0000B93B8EEC00A00EB840002F0C5FC0B9B30
:103AC000BDEEC00A18EE102A91B2284A10EE100A74
:103AD000125D50430246264800789BB248BF1F3211
:103AE000C2F34F120B4408BB9B1A029A1380029B2D
:103AF00002330293019B01340133032C019308F13B
:103B000004080BF1020B0AF1040A7FF4FBAE0DB0BE
:103B1000BDEC028BBDE8F08FDB0701D5022C02D192
:103B20002B46394680E7DDE903137DE7022C01D0FF
:103B30001344DAE79B1A024A9380D8E72421002035
:103B4000D2200020C6200020FC0B0020F00B00201B
:103B5000AE200020DE200020F0D8FFFF80C1FFFF54
:103B600061240020380C00202C0C00205B24002055
:103B700019260020BE2300208C0C0020780C002089
:103B80002DE9F04F2DED028B8DB0CDE90921B24921
:103B90000B93B1F90030B1F90220DFF8FC82DFF8B5
:103BA000ECA2DFF8FC920291002BB8BF5B42002A26
:103BB000B8BF52429BB292B2934238BF1346B3F59C
:103BC000FA7F28BF4FF4FA730593A44B0893A44BD4
:103BD0000793A44B0693002400F10C0305460193C0
:103BE000274626460494A3469F4B1A8892072CD05A
:103BF000029B099AB3F9000051424000FEF7F5FC20
:103C00009A4BA97F33F91B200B9B861A33F91B2093
:103C1000287A1644C1EB817CA1EB8C027043C1EB86
:103C20008C014FF0640C90FBFCF0FEF7DEFC04907E
:103C3000D9F800008E49304442F21072FEF7D5FCEC
:103C4000C9F80000EE7C46433613874B1A88D30729
:103C500001D590072ED5029BDAF80000B3F9007069
:103C6000019B844913F80B2C07EB8704240194FB78
:103C7000F2F4B8F90020002AB8BF0332A4EBA20482
:103C800020444FF47A52FEF7B0FCB8F90020019BB3
:103C9000002AB8BF524292B2B2F5206F88BF00200E
:103CA000CAF800001C787D2290FBF2F0444348BF24
:103CB0003F34A4116C4B1A88910740F1C580059BD5
:103CC000C3F5FA7103FB07F0049B03FB0100059B9E
:103CD00003FB04F24FF4FA7C06FB012292FBFCF397
:103CE000039390FBFCF0B8F90010634B002913F824
:103CF0000BC0B8BF0331891011FB0CF16FF04F0CF2
:103D000091FBFCF10B1895F8551008EE103A41B1F3
:103D10005A48B8EEC80A00EB8B0002F095FBBDEEE6
:103D2000C08A089B38F9021B33F9020B0893089AE2
:103D3000081A22F8021C079A06991268096848BFF7
:103D40000330114401EBA00100EE101A069941F86E
:103D5000042B079A0691831042F8043B95F85410FF
:103D6000079241B14648B8EEC00A00EB8B0002F062
:103D70006BFBBDEEC00A039B424918EE102A11F8F6
:103D80000B101A4410EE103A4B431946029B48BFE1
:103D90001F31A2EB61124FEA4B0002333A49029302
:103DA000019B0A520BF101020133022A0AF1040AB3
:103DB00009F1040901934FF0010B7FF415AF0A9B41
:103DC000254A9B799488314E314AB06831490F3386
:103DD00014FB03F4304BB3F90430002B4FEA2414E6
:103DE000B8BF0333A4EBA307AB7B07FB0300B060B2
:103DF000FEF7FBFB002CB8BF6442332CA8BF0020A9
:103E0000264BB060EC781B787C43032B4FEAA4145C
:103E100009D9B5F85220B2F5FA7F04D220465142B2
:103E2000FEF7E3FB0446B0684FF480726FF0FF01C9
:103E300040F34F30FEF7D9FB134B04449C800DB088
:103E4000BDEC028BBDE8F08FD30747BF0498039603
:103E50000394384647E700BF24210020BE200020FD
:103E6000D80B0020D00B0020AE200020DE20002048
:103E7000F0D8FFFF80C1FFFF61240020380C002034
:103E80002C0C00205B240020D22000208C0C002071
:103E9000FEFFFF0F020000F0BE230020642400207C
:103EA000780C00202DE9F04F8BB0CDE90621089366
:103EB000964B974A1B8813F00203064613D0B2F9BB
:103EC0000030B2F90220002BB8BF5B42002AB8BF15
:103ED00052429BB292B2934238BF1346B3F5007F71
:103EE00028BF4FF400730193894B0593894B0493CA
:103EF000894B0393DFF84C92DFF850B2DFF850A201
:103F0000DFF8508206F10B0302930027059B8349DB
:103F100033F9024B0593049B53F8040B049339F9CE
:103F2000023B002BB8BF03336400A4EBA3034FF4A0
:103F30007A521844FEF759FB39F9023C029A002BD9
:103F4000B8BF5B429BB2B3F5206F049B88BF0020D3
:103F500043F8040C12F8013F0292C5115D4312F8B8
:103F60000B3C5C43694B1B889B074FEAA5154FEA46
:103F7000A41433D0059B069A33F9020C5142400039
:103F8000FEF733FB664B089A33F9173032F91720E6
:103F90006449C31AD8F800001344184442F210725E
:103FA0000993FEF722FBC8F80000099BB27F307A24
:103FB00002EB820258435142C011FEF716FBD8F8BB
:103FC0000020F37C5343019AA5EB23355543241A73
:103FD0006D12544305EB233500EB642439F9023CA0
:103FE000514A96F85510D25D002BB8BF03339B1091
:103FF00013FB02F3A4EBA31461B107EE904A4B4804
:10400000B8EEE70A00EB870002F01EFAFDEEC07A78
:1040100017EE904A039A39F9023C32F9020B0392E7
:10402000181A039A48BF033022F8023C8110DBF8CB
:104030000020DAF800304BF8041B4AF8042B134434
:1040400096F8541003EBA00300EE103A41B1384843
:10405000B8EEC00A00EB870002F0F6F9BDEEC00A28
:10406000344B10EE102ADB5D2C445343A4EB631455
:10407000314B23F817407B1C022B08F104084FF04A
:1040800001077FF443AF079B214A9B799488214D18
:104090002A4AA8682A490F3314FB03F4294BB3F9C1
:1040A0000430002B4FEA2414B8BF0333A4EBA3075A
:1040B000B37B07FB0300A860FEF797FA002CB8BF9C
:1040C0006442332CA8BF00201F4BA860F4781B78F3
:1040D0007C43032B4FEAA41409D9B6F85220B2F559
:1040E000FA7F04D220465142FEF77FFA0446A868C0
:1040F0004FF480726FF0FF0140F34F30FEF775FA16
:104100000D4B04449C800BB0BDE8F08FAE20002026
:10411000242100208C0C0020C220002080C1FFFF41
:10412000DE200020F0D8FFFF61240020380C0020A2
:104130002C0C00205B240020D2200020FEFFFF0F6B
:10414000020000F0BE23002064240020E80B0020C1
:10415000E00B0020780C00202DE9F04F2DED0A8BAC
:10416000044687B090F854000593CDE90321002858
:1041700000F0068232220121FEF737FA07EE900A9C
:104180009FEDD57AF8EEE77A87EE278AD34BD44AAB
:1041900018880121FEF729FAD24B1B880AEE100A73
:1041A000DFEDD1AAB8EECAAA98076AEE2AAA38EEBD
:1041B0002A8ACAEE88BA40F1E681CC4AB2F90030C8
:1041C000B2F90220002BB8BF5B42002AB8BF5242AE
:1041D0009BB292B2934238BF1346B3F5E17F28BF3A
:1041E0004FF4E17307EE903A9FEDC17AF8EEE77A6B
:1041F00087EE87CABF4B0193DFF850B3BE4BDFF8A1
:104200005093DFF85083BD4FDFF8D8A2029304F13A
:104210000C060025DFEDBA9ADFEDBACAB0EE69BA36
:10422000019B33F9022B019308EE902AF8EEE88AFD
:10423000AE4BF5EE047A68EEA78A33F91530FDEE41
:10424000E88A00EE103ABAF80030F8EEE88A9907EA
:1042500068EEAC8AB8EEC08A54D078EE087A039A39
:10426000FDEEE77A514217EE900AFEF7BEF9A64B33
:104270009FEDA66A33F91530C01A059B33F9153046
:104280001844A37F07EE103A07EE900A237AB8EE9F
:10429000477AB8EEE79AF1EE047A27EE277A07EE2E
:1042A000903AF8EE677AF1EE476A67EE897ABDEEEA
:1042B000C77A67EE867A17EE102AFDEEE77ABDEE32
:1042C000E67A17EE900A17EE101AFEF78EF997EDC0
:1042D000000AB3EE0E1AAAEE890AFBEE0E0A0BEEE6
:1042E000100AFEF78BF987ED000AE37CDFED887A90
:1042F00009EE903AF8EE699AB8EECBBA69EE809A78
:1043000069EEA79ABAF80030DA0700F14281019B02
:1043100033F9023C002BB8BF5B429BB2B3F5206F70
:1043200000F2348116F80B3CDFED7A6A98ED000A52
:104330009FED791ADFED790A07EE103A68EE266AEA
:10434000B8EE477AC6EE877A77EEE87AAAEEA70A41
:10435000FEF754F988ED000A3378DFED717A09EE43
:10436000103AB8EE499ABAF8003029EE009A9B0745
:1043700029EE279A0BD578EE4B7AB0EE4B8AA7EE52
:104380008C8A79EE697AB0EE699AA7EE8C9A029BD4
:1043900094F8551013F8012B9FED627A029307EE03
:1043A000902AF8EEE77AB0EE480A68EEE77AA7EED0
:1043B000870A21B15C4800EB850002F045F89BEDCF
:1043C000007AEBEC018A78EEC78AD9ED007A574B78
:1043D00088EEAA7A5B5D08F104080437013630EEF6
:1043E000090A37EE677AE7EE2B7A07EE103AB8EE55
:1043F000C77AE9EC017A67EEC77A9FED4D7AA7EEAE
:10440000870A0EF0C9FB4B4B23F815006B1C022BDF
:104410004FF001057FF404AFBDEECAAADFED467A86
:1044200094F85770454E1AEE103A23F003030AEE43
:10443000103A2E4BB3F90480049B9D792D4BB3F9B0
:104440000430B8EECAAA00EE103ACAEE279ABAEEC5
:10445000CF0A002F00F0C58088EAE879E778A9EB59
:10446000E8790EF099FB1FFA89F9354BDFED356AD3
:1044700005FB09F595FBF3F5643507EE100A7D435E
:10448000642395FBF3F307EE903AB8EEC77AF8EEA3
:10449000E77A80EAE07367EE877AA3EBE07387EE52
:1044A000A67AB3F5207F07EE908AB8EEE78A38EE59
:1044B000478A02DCB9F1640F70D90023B36094F825
:1044C0005510002948D0B0EE480A1F4801F0BCFF43
:1044D000B0EE408A40E000BF83F9223EA6200020D3
:1044E000A0860100AE200020BD37863524210020A3
:1044F0000000E143BE23002061240020700C002056
:1045000000000000CDCC4C40DE2000206F12033CA8
:104510000AD7A33D0000A04300004043000040C371
:104520000AD7233CA69B443B380C00205B24002088
:10453000F7CC9238D220002000803B458C0C002024
:104540000CFEFFFF0000A042400C0020C80B002022
:10455000C00B0020800C002038EE090ABDEEC00A16
:1045600010EE103A1BB200EE103AB8EEC00A0EF090
:1045700013FB464B988007B0BDEC0A8BBDE8F08F6B
:104580009FED438A02E69FED43CA33E69FED410A61
:10459000E0E6B0EE699AB0EE4B8AF8E608EB8803E5
:1045A0001B0193FBF7F31B1A07EE903AF8EEE77A3C
:1045B000B368394967EEA97A4FF47A52FDEEE77A8B
:1045C00017EE900A1844FEF710F87D23B06090FBB8
:1045D000F3F0A37B5843801107EE900AB8EEE79AF8
:1045E0006DE76D000EF0D8FA283515FB08F56D1152
:1045F000281A002D07EE900AB8BF6D42322DF8EE52
:10460000E78A40DCA37B254A254907EE903AF8EE7D
:10461000677AB36867EEA87A67EEA97AFDEEE77A63
:1046200017EE900A1844FDF7E0FFB0604FF4807277
:104630006FF0FF014013FDF7D8FFFDEEE87AE27856
:1046400017EE903A53439B1107EE903A154B1B78A7
:1046500009EE100A032BB8EEC99AB8EEE78A7FF686
:104660002EAFB4F85220B2F5FA7FBFF428AFFDEEBA
:10467000C87A514217EE900AFDF7B7FF08EE100A0C
:10468000B8EEC88A1BE73846CFE700BFD22000202B
:10469000AF4C593C0000000080C1FFFFFEFFFF0F40
:1046A000020000F0642400202DE9F04F2DED088B6E
:1046B00087B0DFED9D7A05939C4B189E1B88049173
:1046C00009EE103A9A4B02921B88B8EE499A13F001
:1046D000020F29EE279A0546F7EE009A00F0E980CE
:1046E000F189002002F02AFFF1890446012002F03E
:1046F00025FF95F85020002A00F0DE80002CB8BF7E
:1047000064420028B8BF40428442B8BF0446C4F5A2
:10471000FA7407EE904ADFED876ADFED870AF8EE5C
:10472000E77A642387EEA67AB3FBF2F307EE903ABA
:1047300037EE697AF8EEE77AB0EE690AA7EE270A53
:10474000B0EE691AFDF75AFFB0EE40AA7B4BDFF8D6
:1047500028B2DFF828A2DFF82892DFF82882784E06
:10476000DFED78AA019305F124070024049B0433AC
:10477000022C1B5DB2EE04BA40F0A180704ADFED5E
:10478000726A92880A3312FB03F207EE902AB8EE9F
:10479000E77AC7EE267A6D4B95F8551033F9143049
:1047A00007EE103A6A4BB8EEC77AD3ED036A019B65
:1047B0000393E7EE667A1B78B7EC017AB0EE678A6E
:1047C00007EE903A27EE087AF8EEE77A67EE877AF6
:1047D000C7EEAA8A41B15F4800EB8400B0EE680AD8
:1047E00001F032FEF0EE408A97ED027A9BED000A6E
:1047F0009FED591ADFED590A69EE087A67EE877A5C
:10480000A7EE8B0AFDF7FAFE89EE897ADAED007AD7
:10481000D9ED006AABEC010A78EE677AAAEC018A5E
:1048200027EE277AD8ED007AA9EC017AE8EC016A44
:1048300076EEA77A95F85410B0EE40BA37EE870AB4
:1048400021B1474800EB840001F0FEFDB0EE087A8C
:10485000C0EE077A019B01330193039B1B7802365C
:1048600097ED057A9FED3F1ADFED3F0A67EE877AF5
:1048700007EE103AB8EEC77A67EE877A87EEAA0A93
:10488000FDF7BCFE78EE8B8A38EE800A0EF084F9D4
:1048900036494FF47A72FDF7A8FE354B23F8140021
:1048A0000134032C7FF462AF07B0BDEC088BBDE888
:1048B000F08FB0EE69AA49E79FED1FAA46E7029A7A
:1048C000B6F9000003935142FDF78FFE294B33F9EF
:1048D0001420059B801A33F91420039B1044144ABA
:1048E00007EE900A1188F8EEE77A11F0010FC7EE93
:1048F0008B6A04D0D5ED127A66EEA77A4BE7328840
:104900009FED116A143312FB03F207EE902AB8EE02
:10491000E77A8B07C7EE067A42BF95ED137A66EE0B
:10492000876AE6EE8A7A36E7BD378635A62000200C
:10493000AE2000200000FA430000000058240020B0
:10494000242100200000C84200004842BE2300206D
:1049500030120020380C002000007A4300007AC397
:104960002C0C002000009643000096C318FCFFFFAB
:10497000D2200020DE200020800C0020200C00200F
:10498000140C0020080C00202DE9F04F2DED028BB7
:1049900089B0CDE904210693924B149E1B88990798
:1049A000054640F1EC80F189002002F0C7FDF18955
:1049B0000446012002F0C2FD002CB8BF644200286A
:1049C000B8BF40428442B8BF04460523C4F5FA701C
:1049D00090FBF3F0AB7F40B2DB10642264385843A5
:1049E00000210A2390FBF3F01044FDF7FEFD43B2D3
:1049F0007D4C039301F09AFD23689FED7C7ADFF8EC
:104A000024A27B4EDFF820927A4FDFF8F881C31A98
:104A100007EE903AF8EE677A774B67EE877AC3ED48
:104A2000007A01F083FD754B0293754B2060009571
:104A300001930024059B1A1D022C12F804B040F0CB
:104A4000A080704A6B4992880BF1140B12FB0BF299
:104A500052118A60019B57F8042BB3F90010009B98
:104A600030780029B8BF0331A2EBA10213F8011F6F
:104A7000009351434143642091FBF0F1CB1195F831
:104A8000551008EE103AB34651B15F480792B8EEA0
:104A9000C80A00EB840001F0D7FC079ABDEEC08A7B
:104AA0005A48009B0088D9F800105043DA7AC012A7
:104AB000504332785043642290FBF2F0084449F8A6
:104AC000040B53494FF40012FDF78FFD4A4A019B36
:104AD000D2ED007A49F8040CF5EEC07A4113F1EEFC
:104AE00010FA33F9020B019317DD029BDAED006A2D
:104AF000B3F90020831A07EE903AF8EEE77AB1EEA8
:104B0000087A77EEE67AB2EE046A67EE877A87EE85
:104B1000867A77EE267ACAED007A029BBAEC017AA1
:104B200023F8020B0293009BDFED3A6A9B7D07EEB0
:104B3000903A9BF80030F8EEE77A013667EE877A14
:104B400007EE103AB8EEC77A18EE103A67EE877A99
:104B500008F1020887EEA67ABDEEC77A17EE102A92
:104B6000A3EBA2102C4A084422F814000134032CB1
:104B70007FF460AF09B0BDEC028BBDE8F08F642319
:104B800036E7049AB8F90000244B5142400043F83C
:104B90002400FDF72AFD224B33F91420069B801ACE
:104BA00033F914200F4B19881044CA0715D4B8F8EC
:104BB00000200BF1140B12FB0BF212118B073A6061
:104BC0007FF548AFE97C039B41435943642091FB47
:104BD000F0F102EB21123A603CE72A7A42431211CB
:104BE000F9E700BFAE200020440C00206F12833A8A
:104BF00058240020580C0020480C0020CC20002015
:104C0000BE23002024210020380C0020A6200020F4
:104C10000000E0FF0000C842D2200020640C002009
:104C2000DE2000204C0C00208C0C0020044B0022C5
:104C3000C3E90022034B00221A605A60704700BF8C
:104C4000780C0020700C0020054B0022C3E90022E4
:104C50009A60044B00221A605A609A60704700BF45
:104C60008C0C0020800C00200138042810D8DFE8CC
:104C700000F00307090B0D00064B074A136070474D
:104C8000064BFAE7064BF8E7064BF6E7064BF4E768
:104C9000064BF2E7894900082C000020A9460008CD
:104CA000A53E0008813B0008594100089D380008D6
:104CB0009FED0F7A20EE070AF6EE006A86EE807A04
:104CC00007EE903A0B4BDFED0C6A18600B4B1A6045
:104CD0000B4B83ED007AB8EEE77A0A4BC6EE877A83
:104CE0009FED097A67EE877AC3ED007A704700BFBF
:104CF000DB0F4940BC0D002000006144B80D0020CE
:104D0000D00D0020D40D00204C3D0F44124BDFEDA0
:104D1000136A1B681A7B124B1A80124B1B8807EE12
:104D2000103AB8EEC77A104BC6EE877A9FED0F7A2D
:104D300067EE877A9FED0E7AC3ED007A0D4BD3EDC7
:104D4000037A0D4B67EE877A9FED0C7A67EE877AD0
:104D5000C3ED007A704700BFBC0D00200AE81C417B
:104D6000EA20002072000020D80D00200000C84278
:104D700035FA8E3C30120020CC0D0020BD37863530
:104D8000094B58B9C3E90000084BC3E9000098601B
:104D9000074B1860074B00221A60704700229A6088
:104DA000054B1A60F6E700BFF40D0020E80D002067
:104DB000DC0D0020E40D0020E00D002008B52DEDF5
:104DC000068BF0EE409AB0EE600AF0EE41AAF0EEEB
:104DD000608A0DF061FEB0EE408AB0EE680A0DF018
:104DE0009BFEB0EE409AB0EE690A0DF095FEF0EE33
:104DF000408AB0EE690A0DF04FFEB0EE40AAB0EE68
:104E00006A0A0DF089FEF0EE409AB0EE6A0A0DF0E3
:104E100043FE1A4B28EE007A29EE286A83ED007AC9
:104E200029EECA7A69EE0A6AA6EE007A60EE687A1E
:104E300083ED017A28EEA97A68EE288AA6EE807AB8
:104E4000B1EE499A83ED027A28EE297A28EE0A8A91
:104E500083ED037A2AEE007AE6EEA97AA6EE297AA5
:104E600083ED069AC3ED078A83ED088ABDEC068BB5
:104E700083ED047AC3ED057A08BD00BF4000002031
:104E800070B5054614460E4641B10F4B93ED060A28
:104E9000FDF7C8FCB1EE400A86ED000A45B10A4BA9
:104EA000D3ED080A93ED070A0DF0A2FD85ED000A87
:104EB00044B1054BD3ED000A93ED030A0DF098FDC4
:104EC00084ED000A70BD00BF440D0020324BD0EDD0
:104ED000016A93ED023AD3ED054A93ED086A90ED2D
:104EE000027AD3ED012A93ED044A93ED030AD3ED40
:104EF000075AD3ED061AD0ED007A2DED048B26EE7D
:104F0000C32A93ED009A64EEE63A26EE665AA2EEC4
:104F1000872AE7EE043AA7EE255A69EE478A60EE43
:104F2000470A21EEC77AE3EE278AE7EEA40AA7EE46
:104F3000867A27EEE28A24EE671A65EEE77AA6EE15
:104F4000898AA6EE801AE6EEA17A72EE096A72EEFE
:104F5000A82AC3ED006A73EE806A33EE083A34EE95
:104F6000204A74EE814A75EE875A36EE276AC3ED01
:104F7000036A75EE216ABDEC048BC3ED012A83ED53
:104F8000023A83ED044AC3ED054AC3ED066AC3ED58
:104F9000075A83ED086A7047400000201C4BD0ED93
:104FA000017A93ED037AD0ED006A93ED006A27EE63
:104FB000877A0246A6EE267AD0ED026A93ED066A5B
:104FC0001448A6EE267A93ED016A80ED007A93EDFF
:104FD000047A67EE877A92ED007AE6EE077A93ED2F
:104FE000077A93ED026AE6EE877AC0ED017A92EDD8
:104FF000017AD3ED057A67EE877A92ED007AE6EED4
:10500000077A93ED087AE6EE877AC0ED027A704768
:1050100040000020CC0C0020134BD0ED017A93ED22
:10502000017AD0ED006A93ED006A27EE877A024696
:10503000A6EE267AD0ED026A93ED026A0B48A6EE40
:10504000267A93ED036A80ED007A93ED047A67EE99
:10505000877A92ED007AE6EE077A93ED057AE6EE2E
:10506000877AC0ED017A704740000020C40C002010
:1050700010B53F4B2DED048B93ED018AD3ED009AD3
:10508000B0EE480A04460DF007FDB0EE409AB0EECF
:10509000480A0DF041FDF0EE408AB0EE690A0DF0CD
:1050A0003BFDB0EE408AB0EE690A0DF0F5FC9FEDD5
:1050B000316A314B314883ED009A68EE885A68EEC8
:1050C000804AB0EE407AA5EE867AF0EE656AB0EEE0
:1050D000644AF0EE485AA8EE064AD4EE865AE0EE4C
:1050E000466A29EE065A29EE088A69EE007AF1EE40
:1050F000688AC3ED016A83ED024A83ED047A83ED89
:10510000078A83ED035AC3ED055AC3ED068AC3ED42
:10511000087A1B4B226894ED026A1A6062685A6032
:1051200083ED026AD4ED014AD4ED003A66EEA46A3A
:1051300027EE247AE3EE896AE4EE066AC0ED006A9F
:10514000D4ED006AA5EE267AA5EE867A80ED017A86
:1051500094ED017A28EE078A94ED007AA8EE878A0A
:10516000A7EE868A80ED028ABDEC048B10BD00BFDD
:10517000C00D0020000000008C0D0020B80C0020A5
:10518000680D0020F0B56A4B6A4AD3ED007AB2F997
:1051900000209FED697A8BB0F1EE677ACDED017A50
:1051A000D3ED017A654BB3F90030F1EE677A9B1AC3
:1051B000CDED027A07EE903A614BF8EEE77AB3F95B
:1051C000002067EE877A06EE902AB3F90220B3F941
:1051D0000430CDED037A07EE102A07EE903AB8EED0
:1051E000C77AF8EEE66AF8EEE77A044601A904A861
:1051F0008DED057A8DED087ACDED046ACDED067A58
:10520000CDED076ACDED097AFDF7C3FA4D4B9DED63
:10521000067A1B689B78012B40F086804A4B4B49ED
:105220001B7813F0040F15D14948026892B10B683E
:10523000002B1D46B8BFDD1DA3EBE50307EE903A3A
:10524000F8EEE77A013A77EE877A0260FDEEE77AC8
:10525000C1ED007A0B68002BB8BF0733DB1007EEF7
:10526000903AF8EEE77A3B4E9DED040A3A4D37EE60
:10527000677A8DED067A0DF08FFC33681978FDF7AB
:10528000A5F92B689DED050A03442B600DF084FC05
:1052900033681978FDF79AF96B689DED060A0344A7
:1052A0006B600DF079FC33685978FDF78FF9AB68C6
:1052B000034407A8AB60FFF7DBFED0ED007A33684C
:1052C000264D1978FDEEE77A074617EE900AFDF7AE
:1052D0007DF92B68D7ED017A03442B60FDEEE77A68
:1052E000336817EE900A1978FDF770F96B68D7EDFF
:1052F000027A03446B60FDEEE77A336817EE900A9A
:105300005978FDF763F9AB68154A0344AB6013683D
:1053100023441360134A136801331360124A13685D
:10532000013313600BB0F0BD104B1B8897E700BF33
:10533000C00D00200000002035FA8E3CD82000204F
:10534000EC200020BC0D002056240020A80C0020DA
:10535000B00D0020B80D0020F40D0020E80D002055
:10536000E40D0020E00D0020DC0D00207200002084
:105370001FB52A4B9FED2A6AB3F9022007EE902A47
:10538000B3F90420B3F9003005EE902A07EE103A85
:10539000244A254BD2ED006AB8EEC77AF8EEE77AD8
:1053A000E7EE066A01A892ED017AC3ED006AA7EE66
:1053B000867AF8EEE55AD2ED027A1C4A83ED017A3C
:1053C000E5EE867A92ED006AC3ED027A184B76EE2E
:1053D000866A93ED006A76EE866A66EE806ACDEDA7
:1053E000016AD2ED016A37EE267AD3ED016A37EE13
:1053F000267A27EE007A8DED027A92ED027A77EE28
:10540000877A93ED027A77EE877A27EE800A8DED20
:10541000030AFFF75BFD05B05DF804FBBE23002027
:10542000487D8B3A200D0020040D0020380D00200F
:105430002C0D0020154A0023136053609360144A1A
:10544000136053609360134A136053609360124A71
:1054500013605360936090B1104B93ED000AB4EE6B
:10546000400AF1EE10FA0AD693ED021AB4EE411A90
:10547000F1EE10FA03D6D3ED010AFFF79FBC9FEDC2
:10548000081AF0EE410AB0EE410AF6E7200D0020BE
:10549000380D00202C0D0020040D0020C00D002030
:1054A0000000000090ED010AD0ED007A20EE000A25
:1054B00038B5A7EEA70A04460D46D0ED027AA7EE4E
:1054C000A70A0DF0C7FAB7EE007AC7EE007A1E4BB6
:1054D0001E4A93ED007A37EE277A83ED007A13881F
:1054E000B0EE007AF4EEC77A0133F1EE10FA1380D1
:1054F00021D5B6EE007AF4EEC77AF1EE10FA06DCAA
:105500009FED137AF4EEC77AF1EE10FA1ADD94EDFE
:10551000007A27EE277A012085ED007A94ED017A52
:1055200027EE277A85ED017A94ED027A67EE277AE5
:10553000C5ED027A38BD9FED077AF4EEC77AF1EE39
:1055400010FAE4D40020F5E7000D0020DC20002054
:10555000BD3786350024744910B5314CD4ED013A7D
:1055600094ED046A94ED003A94ED037A94ED024AC6
:10557000D4ED056A63EE867AF6EE005AE3EE077A1A
:105580008AB02146B0EE635AE4EE267A01A8F0EE26
:10559000444A67EEA57AF0EE435AA6EE675AE6EE65
:1055A000E74AA3EEE76AE7EE675AE4EE676AA3EE1E
:1055B000677A66EE647ACDED066AE5EE267A66EEE7
:1055C000E56A8DED047AE4EE876A27EE457ACDED43
:1055D000015AA5EE867A8DED025ACDED034A8DED86
:1055E000056ACDED077ACDED086A8DED097AFFF7F2
:1055F00059FF28B901200AB0BDE81040FFF71ABFD3
:1056000004F10C0104A8FFF74DFF0028F2D004F1CB
:10561000180107A8FFF746FF0028EBD00AB010BD1D
:105620004000002008B52DED028BB0EE408A9FEDC2
:10563000110AFDF71BF9B4EEC80AF1EE10FA13DCFB
:105640009FED0D0AFDF712F9B4EEC08AF1EE10FAE3
:105650000DDC9FED080AFDF709F9C8EE007ABDECF4
:10566000028BB0EE670A08BDF7EE007AF7E7F2EEBC
:10567000047AF4E7000048420000FA4310B5354CC4
:10568000D4ED007AF4EE677AF1EE10FA41D6D4ED5B
:10569000017AF4EE677AF1EE10FA3AD6D4ED027A96
:1056A000F4EE677AF1EE10FA6CBF01230023D4ED1B
:1056B000037AF4EE677AF1EE10FA2CD6D4ED047A80
:1056C000F4EE677AF1EE10FA25D6D4ED057AF4EE11
:1056D000677AF1EE10FA68BF43F00103D4ED067A61
:1056E000F4EE677AF1EE10FA0ED694ED077AB4EE86
:1056F000477AF1EE10FA07D694ED087AB4EE477ABD
:10570000F1EE10FA00D643B1BDE810400120FFF7DA
:1057100091BE0123CBE70123E0E7B7EE007AF4EE78
:10572000C77AF1EE10FA06D5BFEE007AF4EEC77A2A
:10573000F1EE10FA0CDCFFF70FFFD4ED067AB2EEB3
:10574000047AF0EEE77AF4EEC77AF1EE10FADBDCD9
:1057500010BD00BF400000200C4A0D4B11681960BD
:105760005168596091689960D168D960116919616F
:105770005169596191699961D169126A1A62054A40
:10578000D961A2F10800111FFFF77ABB4000002089
:10579000440D0020C80D002008B52D4B2D4AB3F94B
:1057A0000210D2ED087AD2ED074A92ED065A07EEC2
:1057B000101AB3F90410B3F9003006EE901AF8EE9F
:1057C000E66AB8EEC77A67EEA60A24EEE60AB7EEF6
:1057D000006AA7EE270AF0EE607AE7EE247A05EE7B
:1057E000903AA5EE456A67EEC50AF8EEE55AB1EEC5
:1057F000400AE5EE860A0DF0FBF89FED171ADFED83
:10580000170AFCF7FBFE164BD3ED007AB0EEE77AF1
:10581000B5EEC07AF1EE10FA0CDD30EE270ADFEDBE
:10582000117AB4EEE70AF1EE10FA04DDDFED0E7A3C
:1058300030EE670A08BDDFED0D7AB4EEE70AF1EE4F
:1058400010FA44BFDFED087A30EE270AF2E700BF16
:10585000B2230020400000209A9949409A9949C0FB
:10586000DC110020DB0F4940DB0FC940DB0F49C0D2
:1058700000B52F4B2DED068BD3ED009A2D4BB3F9D0
:10588000002007EE902AB3F90220B3F90430F8EEB5
:10589000E77A85B0CDED017A07EE902AF8EEE77A47
:1058A00001A8CDED027A07EE903AF8EEE77ACDED59
:1058B000037AFFF7B1FB90ED019A90ED008A29EE93
:1058C00009AAB0EE4A0AA8EE080A0DF0C3F8C8EE1D
:1058D000008AB0EE4A0AA8EEA80A0DF0BBF8DFED88
:1058E000167AB0EEE87AB4EE677AF1EE10FA1BDCC5
:1058F00089EE008AB0EEC87AB4EE677AF1EE10FA5B
:1059000012DCB0EE690A0DF007F9B0EE409AB0EE85
:10591000690A0DF0C1F828EE400AA9EE280A05B080
:10592000BDEC068B5DF804FB9FED040AF7E700BFB2
:10593000DC110020B2230020FFFF7F7F0000000069
:1059400008B50F4B93ED010AD3ED007A20EE000A63
:10595000A7EEA70A0DF07EF8F1EE007AB4EEE70AA2
:10596000F1EE10FA9DBFF1EE027A37EEC00ADFEDDC
:10597000057A9FED050A98BF20EE270A08BD00BFF3
:10598000F00C0020CDCC4C3ECDCCCC3D38B55349AD
:10599000534B544C1A680B689A422DED068B16D166
:1059A0009FED517AD4ED007A67EE877AC4ED007AE4
:1059B000D4ED017A67EE877AC4ED017AD4ED027AEC
:1059C00067EE877AC4ED027ABDEC068B38BDD31A38
:1059D00009EE903A454DDFED467A2B780A60F8EEF5
:1059E000699A69EEA79A83B9FFF7D6FE414BB0EEEC
:1059F000401AD3ED010A93ED000AFFF7DFF9002307
:105A000023606360A36001232B70FFF731FF3A4BE3
:105A10003A4D93ED089A3A4B20EE099AF0EE408AFF
:105A200093ED010AD3ED007A20EE000AA7EEA70A53
:105A3000D3ED027AA7EEA70A0DF00CF8DFED317A6C
:105A400095ED007AB4EEE77AF1EE10FA48BFC5EDB5
:105A5000007AB0EE40AAFFF7E5FD95ED007A69EE19
:105A6000007A27EE878AFFF76BFF274B1B6868EEEB
:105A7000007ADB0758BFB2EE007AC4ED027A5CBF51
:105A800067EE877AC4ED027AF0EE007AF4EEE79AD8
:105A9000F1EE10FA14D5B3EE040AFCF7E7FEB4EE0B
:105AA000C0AAF1EE10FA0BD5184BD3ED007A184BC3
:105AB00029EE279AD3ED027AE9EE297AC3ED027A2C
:105AC000144B154AD3ED007AF0EEE88A78EEA78AF7
:105AD000C3ED008A13880133138075E7DC0C0020C6
:105AE000D81100202C0D0020EC51783FE525002036
:105AF000BD378635C00D0020400000203400002056
:105B0000040D0020CDCC4C3D3C0F00203000002087
:105B1000140D0020FC0C0020DA200020F0B52DED43
:105B2000068B85B0F0EE409AFFF730FFBB4ABC4FC2
:105B3000B2F90030BB4DBC4EBC4C5B4207EE903A14
:105B4000B2F90230B2F904205B4208EE103AB84BC9
:105B5000B8EEC88A93ED019AD3ED026AD3ED048AB8
:105B6000B8EEE77A28EE099AD3ED007A5242A7EE12
:105B7000879A07EE902AF8EEE77A68EE288AA6EE72
:105B8000A79AAC4AD3ED036A82ED009AE7EE268A23
:105B9000D3ED056AE7EEA68AD3ED076AC2ED018A66
:105BA00028EE268AD3ED066AA7EE268A93ED087AB8
:105BB000A7EE878AD7ED007A82ED028A37EEA90A2E
:105BC000DFED9D7A87ED000A68EEA78A29EE279A15
:105BD00028EEA8AA28EE278AB0EE4A0AA9EE090AFA
:105BE00085ED009AA8EE080AC5ED018A85ED028AC6
:105BF0000CF030FFC9EE009AB0EE4A0AA9EEA90AED
:105C0000A8EE080A0CF026FF88EE809A29EE090A11
:105C1000A9EEA90AA8EE080A0CF01CFFC8EE007A4B
:105C200001A89FED868AB0EE497A97EEC87A28EEF1
:105C3000499A8DED017AB0EE697AA7EE887AA9EEDD
:105C4000889A8DED027A8DED039AFFF7A7F97C4BC8
:105C500090ED00AA93ED010AD3ED007AD0ED019A00
:105C600090ED029A8DED01AA20EE000ACDED029A88
:105C7000A7EEA70AD3ED027A8DED039AA7EEA70A45
:105C80000CF0E8FE96ED007ADFED6E7AB4EEE77A7E
:105C9000F1EE10FA48BFC6ED007AF0EE408AFFF749
:105CA000C1FCD6ED007A2AEE000A20EE270A84ED28
:105CB000000AB0EE680AFFF7B5FCD6ED007A29EECF
:105CC000800A20EE270A84ED010AB0EE680AFFF789
:105CD000A9FC5D4B96ED007A1B6869EE007ADB0744
:105CE00067EE877AC4ED027A11D4D4ED006AB2EE81
:105CF000007A66EE876A67EE877AC4ED006AD4EDB3
:105D0000016AC4ED027A66EE876AC4ED016AB3EEF9
:105D1000040AFCF7ABFDF4EEC08AF1EE10FA4B4E2C
:105D200023D54B4BD7ED007A93ED007A494B96ED96
:105D3000006AD3ED006A2AEE07AA69EE879AEAEEB6
:105D4000276A29EE079AC3ED006A93ED027AD3ED34
:105D5000016AA7EE897AE7EEA96A77EE867AC3ED43
:105D6000016A83ED027AC6ED007AD6ED008AF1EE83
:105D7000047AF4EEE78AF1EE10FA42DB364B354C4A
:105D8000D3ED007A94ED000A68EEA78AB1EE689A26
:105D9000B0EE681AF0EE490AFCF730FCB0EE681A73
:105DA00084ED000AF0EE490A94ED010AFCF726FCA6
:105DB000B0EE681A84ED010AF0EE490A94ED020A89
:105DC000FCF71CFC254B94ED007AD3ED007A84EDB2
:105DD000008A77EE877A94ED017AC3ED007AD3EDED
:105DE000017A84ED018A77EE877A84ED028AC3ED29
:105DF000017AD3ED027A86ED008A77EE807AC3EDE0
:105E0000027A85ED008A85ED018A85ED028A87EDAB
:105E1000008A05B0BDEC068BF0BD00BF78220020E3
:105E2000E00C0020E40C00203C000020380D002095
:105E300040000020F00C002000008039000000002D
:105E4000040D0020CDCC4C3D3C0F0020100D002057
:105E500038000020140D0020D80C0020200D002058
:105E6000F8B52DED048B044605F054F800F044FB22
:105E7000664ADFED678A13681060C31A07EE903A2E
:105E8000F8EE677A87EEA88ADFED627AB4EEE78AE9
:105E9000F1EE10FA09DD604A00231360536093604D
:105EA0005E4A1360BDEC048BF8BD0220FCF7EEF9EE
:105EB0005B4B002800F0A580204604F0ADFA594E57
:105EC0009FED599A594CB0EE480AFFF751FAFFF787
:105ED00043FBB0EE480AFFF721FEFFF7CFFBFFF7C9
:105EE0003BFC96ED000A20EE090A0CF055FE96EDFB
:105EF000010A05B220EE090A25800CF04DFE96ED50
:105F0000027ADFED4B7ADFED4B6A4B4B4B4E27EEBF
:105F1000677A00B2C7EE267A6080494C258060809F
:105F200093ED007A77EE877AB2EE040A87EE800A64
:105F30000CF032FE03B2002B424ADFF8E4C0BCBFD3
:105F400000F5B47003B213803F4B40481B681F78C4
:105F50003F4B00221D881146B7EE007A3CF9023B08
:105F6000C7B107EE907AF8EEE77AC7EE276A07EE38
:105F7000903AF8EEE77A37EE666A67EEA67AD0EDE9
:105F8000006AE6EE867AC0ED007AFDEEE77A17EE5B
:105F9000903A1BB20131C9B2032926F8023B00F145
:105FA000040003FB03F3B3FBF5F31A44D6D128EE48
:105FB000288A6423FCEEC87A5A43264B92FBF5F2FA
:105FC00017EE900A1A60FFF7DDF8B4F90220224BB1
:105FD0002249B3F900000B78002AB8BF524292B2AE
:105FE00082420BDAB4F90020002AB8BF524292B2C2
:105FF000904203DD43F008030B7053E723F00803DE
:10600000FAE71880588098804CE700BFA40C002065
:1060100000247449CDCC4C3EE40C0020E00C002060
:1060200078220020C00D00204C3D0F44E4200020C9
:106030000000E144DB0F4940DC110020EC2000208F
:10604000DE200020D8200020BC0D0020980C00206D
:1060500072000020B40D0020EA200020552400200A
:1060600008B5214B93ED010AD3ED007A20EE000A2A
:106070002DED028BA7EEA70AD3ED028AA8EEA80A9F
:1060800008EE100A0CF0E6FCC8EE807A9FED177A55
:10609000F4EEC77AF1EE10FA23D9B0EE670A0CF0ED
:1060A0004FFC134BD3ED007A20EE270A0CF074FD61
:1060B000B0F5617FA8BF4FF4617007EE900AB8EEAB
:1060C000E70ADFED0C7A80EE270AFCF715FAB8EE46
:1060D000C88A28EE000A0CF05FFD00B2BDEC028B0E
:1060E00008BD0020FAE700BFAC0C00208FC2753C51
:1060F000D40D0020EFB6B04408B59FED040AFCF7BC
:10610000B5FB034B83ED000A08BD00BF8988083C3E
:10611000D80C0020044B1860044B1960044B1A6023
:10612000044B009A1A607047C80E0020C40E00206D
:10613000CC0E0020C00E002070470000F8B5094DBD
:10614000094E0A4F00244FF48050FBF7E5FD38B1AB
:106150003B689B8825F8023B01340C2CF3D1F8BD39
:106160003368F6E7F2200020C40E0020C80E00209D
:1061700030B4094B094D0A4C04221A700FCD0FC4DC
:106180000FCD0FC40FCD0FC495E80F0084E80F00AA
:1061900030BCFFF7D3BF00BF64240020885801083B
:1061A000000E002070B50C4D0C4E00242B78E0B290
:1061B000834209D84FF48020FBF7AEFD50B1287818
:1061C000BDE870400AF0E4BB36F810100AF0C4FBDA
:1061D0000134EBE770BD00BF642400200A210020D9
:1061E00010B4074B074A1C780023D9B28C4203D85D
:1061F0005DF8044BFFF7D6BF22F8020B0133F4E73A
:10620000642400200A21002008B54FF48050FBF7D9
:1062100083FD50B1064B1B68988800B2FFF7E0FF82
:10622000BDE80840322000F0D2B9024BF3E700BFCE
:10623000C80E0020C40E0020014B18780AF098BB4D
:10624000642400202DE9F84F724EDFF8F481337892
:10625000714D724C032B14D9D8F800305A88B2F51E
:10626000FA7F0ED2B5F90430002BB8BF5B42504222
:1062700099B2411A12FA83F2B4F90400FCF7B5F9A5
:10628000A080B4F902A0B4F900B0B4F904E0644C01
:10629000B5F906903778D8F800C0624A2046002148
:1062A00025462BE007EE909AB8EEE77A07EE90AA23
:1062B00052ED026A9CF90130F8EEE77A5B4267EE34
:1062C000A67A52ED046AE7EE267A0EFB03F301315B
:1062D00007EE10BA52ED036AB8EEC77AE7EE267AF7
:1062E00007EE103A52ED016AB8EEC77AE7EE267A69
:1062F000FDEEE77A17EE903A20F8023B8F4202F16A
:106300001002CFD8484B1B785B0778D5FDF774F99E
:10631000464B434918700746B5F9003030780122E2
:10632000904212D8424DDFF81CB12A68528893423D
:10633000C6BF9B1A1FFA83FA4FF0000A4FF00009FC
:1063400033784B4508D8BDE8F88F31F9025FAB428E
:10635000B8BF2B460132E3E72388A3EB0A0323806F
:106360004FF48050FBF7D8FC38B3324BD8F800100C
:10637000B3F906C0DBF800300978DA892E4B1B68C8
:1063800031B9D988501A604502DA114461450FDCF1
:106390002968B4F900009445CBBF4A881A88598807
:1063A0008988FCF722F9208009F101090234C7E746
:1063B000944522DD5B882380F6E72B68B4F9000062
:1063C0005A880FB19988ECE71988FCF70EF9194B38
:1063D0002080B3F90620DBF800301B8A9A42E3DA0A
:1063E0001020FBF799FC10B12B689B88E3E7D8F8E5
:1063F00000301B78002BD7D12B681B88DBE70F4BB5
:10640000074A03F1100153F8040B42F8040B8B42C6
:10641000F9D198E76424002024210020D220002014
:106420000A210020000E00205624002065240020B0
:10643000C40E0020C4210020C80E0020F22000203D
:10644000CC0E0020C00E002006EE901A9FED116ABF
:10645000114B9FED127A1B88F8EEE66AF7EE005AB0
:1064600066EE866A07EE903A85EEA66AF8EE677ADF
:1064700067EE877A90ED007A76EE276A87EEA66A55
:1064800070EE477AA6EE277AB0EE470A80ED007AE2
:10649000704700BFDB0FC940A6200020BD378635FE
:1064A00003681B68184703685B6818470368DB6864
:1064B000184703685B69184738B5074D0446002341
:1064C0006A6895F9001003B138BD002AFCD0A142DA
:1064D000FAD190470123F3E7DC0E00202820FFF7D4
:1064E000EBBF0920FFF7E8BF024A136801331360CE
:1064F000704700BFD40E002010B50A4B4FF0E020CB
:106500001968846900BF1A688A42F9D1064B196874
:106510004FF47A7000FB01F31B1BB3FBF1F300FB9C
:10652000023010BDD40E0020D80E0020014B186898
:10653000704700BFD40E002000B54FF4A06095B0A6
:1065400005F084F8154B5A6A154B1A6004F0ECFFFD
:106550000AF082FE684604F021FE124A009BB3FB5B
:10656000F2F3114A1360114B0021C3E90011104BE3
:106570004FF47A721B68B3FBF2F3013BB3F1807FF7
:1065800009D24FF0E022F02053610A4B83F8230038
:1065900007239161136115B05DF804FB0010024000
:1065A000D00E002040420F00D80E0020DC0E00204C
:1065B0000400002000ED00E038B50446FFF79CFF22
:1065C0000546FFF799FF431BA342FAD338BD10B528
:1065D000044604B910BD4FF47A70FFF7EDFF013C9B
:1065E000F7E700002DE9F04700233A4A86B01D4640
:1065F000117840FA01F1C90713D501AE0021CCB2E0
:10660000A542547807D805F118016944013501F80D
:10661000144CEDB205E016F8017BBC4201F101011A
:10662000EDD10133082B02F10202E1D1002D4ED051
:10663000294E4FF400472C46B846C820A6F82880BB
:10664000FFF7C5FF013CB761C820FFF7C0FF14F09A
:10665000FF04F2D1C820FFF7BAFF0DF1040901349D
:10666000E4B219F8017BA0464FF4005A08F1FF3854
:106670005FFA88F8B8F1FF0F0FD1C820FFF7A7FF26
:106680004FF48048AFB9C820FFF7A1FFA542E6D17B
:1066900040F2EE20FFF79BFFCBE7A6F828A0C8202A
:1066A000FFF795FFC6F818A04FF4AF70FFF78FFF04
:1066B000DCE7C820A6F82880FFF789FF013FC6F86D
:1066C00018804FF4FA70FFF782FFFFB2DAE706B0E6
:1066D000BDE8F087C8580108000800480E4B70B5A7
:1066E00000220C2505FB02F1CC185E5C864203D02B
:1066F0000132102AF6D170BD084A106818B16478CA
:1067000040788442F7D20B441360054A002313807B
:10671000044A1360EFE700BFD8580108E40E0020D8
:1067200022210020EC0E002008B502F0A2FC054A50
:1067300000231370044A1360044A1380044A136050
:1067400008BD00BF66240020EC0E0020222100209E
:10675000E40E002008B9FFF7E7BFFFF7BFBF000056
:1067600043000C4A142B70B4A8BF14230021144614
:1067700002261425023199421670557002F1020268
:10678000F8DB002808BF0223FF22E2540F2070BC70
:10679000FFF7A4BF67240020254B1B68DB0470B5FE
:1067A00002D50A20FFF79AFF224D2B682BB3224E09
:1067B000FFF7BCFE336883421FD82A681F4C52681B
:1067C0002388D25C1E4B1978C1B90121197062B1BE
:1067D00002F04EFC238843B92B681B78053B012B44
:1067E00003D8FFF789FE174B18602A682388526880
:1067F000D35CFE2B09D10023238070BD00211970CA
:10680000002AF2D002F035FCEFE7FF2B03D1BDE800
:106810007040FFF789BFFFF789FE2A682388526816
:10682000D15C0A2201FB020030600133E4E700BFC3
:106830003C0F0020E40E0020EC0E0020222100205E
:1068400066240020E80E002008B505F050FC034B3C
:106850001870FFF76BFE024B186008BD7F24002004
:10686000000F0020254B1B7810B5002B3ED0FFF702
:106870005DFE234B234C1860234B1B68C01AB0F5F8
:10688000FA6F34D20021022005F0F7FB1F4B204A9B
:106890001B6812681F492048FCF73EF91E4805F0A6
:1068A0001DFC0221084605F0E8FB1C4805F016FC1B
:1068B0000421002005F0E1FB194B1A4A1B681268FD
:1068C00019491548FCF728F9134805F007FC06217B
:1068D000022005F0D2FB154B15491A680E48FCF74B
:1068E0001BF90D4805F0FAFB0123237010BD237836
:1068F000002BFBD005F0AAFB0023F6E77F24002045
:10690000040F00207D240020000F00208058010883
:10691000845801086F560108822400207956010826
:106920006C580108705801088B5601087858010806
:106930009A56010808B50021102005F09EFB084B6F
:1069400008481B880A21B3FBF1F201FB12339BB20A
:106950000549FCF7E1F8BDE80840024805F0BEBB78
:106960008A22002082240020A5560108002108B5B3
:10697000084605F082FB064B064A1878064B0028AD
:1069800018BF1A461046BDE8084005F0A7BB00BF77
:1069900081240020B3560108AD56010808B507212F
:1069A000002005F06AFB02F0ABFD10B902F0AEFD6D
:1069B00020B10348BDE8084005F090BB0148F9E765
:1069C000B9560108B356010808B51020072105F093
:1069D00054FB064B06481B6813F0010F054B18BF0C
:1069E0001846BDE8084005F079BB00BF3C0F002009
:1069F000C5560108BF56010838B52C4A2C4D1268FF
:106A00002B682C4C934243D10020FBF765FC48B126
:106A1000294B23600021062005F02FFB206805F09C
:106A20005DFB3FE00120FBF757FC08B1234BF0E78B
:106A30000420FBF751FC08B1214BEAE70320FBF7E8
:106A40004BFC0028F8D10520FBF746FC08B11D4B94
:106A5000DFE702F055FD18B902F058FD0028F6D026
:106A60000220FBF739FC08B1174BD2E70620FBF7F1
:106A700033FC08B1154BCCE70720FBF72DFC08B120
:106A8000134BC6E70820FBF727FC40B1114BC0E7CA
:106A9000052B04D1104B236000232B60BAE7236839
:106AA000002BB7D12B6801332B6038BD6400002068
:106AB000F00E0020080F0020CB560108D556010823
:106AC000DF560108E9560108F3560108FD56010892
:106AD00007570108115701081B57010870B5FFF748
:106AE00025FD214B214E1B683278214D13F0010307
:106AF000044631D05ABB08202A60FBF7EDFB18B1E1
:106B0000012333701B4B1C60072108464FF47A7336
:106B10002C68B4FBF3F43C2605F0AFFAB4FBF6F5B1
:106B2000154916482A46FBF7F7FF144805F0D6FA30
:106B300007210C2005F0A1FA06FB154210490F4869
:106B4000FBF7EAFFBDE870400C4805F0C7BA094BF7
:106B50001B68C31A2B60D7E7002AD5D03370054BCA
:106B60001B68C41A2C60CFE73C0F00208024002053
:106B7000F40E0020F80E0020255701088224002082
:106B80002D57010808B5094B1B786BB9FFF7EEFECE
:106B9000FFF732FFFFF7CEFEFFF700FFFFF79EFF84
:106BA000BDE80840FFF710BF08BD00BF7D240020EE
:106BB00070B53A4D2B78002B66D1394B1B78002BE2
:106BC00062D1384E0221012005F057FA0A243649D5
:106BD000B6F90220354892FBF4F2FBF79DFF3348EB
:106BE00005F07CFA0321012005F047FA3049B6F997
:106BF00000202E4892FBF4F2FBF78EFF2B482D4C21
:106C000005F06CFA0421012005F037FA2A4B2B49D4
:106C1000B3F900202548FBF77FFF244805F05EFA12
:106C200002210B2005F029FAB4F9022024491F485B
:106C3000FBF772FF1D4805F051FA03210B2005F008
:106C40001CFAB4F900201A491848FBF765FF1748E9
:106C500005F044FA04210B2005F00FFAB4F90420E2
:106C600016491248FBF758FF104805F037FA05217E
:106C70000B2005F002FAB4F9062012490B48FBF785
:106C80004BFF0A4805F02AFA0F4C2B7822789A42DB
:106C900001D005F0DBF92B78237070BD8124002032
:106CA0007D240020E42000203357010882240020A6
:106CB0003D570108C4210020D82000204757010873
:106CC000515701085B5701087E24002038B5084B56
:106CD0001B7863B1074D084C2B6822689B1AC72BA1
:106CE00005D9FFF74FFFFFF763FF2B68236038BD1F
:106CF0007F240020040F0020FC0E0020014B187898
:106D0000704700BF6800002038B504464FF480503B
:106D10000D46FBF701F848B10D4BB3F90620E389A6
:106D2000591B8A4202DD2B449A420DDB4FF48050FE
:106D3000FAF7F2FF50B9064B228AB3F906309342B4
:106D4000B4BF0020012038BD0020FCE70120FAE795
:106D5000C42100202DE9F7431646994600228B4BAB
:106D6000048A458A8846104633F9021B8008A142EE
:106D7000C4BF60F07F00C0B20132A942B8BF40F08A
:106D80004000042AF0D1824D824C2B78834253D1AB
:106D90002278F92A01D8013222707F4F28703B787F
:106DA0009BB97E4B1B68DB0762D5B8F1000F46D15B
:106DB0007B4B1B78D80708D5590704D4794A01239F
:106DC0001370794A1370FAF7FDF82378142B30D139
:106DD0003B78DFF8CC91A3B12B785F2B06D199F8E3
:106DE000003013F0040855D0FAF778F84EB12B783C
:106DF0007D2B06D199F8003013F0040850D0FAF733
:106E00006DF899F800305B0713D42B78572B4DD1D0
:106E10004FF47A7004F070F80420FBF737FA10B1E1
:106E20000A200AF0F3FD0820FBF730FA08B95F4B9F
:106E3000188003B0BDE8F08300232370ADE75C4BFE
:106E40001B680A2BC1DC0220FBF746FA0028BCD1E4
:106E5000584B1B78002BB8D1FDF7E8FEFDF7F4FE88
:106E6000FAF7B0F8544A012313704F4A1370ACE795
:106E70004B4B1B785A07A8D502F042FB0028A4D040
:106E8000B9F1000F02D0FAF729F89EE7B8F1000F28
:106E90009BD1F8E70B20FFF75DFC84F80080A5E7A5
:106EA0000B20FFF757FC84F80080AAE70420FAF7CC
:106EB00033FF2B7808B15A2B11D0563B082B19D829
:106EC000DFE803F01618181818141805120001202E
:106ED0000138C0B203B0BDE8F043FBF79BB903B083
:106EE000BDE8F043FAF7D4B80320F1E70220EFE75A
:106EF000FBF788F93A782B784AB16F2B04D103B0AD
:106F0000BDE8F043FAF75EB80EB17E2BF7D0972BB1
:106F100006D14FF47A7003B0BDE8F04303F088B9AE
:106F2000A72B05D1254A137843F00403137080E79B
:106F30000022B73B0192072B3FF67BAF01A252F82C
:106F400023F000BF776F0008336E0008336E00082F
:106F5000336E0008656F0008336E0008856F000807
:106F60007D6F00080223ADF8063001A8F9F73AFD5D
:106F7000002323705DE74FF6FE73F4E70223ADF8BC
:106F80000430F2E74FF6FE73F9E700BFC42100209A
:106F90009724002098240020680000203C0F002047
:106FA0005624002099240020F3250020D82000201A
:106FB000B40D0020F62500209A240020552400203E
:106FC00010B500F1500302788A4203D18478C27868
:106FD000944204D304309842F5D1002010BD012022
:106FE000FCE7000038B50A784B789A420C4601D38A
:106FF000002038BD0D4B043040F6330233F9100049
:107000004FF46171FBF7F1FA2278192540F28331D0
:1070100083B212FB05129A42EADA607810FB05107F
:107020009842B4BF00200120E3E700BFC421002044
:10703000F8B50C4E00233360851C00F15204012783
:1070400015F8010C2946FFF7CDFF30B115F8023CC9
:10705000326807FA03F3134333600435A542EFD1D6
:10706000F8BD00BF3C0F002070B50C23084D434312
:10707000EC18666896420AD0E9540649626000231B
:10708000A36001220B78824023EA02030B7070BDDB
:107090000C0F00209624002070B5141E05460E46E5
:1070A000CCBF02200120FFF75BFB731E132B47D8D8
:1070B000DFE813F0140020002800360047004F00DE
:1070C0009800DD0027014B016D01460036003F00AE
:1070D0004F009800DD006B00B200FA002878FA2219
:1070E00000212044FBF781FA28702846BDE8704053
:1070F00000F054BA6878642200212044FBF775FA46
:107100006870F2E7E878002120446422FBF76DFA0A
:10711000B14BE87019682846BDE8704000F072BABB
:107120006879642200212044FBF75FFA0D2E687114
:1071300006D02879642200212044FBF756FA2871F2
:1071400070BDA879FF2200212044FBF74EFAA871F8
:10715000F6E7A24D2B681A78022A31D107EE904A41
:10716000B8EEE77AF2EE047A87EE270AD3ED0A7AD0
:107170009FED9B1ADFED9B0A30EE270AFBF73EFAE4
:107180002B6883ED0A0A0F2EDAD0944D2B681A78FB
:10719000022A1ED107EE904AB8EEE77AF2EE047AA0
:1071A00087EE270AD3ED097A9FED8D1ADFED8D0A60
:1071B00030EE270AFBF722FA2B6883ED090ABFE7B6
:1071C0009878C82200212044FBF70FFA2B689870AA
:1071D000D9E75878C82200212044FBF706FA2B682B
:1071E0005870ADE77D4D2B681A78022A2DD107EE35
:1071F000904A9FED7B1ADFED7B0AF8EEE77A87EE87
:10720000810AD3ED0D7A30EE270AFBF7F7F92B68E8
:1072100083ED0D0A102E93D0704D2B681A78022A38
:107220001CD107EE904A9FED6E1ADFED6E0AF8EE64
:10723000E77A87EE810AD3ED0C7A30EE270AFBF766
:10724000DDF92B6883ED0C0A7AE7587BC822002110
:107250002044FBF7CAF92B685873DBE7187BC82278
:1072600000212044FBF7C1F92B68187368E75B4DD8
:107270002B681A78022A32D107EE904AB8EEE77AE4
:10728000DFED597A9FED561ADFED560A87EE270A91
:10729000D3ED107A30EE270AFBF7B0F92B6883EDB7
:1072A000100A112E3FF44CAF4C4D2B681A78022A6D
:1072B0001ED107EE904AB8EEE77ADFED4B7A9FEDEC
:1072C000481ADFED480A87EE270AD3ED0F7A30EE31
:1072D000270AFBF793F92B6883ED0F0A30E7187E36
:1072E000C82200212044FBF780F92B681876D8E7E4
:1072F000D87DC82200212044FBF777F92B68D87588
:107300001EE7364D2B681A78022A15D107EE904AEF
:10731000B8EEE77AF2EE047A87EE270AD3ED0B7A1D
:107320009FED2F1ADFED2F0A30EE270AFBF766F9E3
:107330002B6883ED0B0A03E7D878C822002120448C
:10734000FBF753F92B68D870FAE6244D2B681A78AE
:10735000022A13D107EE904A9FED211ADFED210A90
:10736000F8EEE77A87EE810AD3ED0E7A30EE270A3F
:10737000FBF744F92B6883ED0E0AE1E6987BC822FF
:1073800000212044FBF731F92B689873D8E6134DA0
:107390002B681A78022A15D107EE904AB8EEE77AE0
:1073A000DFED117A9FED0E1ADFED0E0A87EE270A48
:1073B000D3ED117A30EE270AFBF720F92B6883ED25
:1073C000110ABDE6587EC82200212044FBF70DF9C2
:1073D0002B685876B4E600BF440F0020400F002011
:1073E0000000C8420000000000007A440C2810B5DC
:1073F0000C460CD1FAF784FBA04208D02046FAF7DD
:1074000053FC601CC0B2BDE81040FFF7A9B910BD25
:107410002DE9F04F85B088460290FFF787F80746C0
:1074200002F06EF8354D364E019007F5FA730024E0
:107430004FF0010A03936B68002B3DD093F8009046
:10744000B9F1000F38D0AA68BA1A002A07DB039AEC
:10745000AA6032780AFA04F122EA01023270019A33
:1074600052B328785A780430C0B26ABB254A3178C2
:1074700032F91000B8F80E2002F1C80C60450DDD9D
:107480009A782141CB0717D402984946FFF704FEAA
:1074900033780AFA04F2134333700DE0C83A90428D
:1074A00002DA9A785242ECE70123A34021EA03036F
:1074B000337007F5FA73AB600134042C05F10C0549
:1074C000B9D105B0BDE8F08F012AE1D19A784FF427
:1074D0009663B3FBF2FB0B4B40F6330233F910001B
:1074E0004FF46171FBF781F8A0F56171484691FB9B
:1074F000FBF1C9B2FFF77AFFCAE700BF0C0F00200B
:1075000096240020C421002070B50B4E441C00F1CD
:10751000490514F8010C2146FFF764FD40B1A2783B
:10752000E1782079013A02EB42023244FFF79CFDF8
:107530000634AC42EDD170BDF3590108084B33F964
:107540001000401A00F2F31240F2E6339A4203D8D8
:107550000028B8BF404270474FF4FA70704700BF30
:10756000C421002008B5064B1960064B00211A60A3
:10757000FFF726FD044B80F00100187008BD00BF26
:10758000440F0020400F00206800002002483022F5
:1075900000210CF0DFBD00BF0C0F00200C4970B5BE
:1075A00000226FF0180640F6C414437812FB0265FF
:1075B0006B4303F6C413057853430132072A05FBD6
:1075C00003F393FBF4F321F8023BEED170BD00BF4F
:1075D000522100200A4970B500226FF018061924C4
:1075E000037A12FB02656B4303F6C4135343013263
:1075F000072A93FBF4F321F8023BF1D170BD00BFE1
:10760000442100202DE9F0411D4C00220A264FF4B0
:107610007A758778A2EB070E0FFA8EFEBEF1000F87
:10762000BC462ADDC7F16407FFB290F803800EFB69
:107630000EF308FB03F3C8F1640817FB07F70CEB24
:107640008C0C93FBF7F343440EFB03F393FBF6F32D
:1076500003EB4C031BB22380B1F800C04F880A3201
:10766000A7EB0C0792B27B43782A93FBF5F39C447B
:1076700024F802CBCDD1BDE8F08108BF0127D4E7C3
:107680002C210020F0B50F4B0F4C1B6821780025F2
:107690001E1DCAB2032A03D905B1227000200DE0D5
:1076A00036F831C010EA0C0F01F101074FF0010567
:1076B00005D003EBC1002A4402302270F0BD3946E8
:1076C000E7E700BF780F00209B240020024B002238
:1076D0001A70FFF7D7BF00BF9B240020F0B501460A
:1076E00000F120040022FF258E88730803F0773311
:1076F000B70807F03337F31ADB1BF70807F0113729
:10770000DB1B03EB231303F00F33B3FBF5F7C7EBDE
:10771000072706F00100DB1B0244012BD2B205DD76
:10772000022B0CD150B116F0BC0007D008318C42AE
:10773000DAD1013A012A8CBF00200120F0BD0020DF
:10774000FCE70000084B10B51B680022991C11F9DA
:107750003240844204D00132042AF8D1002010BD06
:1077600003EBC2000230FAE7780F002008B5FFF7FC
:10777000E9FF18B14088003818BF012008BD00009B
:107780002DE9F341DFF864C09DF824700E461146E0
:107790001A469DF8203004464FF00C08002008FBE4
:1077A00000FE0EEB0C051CF90EE0A64504D00130DE
:1077B0000428F4D1002005E028890028FAD124B15A
:1077C000012C0CD002B0BDE8F0810648009709F00A
:1077D000E3FA0028F6D004712E816860F2E70248CF
:1077E0000097F4E70038014000440040480F0020B3
:1077F00008B5074B1860074B074804221A70002190
:1078000030220CF0A7FC044A0123137308BD00BF0B
:10781000780F00209C240020480F0020014B18788E
:10782000704700BF9C24002010B5074900230C229C
:1078300002FB03F40C57844204D00133042BF7D12C
:10784000002010BD0120FCE7480F002000F094BF8D
:1078500010B504462046FEF72CFE00B110BD0A20EC
:10786000FEF7B5FEF6E70000034B1B681B788B4262
:1078700001D109F0E1BC7047780F0020034B1B6871
:10788000DA79511CD9711344187A70477C0F0020A3
:1078900010B5FFF7F3FF0446FFF7F0FF04EB0020FD
:1078A00080B210BD10B5FFF7F3FF0446FFF7F0FFFD
:1078B00004EB004010BD0000064B10B50146044625
:1078C0001868FEF7EDFD044B1B689A7954409C71D3
:1078D00010BD00BF181000207C0F002038B50546F1
:1078E00024200C46FFF7E8FF4D20FFF7E5FF002DB1
:1078F000094D0CBF3E202120FFF7DEFF2B68002240
:1079000020469A71FFF7D8FF2B6893F84900BDE82D
:107910003840FFF7D1BF00BF7C0F00200146002098
:10792000FFF7DCBF10B50446C0B2FFF7C5FF200A61
:10793000BDE81040FFF7C0BF10B5044680B2FFF7A6
:10794000F1FF200CBDE81040FFF7ECBF0021012043
:10795000FFF7C4BF2DE9F04F2DED028B7C28A1B0BD
:1079600000F28580002800F0B98001387B2800F201
:107970008B80DFE810F0A600C5008900FE00110131
:10798000B800D200DF00E400F1008900890089001E
:10799000890089008900890089008900890089009F
:1079A000890089008900890089008900890089008F
:1079B000890089008900890087038900C40489003F
:1079C000CA048900F0048900F5048900FC048900D8
:1079D00089008900890089004B058900CF0389004F
:1079E00085058900D90489005A0280038900A00214
:1079F0008900890053058900610589008900DF0538
:107A0000B205C5058900AB0289001C0589002C055B
:107A1000890089008900890089008900890089001E
:107A2000890089008900890089008900890089000E
:107A30008900890089008900890089008900300156
:107A4000C5018900F8013102890089004402510210
:107A50005F02B102DC02890051048E04F403740356
:107A600089003204890089008900FE050306F02898
:107A700000F026840AD8DD2800F06C85DE2800F0AE
:107A80006F85A02800F02984002027E0FE284FF011
:107A9000000500F00984FF28F6D1BA4BBA4C1888CB
:107AA0002580FAF7B0FE082800F21481DFE810F014
:107AB0001001170119011B011D01200122012401E0
:107AC00026010320FFF72AFF0120FFF7F5FEFF2024
:107AD000FFF7F2FEFF20FFF7EFFE012021B0BDEC23
:107AE000028BBDE8F08F0620FFF718FFA74B1D683B
:107AF0000024285D0134FFF7DFFE062CF9D1ECE706
:107B00000820FFF70BFFA24D002415F8010B0134EC
:107B1000FFF7D2FE082CF8D1DFE70520FFF7FEFEC5
:107B20009C4B1D680024285D0134FFF7C5FE052C21
:107B3000F9D1D2E70120FFF7F1FE4320CBE708207F
:107B4000FFF7ECFE944B1D680024285D0134FFF71D
:107B5000B3FE082CF9D1C0E70B20FFF7DFFE8F4BF7
:107B60001D680024285D0134FFF7A6FE0B2CF9D117
:107B7000B3E71020FFF7D2FE0C20FFF7D3FE884DAD
:107B8000002415F8010B0134FFF796FE0C2CF8D1F8
:107B90000020FFF7C7FEA0E71A20FFF7BFFE7F4BCC
:107BA0001D680024285D0134FFF786FE0B2CF9D1F7
:107BB0007C4B1D680024285D0134FFF77DFE082CF6
:107BC000F9D1794B1D680024285D0134FFF774FE5C
:107BD000072CF9D181E70B20FFF7A0FE694B18882D
:107BE000FFF7A0FE08F068F8FFF79CFE0220FAF706
:107BF0004DFB05460420FAF749FB06460820FAF734
:107C000045FB84002020FAF741FB44EA46042C435C
:107C100024B244EAC0041020FAF738FB24B244EA44
:107C2000001080B2FFF77EFE604B614C1A88614BFA
:107C30001868614B1B78510001F00201C3F3800307
:107C40000B43C2F3400143EA810302F008010B43F6
:107C5000C2F3800143EA0113C2F3801143EA4113E6
:107C600000F4E0711943C2F3001341EA4321C2F367
:107C7000401341EA8321C2F3002341EAC32100F407
:107C80007F230B4300F480110B43C2F3402100F02B
:107C9000007043EA41530343C2F3802243EA826304
:107CA000464A0020167801250246964205D8FFF77D
:107CB00043FE434B93F824050DE714F8011B05FA26
:107CC00001F119421CBF05FA02F108430132ECE749
:107CD000012323800220FFF721FE208859E7022399
:107CE000F7E74023F5E78023F3E74FF48073F0E7ED
:107CF0002023EEE71023ECE70823EAE70423E8E774
:107D00001220FFF70BFE2F4B2F4D1B88B5F90000FB
:107D1000B3F5806F94BF0124082490FBF4F080B287
:107D2000FFF700FEB5F9020090FBF4F080B2FFF718
:107D3000F9FDB5F9040090FBF4F0244C80B2FFF794
:107D4000F1FD2088FFF7EEFD6088FFF7EBFDA088CE
:107D50001F4CFFF7E7FD2088FFF7E4FD6088FFF781
:107D6000E1FDA08815E71020FFF7D8FD194D10247C
:107D700015F8010B013CFFF79FFD14F0FF04F7D14C
:107D8000ABE600BFAC200020602100206C58010849
:107D900065570108705801086858010878580108AB
:107DA0006E570108745801087C580108AE20002065
:107DB000A12400203C0F002056240020A0240020F5
:107DC0003405002072000020EC200020BE2300209B
:107DD000B22300200A210020BC4DBD4E287840006F
:107DE00000F0FE00FFF79AFD00242B78A3427FF6F7
:107DF00074AE36F8020BFFF795FD0134F5E7B54C8C
:107E00000620FFF78BFD2088FFF78CFD6088FFF7C9
:107E100089FDB14B1888BCE60620FFF77FFDFBF714
:107E20003DFAFFF789FDAD4BF4E70420FFF776FD3F
:107E3000002060E20A20FFF771FDA94B4FF6FF72A8
:107E400018880021FAF7D1FB80B2FFF76BFDA54B34
:107E50004FF6FF7218880021FAF7C7FB80B2FFF7D0
:107E600061FDA14B4FF6FF7218880021FAF7BDFBA8
:107E700080B2FFF757FD9D4B4FF6FF721888002127
:107E8000FAF7B3FB80B2FFF74DFD994BD3ED007AC3
:107E9000FDEEE77A652217EE900A0021FAF7A5FBBE
:107EA000C0B2FFF709FD934B042218780021FAF7BE
:107EB0009CFBC0B20FE6904C0220FFF72FFD94F818
:107EC0008801FFF7F9FC94F8870104E60220FFF728
:107ED00025FD894B98895CE6884C0B20FFF71EFD39
:107EE00023681878FFF7E8FC23685878FFF7E4FC6C
:107EF00023681879FFF7E0FC23685879FFF7DCFC6A
:107F000023689879FFF7D8FC2368D879FFF7D4FC69
:107F100023689878FFF7D0FC2368D878FFF7CCFC6B
:107F200023685889FFF7FEFC2368187AD3E5744D5F
:107F30002120FFF7F3FC2B681B78022B4FF0000485
:107F40007AD1DFED708A2B6803EB840393ED090A85
:107F5000B2EE048A20EE080A0AF01EFEFF2200217B
:107F6000FAF743FBC0B2FFF7A7FC2B6803EB8403CF
:107F700093ED0C0A20EE280A0AF00EFEFF220021E3
:107F8000FAF733FBC0B2FFF797FC2B68DFED5E7AA0
:107F900003EB840393ED0F0A20EE270A0AF0FCFDA1
:107FA000FF220021FAF721FB0134C0B2FFF784FC65
:107FB000032CC8D1072C2B682CD193ED120A20EE8C
:107FC000080A0AF0E9FDFF220021FAF70EFBC0B211
:107FD000FFF772FC2B6893ED130A20EE080A0AF0F3
:107FE000DBFDFF220021FAF700FBC0B2FFF764FCC3
:107FF0002B6893F8503000EE103AB8EE400A0AF0C1
:10800000CBFDFF220021FAF7F0FAC0B2FFF754FCD3
:108010000824CFE723445878FFF74EFC2B6823440D
:10802000187BFFF749FC2B6823440134D87DFFF708
:1080300043FC0B2CBED150E52B6823445878FFF746
:108040003BFC2B682344187BFFF736FC2B6823444A
:108050000134D87DFFF730FC0B2CEDD13DE52F200E
:10806000FFF75CFC294C14F8010B00283FF435ADF8
:10807000FFF722FCF7E70120FFF750FC204B1B68BD
:10808000187828E55020FFF749FCDFF87480204E6F
:1080900000250C27D8F8004004EB8504013594F83E
:1080A0007D3007FB0363187AFFF706FC94F87E0027
:1080B000FFF702FC94F87F00FFF7FEFB94F88000C6
:1080C000FFF7FAFB142DE5D107E500BF412500209D
:1080D000C4210020DE200020D8200020500B0020EA
:1080E0007E22002086220020822200208022002082
:1080F00054110020E125002034050020280500202F
:10810000300500200000C84200007A44545A01089B
:10811000845A01084820FFF701FCCF4F00250626AE
:108120003C6806FB0544013594F8D200FFF7C4FB18
:1081300094F8CD00FFF7C0FB94F8CE00FFF7BCFB2E
:1081400094F8CF00FFF7B8FB94F8D000FFF7B4FB2A
:1081500094F8D100FFF7B0FB0C2DE1D1BDE4DFF8BE
:108160000483022700264FF00109DFF8F4A2BB4B7D
:108170001878BB4BAAEB0301884209DC012F3FF4BE
:10818000ACACF0B2FFF7CAFB01274FF00009ECE7F7
:108190001AF8015B00200C2303FB00F404EB080B2E
:1081A00018F80440AC4203D001301C28F3D1DEE7BC
:1081B000DBF80400F8F7A4F80546B9F1000F0AD07F
:1081C0000644D4E7DBF80400005DFFF775FB0134DB
:1081D000A542F7DCCBE74C46FAE7A04DA04E287845
:1081E000A04FFFF79BFB00244FF00C082B78A34215
:1081F0007FF673AC16F8010B002308FB03F2D119CC
:10820000BA5C824204D001331C2BF6D10134EDE775
:10821000087AFFF751FBF9E7934C1620FFF77EFB36
:10822000B4F83E01FFF77EFBB4F8D000FFF77AFB0D
:10823000B4F8D200FFF776FBB4F8D400FFF772FB76
:10824000B4F88001FFF76EFB0020FFF735FB00203C
:10825000FFF732FB0020FFF72FFB94F83A01FFF7FE
:108260002BFB0020FFF728FB7B4B1B68B3F95A0060
:108270000A2390FBF3F080B2FFF754FB94F8290136
:10828000FFF71AFB94F82801FFF716FB94F82A0170
:1082900021E40820FFF742FB0124E0B20134FFF79C
:1082A0000BFB092CF9D118E40820FFF737FB6F4EC0
:1082B00036F8020B0135FFF735FB042DF8D10CE43D
:1082C000654C0420FFF72AFB2368B3F85E00FFF734
:1082D00029FB2368B3F85C005BE4654C0C20FFF7D6
:1082E0001DFBD4F8AC07FFF727FBD4F8B007FFF766
:1082F00023FBD4F8B407FFF71FFBFFF7EEBB042006
:10830000FFF70CFBF9F79EFFF5E70620FFF706FBEA
:10831000554CB4F8E800FFF705FBB4F8EA00FFF7A6
:1083200001FBB4F8EC0034E40520FFF7F7FA514BF9
:108330004D4C18886423B0FBF3F0C0B2FFF7BCFAD1
:1083400094F82901FFF7B8FA94F82A01FFF7B4FA74
:10835000B4F82E011DE40720FFF7E0FAFFF7BDBBDC
:108360000120FFF7DBFA404B5879FFF7B4BB3E4CD6
:108370000C20FFF7D3FA94F83801FFF79DFAB4F810
:108380004201FFF7CFFAB4F83E01FFF7CBFAB4F899
:108390004001FFF7C7FA94F83901FFF78DFAB4F8F6
:1083A0004401FFF7BFFAB4F84601FFF7F2BB2E4CC9
:1083B0000420FFF7B3FA94F87E01FFF77DFA94F8F2
:1083C0007F01FFF779FAB4F88001FFF7E2BB2A4E8C
:1083D000254C307800EB4000C0B2FFF79FFA002533
:1083E0003378AB4204F102047FF677AB94F8460190
:1083F000FFF762FA94F8470100EB800000EB800081
:1084000000F2EE20FFF78EFA0135E9E70120FFF7D1
:1084100085FA154B93F83A01FFF75DBB0820FFF78B
:108420007DFA164D002415F8010F0134FFF744FAC8
:10843000082CF8D1FFF751BB0B4C1020FFF76EFA58
:108440006079FFF739FAF9F7FDFEFFF775FA94F84E
:108450003801FFF731FA5CE730050020A024002046
:10846000A1240020845A0108340500203C24002067
:1084700000F0FF1F94220020412500206306002009
:10848000FFF7CCF9C0EBC000C0B2FFF747FA404C91
:10849000002594F99201FFF7C7F9B8B194F8920159
:1084A000FFF70AFAB4F89401FFF73CFA94F8960142
:1084B000FFF702FA94F89701FFF7FEF994F8990193
:1084C000FFF7FAF994F89801FFF7F6F90135042D52
:1084D00004F10804DDD1FFF700BB0D20FFF71EFA01
:1084E00000F0E7FD044600F0DDFDFFF7E5F9208828
:1084F000FFF722FAE068FFF71FFA00F0DDFDFAE669
:10850000FFF7D0F904468420FFF708FA2046FFF76A
:1085100013FA20468022694600F0AAFE6C46064601
:108520000025AE427FF7D9AA14F8010BFFF7C4F972
:108530000135F6E71320FFF7F1F9164B1D6800240B
:10854000285D0134FFF7B8F90B2CF9D10020FFF7B3
:10855000F3F96DE4FFF79CF90F4B1880FFF7BDBAF4
:10856000FFF7A0F90D4C2060FFF79CF96060FFF762
:10857000B4BA0220FFF7D2F9094B4BE40320FFF70E
:10858000CDF9084B1878FFF7CDF9074B78E500BF18
:1085900034050020785801080C240020681A0020B7
:1085A00028000020F7250020A20000202DE9F34735
:1085B0000120FFF78BF81B4EDFF86C80002460B1C0
:1085C0004C2308E003FB04F906EB090797F84A502F
:1085D00035B10134E4B2022CF4D102B0BDE8F08729
:1085E000037990F9000001950322009258F8233096
:1085F0002A460121FFF7C4F8824678B1634203F0AE
:108600004C030433F018482229460BF0A3FD012344
:108610001C4446F809A087F84A30E4B20120FFF76D
:1086200031F8CCE7800F0020305A0108F8B51A2243
:108630000646FF214648474C0BF08CFD444A012773
:10864000002302202770551E02F8013CF9F71EFE98
:1086500038B123789A1CEF543B44DBB222700222DB
:10866000EA540420F9F712FE20B123785A1C227034
:108670000322EA540220F9F709FE002861D023788A
:108680000422EA545A1CD2B20521A954DA1C02333E
:10869000DBB222700622EA542020F9F73DFB20B11C
:1086A00023785A1C22700722EA542B4F7B79082B1F
:1086B00001D00E2B04D123785A1C22700B22EA54CD
:1086C00023785A1C227004200C22EA54F9F724FB68
:1086D00020B123785A1C22701022EA5423785A1CA5
:1086E00022704FF480601222EA54F9F715FB38B17A
:1086F00097F8B43123B123785A1C22701322EA541C
:108700004FF40070F9F708FB20B123785A1C22704F
:108710001522EA544FF48070F9F7FEFA20B123785D
:108720005A1C22701A22EA540C4C9822002120462E
:108730000BF010FD3046FFF739FF094B22681A6035
:10874000F8BD0820F9F7A2FD002898D1A4E700BFE2
:10875000A2240020A024002034050020800F002047
:1087600018100020024B02681860024B1A60704714
:108770007C0F0020181000202DE9F04FCA4DDFF8C3
:1087800034838BB0002795F84A30012B40F0698282
:108790002846FFF7E7FFC54CC54E2068FDF783FE6E
:1087A000002800F052822068FDF780FE336893F8BD
:1087B00048200146052A13D8DFE802F0050B2A2FCE
:1087C0003A411327DFE724294BD1012283F84820BF
:1087D00006E0A1F14D0041424141490083F84810B3
:1087E000336893F84820062AD7D193F84900FFF759
:1087F000B1F8002840F02182D6F8009099F849306D
:108800004E2B00F29580222B33D8FFF79FF814E20D
:108810003C2914BF00220322D8E740294FF0000270
:108820009FBF1A71DA715971997198BF0422CDE70F
:108830009A7983F849104A409A710522C6E71A7955
:1088400093F805C09879944506D948409871501C12
:108850001A4418711172C3E781420CBF062200222C
:10886000B4E798F800305A07BAD42068FEF7FCFF46
:10887000B6E7233B2B2BC8D801A252F823F000BF48
:10888000058C00080B8800088D8E00080B880008F6
:108890009B8E00080B880008DD8E00080B880008FE
:1088A0000B8800080B880008E98E00080B88000878
:1088B0000B8800080B8800080B8800080B8800084C
:1088C0009B8F00080B880008A78C00080B88000805
:1088D000DD8F00080B880008B78E00080B880008A1
:1088E0000B880008D38A00080B880008938A0008C8
:1088F0000B8800080B880008A78F00080B88000869
:10890000BD8F0008499000080B8800080B880008FC
:108910000B880008878E00080B880008C98A0008A9
:108920000B8800082F8F00080B8800084B8F000869
:10893000F22B5FD8C72B7FF668AFC83B2A2B3FF6D8
:1089400064AF01A252F823F04B8A00080B8800089C
:10895000EB8A00080B880008F38C00085D8E000885
:10896000718E00087F8D00084D8E00080B8800086E
:108970001D8A0008418A0008358C00080B88000811
:10898000E18D00080B8800080B880008F78D0008AF
:10899000118E00080B8800080B8800080B8800085F
:1089A0000B8800080B8800080B8800080B8800085B
:1089B0000B8800080B8800080B8800080B8800084B
:1089C0000B8800080B8800080B8800080B8800083B
:1089D0000B8800080B8800080B8800080B8800082B
:1089E0000B8800087B8A00080B8800080B880008A9
:1089F000358C0008FA2B7FF408AF2E4B1B785B07F1
:108A00003FF503AFF9F702F9F9F7B0FB2A4B1B78F2
:108A1000002B00F00F81F9F75DFD0BE1254B1B7872
:108A20005B0700F10781FEF729FF244B032828BFCD
:108A3000002083F82405F9F7E9F8F9F797FBF9E046
:108A4000FEF726FF1E4B1880F4E099F80540252C10
:108A500000F2EE8064080DF1040A4FF00009A14510
:108A600004D3214601A800F0AFFFE3E0FEF710FFBA
:108A700009F101092AF8020BF1E7124CFEF708FF91
:108A80002368A3F85E00FEF703FF2368A3F85C00E9
:108A9000D0E0FEF7F3FE094C84F88801FEF7EEFE05
:108AA00084F88701C6E000BF800F00201810002066
:108AB0007C0F0020562400209E2400203405002036
:108AC000AA20002030050020FEF7E2FED24B98815C
:108AD000B0E0D24CD4F80090FEF7D0FE89F8000048
:108AE00023681878FCF7C0F8A4E0DFF83093D9F8D1
:108AF00000301B78022B4FF000046AD1DFEDC85A1A
:108B00009FEDC86AF2EE047AFEF7B8FE07EE100A8F
:108B1000B8EE477AD9F80030C7EE276A03EB840332
:108B2000C3ED096AFEF7AAFE07EE100AB8EE477A0F
:108B3000D9F80030C7EE256A03EB8403C3ED0C6A55
:108B4000FEF79CFE07EE100AB8EE477AD9F800301F
:108B5000C7EE066A03EB84030134032CC3ED0F6AEE
:108B6000D2D1072C1CD1FEF789FE07EE100AB8EE11
:108B7000477AD9F80030C7EE276AC3ED126AFEF7CC
:108B80007DFE07EE100AB8EE477AD9F80040C7EE2E
:108B9000276AC4ED136AFEF771FE84F850000824BA
:108BA000D9F800A0FEF76AFEA2448AF80100D9F8BD
:108BB00000A0FEF763FEA2448AF80C00D9F800A0DA
:108BC000FEF75CFEA24401340B2C8AF81700C8D1D2
:108BD00030E0D9F800A0FEF751FEA2448AF8010067
:108BE000D9F800A0FEF74AFEA2448AF80C00D9F892
:108BF00000A0FEF743FEA24401340B2C8AF81700B4
:108C0000E7D117E0FEF73AFE1328824610D8834CCE
:108C1000D4F80090FEF732FE834A0023114692F802
:108C200008C0844525D001331C2B02F10C02F6D17B
:108C3000FEF78CFE0020FEF771FE33689879FEF790
:108C40003BFE3368002283F84820784B1B7843B101
:108C50002868FEF7FDFDFDF7D7FAF9F739F808F0B7
:108C6000E3FA132F05F14C057FF4ABAD0BB0BDE873
:108C7000F08F0C22534309EB8A09CB5C89F87D30D5
:108C8000FEF7FCFD89F87E00FEF7F8FD89F87F000D
:108C9000FEF7F4FD226889F88000654902F17D0045
:108CA000FEF760FCC6E7FEF7E9FD0B280446BFD8D7
:108CB0005A4BD3F80090FEF7E1FD0328B8D80623FD
:108CC00003FB049484F8D200FEF7D8FD84F8CD00AD
:108CD000FEF7D4FD84F8CE00FEF7D0FD84F8CF0077
:108CE000FEF7CCFD84F8D000FEF7C8FD84F8D10073
:108CF000A0E799F80530092B9AD94E4CD4F800A07A
:108D0000FEF7BCFD8AF80000D4F800A0FEF7B6FD1F
:108D10008AF80100FEF7B2FD23686428A8BF64202A
:108D20001871FEF7ABFD23686428A8BF6420587152
:108D3000FEF7A4FD23689871FEF7A0FDD4F800A00B
:108D4000642828BF64208AF80700FEF797FD8AF898
:108D50000200D4F800A0FEF791FD8AF80300D4F8D1
:108D600000A0FEF795FDAAF80A0099F805300A2B35
:108D70007FF660AF2468FEF781FD20725AE7FEF7A8
:108D800087FD6FF4AF6403199BB2234CC62B98BFC9
:108D9000A4F83E01FEF77CFDA4F8D000FEF778FDB4
:108DA000A4F8D200FEF774FDA4F8D400FEF770FD1D
:108DB000A4F88001FEF762FDFEF760FDFEF75EFDA0
:108DC000FEF75CFD84F83A01FEF758FDFEF760FD02
:108DD000124B00EB80001B684000A3F85A0029E703
:108DE000DFF864900024FEF753FD0134082C29F8C5
:108DF000020BF8D11EE7104B1B78002B7FF41AAF43
:108E0000FEF746FD0D4B18700D4B01221A7011E74D
:108E1000FEF73EFD0B4B16E6340500203005002022
:108E20000000C84200007A44845A01089F240020B0
:108E30000406002028050020F6250020F725002044
:108E4000A200002028000020F2200020814B1B7887
:108E500058073FF5EFAEF8F771FFEEE57D4B1B7855
:108E600059073FF5E7AE4FF47A7001F0E1F9E1E61A
:108E7000784B1B785A073FF5DDAE774A137843F0FD
:108E800004031370D6E600F001F9D3E6F9F7D4F93C
:108E9000FEF708FDF8F74AFFCCE6FEF7F9FC6F4C49
:108EA000A4F8E800FEF7F4FCA4F8EA00FEF7F0FCF2
:108EB000A4F8EC00BEE6FEF7E1FC684C84F828015B
:108EC000FEF7DCFC84F82A01FEF7D8FC84F82901BF
:108ED000FEF7DEFC624BA4F82E0196E7FEF7CEFC0F
:108EE0005E4B83F82B01A5E6FEF7C8FC5B4C84F8CB
:108EF0003801FEF7CDFCA4F84201FEF7C9FCA4F846
:108F00003E01FEF7C5FCA4F84001FEF7B7FC84F86B
:108F1000390199F80530082B7FF68CAEFEF7B8FCC6
:108F2000A4F84401FEF7B4FCA4F8460182E6FEF77B
:108F3000A5FC4A4C84F87E01FEF7A0FC84F87F0172
:108F4000FEF7A6FCA4F8800174E699F80540382CD9
:108F50003FF66EAEDFF804914FF0000A4FF0190BA8
:108F60000323B4FBF3F4A24509F10209BFF462AE96
:108F7000FEF784FC89F84601FEF78AFC40F6CA0237
:108F800040F2EE21F9F731FB0AF1010AA0F2EE20DE
:108F900090FBFBF089F84701E5E7FEF76FFC2F4BEC
:108FA00083F83A0146E6DFF8C4900024FEF766FC39
:108FB0000134082C09F8010FF8D13BE6FEF75EFCFE
:108FC000F9F73AF9FEF76EFCF8F7B0FEFEF756FC3B
:108FD000224C84F83801FEF75BFC61E799F8053014
:108FE0000722B3FBF2F2C2EBC2015B1ADBB2002B29
:108FF0007FF41EAE5FFA82F909F1FF325FFA82F95F
:10900000B9F1FF0F3FF416AEFEF738FC44B220462C
:10901000FEF798FB824600283FF40AAE0470FEF784
:1090200037FCAAF80200FEF729FC8AF80400FEF7D4
:1090300025FC8AF80500FEF721FC8AF80700FEF7F8
:109040001DFC8AF80600D7E7064B4FF480421A85CC
:10905000054BDAE656240020552400203405002074
:109060009E240020000800489F2400206306002062
:109070007047704770470000024A00231370024A8D
:1090800013707047BD240020BC24002008B507F0F1
:10909000B1FAFFF7F1FF024B00221A6008BD00BFD2
:1090A0001C10002007F000BA08B507F01DFBC068CF
:1090B00008BD07F019BB0000074B1878074B1B7859
:1090C000984296BF181AC0F1800000231844044B40
:1090D0001B681844704700BFBC240020BD2400203A
:1090E0001C1000207FB5FFF7DFFF0026C40AA64250
:1090F00002DBE00204B070BD351905EBD5756D10CB
:1091000010226946E80207F0BFFA0F28F1DD6A462F
:10911000002352F8041B013104D10133042BF8D190
:109120002C46E4E76E1C2546FAE7000008B5FFF779
:10913000BBFF034B1B68834234BF0020012008BDE6
:109140001C1000202DE9F04F85B01C4601EB820376
:109150000093019089460B464FF0000A53F8042B08
:109160009244009A9342F9D1002C52D107F09CF915
:1091700000284ED1204605B0BDE8F08FDBF8000096
:1091800007F04AFA019EC8462B46424658F8041B8F
:10919000002938D09942306828D3194603920293A7
:1091A00007F062FA3168029B039A19443160116832
:1091B000C91A116007F060FADBF800302B447F1BFE
:1091C000CBF800307CB177B19BF80050EB19B3F5C8
:1091D000807F8CBFC5F580753D46FFF7A7FF00284F
:1091E000CCD0FFF749FFAAEB0700C4E7029307F0D2
:1091F0003BFA58F8041C3268029B0A443260002291
:109200005B1A48F8042C009A904506F10406BCD17C
:10921000D0E7DFF808B05746D5E700BF1C100020A4
:109220001FB5104B104A1B781278934216D00F4985
:1092300003EB010096BFD31AC3F180030022CDE9EE
:109240000001CDE9023202A9012302226846FFF79C
:1092500079FF05B05DF804EBFFF70EBF05B05DF8D0
:1092600004FB00BFBC240020BD240020BE2400203D
:10927000F8B5871805460E461446FFF715FF8742D6
:1092800002D9FFF711FF441BFFF7CAFF2246314600
:109290002846BDE8F84007F0F7B9000010B5FFF721
:1092A00003FF30B1FFF71EFF0446FFF7B9FF014B84
:1092B0001C6010BD1C1000200020704710B5124C1F
:1092C000226802EB4003197E29B1022911D00F4B0D
:1092D00033F810000CE0022809D90328F7D14FF425
:1092E0008050F8F719FD60B12368D88900E0D08973
:1092F00010BD587E00EB800000EB800000F2EE20F5
:10930000F6E74FF49660F3E720100020C421002018
:10931000014B1860704700BF20100020031D4FF460
:109320007A7114304FF4FA6223F8041C23F8022CEB
:1093300004338342F8D1704708B5037A062B0ED860
:10934000DFE803F0041418212A3333001B4B45F2E5
:10935000F0521A801A491B4A00F0E2FD28B9082091
:10936000F8F7ACFE174B184A1A6008BD134B42F6CB
:10937000F822EEE7114B124942F6F8221A80114A00
:1093800000F08EFBEAE70D4B0D4942F6F8221A80F9
:109390000C4A00F0B1FCE1E7084B094942F6F8221B
:1093A0001A80084A00F030FDD8E7044B044942F621
:1093B000F8221A80034A00F07FFECFE7C221002086
:1093C000412500206C000020B99200082DE9F843E7
:1093D000394BDFF8F8801860384BDFF8F490002242
:1093E00004460F461A70F8264546022E97BF238A78
:1093F000E38964339BB228F8023BFDF797F8013606
:10940000F6B200F516700A2E49F8040BEDD14FF4B0
:109410008050F8F781FC00283DD0E389EB80394685
:1094200007F150000B7883B98A78CB789A420CD236
:109430009AB3013A02EB820202EB820202F56172F8
:1094400093B24A78043225F8123004318142E9D1CE
:109450000820F8F761FC10B12046FFF76DFF4FF4CC
:109460008040F8F759FC20B1154A1649204600F013
:10947000CFFA0120F8F750FCB8B1134B104911484E
:1094800044F620621A8000F07FFA0E4A1378043BFB
:109490005370BDE8F883A38AC0E7013303EB83036D
:1094A00003EB830303F56173CBE74FF40050F8F748
:1094B00033FC0028E1D1E8E72010002040250020FF
:1094C0006C00002041250020C2210020C421002082
:1094D00024100020037A062B0FD8DFE803F00404E1
:1094E00006080A0C0C0000F05BBD00F009BB00F0A0
:1094F00023BC00F0A9BC00F091BE00207047000022
:10950000014B1878704700BF46250020014B1878A2
:10951000704700BF4525002008B5FCF7EDFF074B5D
:1095200000F5B71000F558701860054B0548022289
:109530001A70BDE80840FAF76BB800BF6C10002045
:109540004325002060E3160008B5FCF7D5FF044B67
:109550001860044B02221A70BDE80840FAF764B89C
:109560006C1000204325002038B5374D2B78044679
:1095700043B1364B1B68C31A002BA1BF344A0023EA
:109580002B70137042F20100F8F7C6FB08B9314B9B
:1095900018700820F8F7C0FB98B12F4B1868FFF738
:1095A00099FFC3070DD52B4B01221A702B4BC0F32B
:1095B00040001870504004F5C333244A2870A0338B
:1095C00013604FF48040F8F7A7FB90B100F018FA51
:1095D000204B187050B101232B70204B00221A70C1
:1095E0001A4A04F5F42303F5907313601C4B2A7890
:1095F0001A700120F8F790FB90B107F0A7FA144D0C
:1096000058B101232B70174B00221A700F4A04F532
:10961000C333A033136007F0A5FA114B2A781A70F0
:109620004FF40050F8F778FB68B107F0ABFA50B18F
:10963000074B01221A700B4B00221A7004F5C33439
:10964000024BA0341C6038BD46250020701000205D
:109650004525002047250020201000207100002013
:109660005424002070000020044A0346107820B9DA
:10967000034A12689B1AD843C00F70474725002041
:10968000741000202DE9F04F774A00F59C432033F9
:1096900085B01360754B1C78002C71D0744A126829
:1096A000824201D2013C1C7005B0BDE8F08F072D4D
:1096B0009CBF3368595D6F4B88BF29461B68404685
:1096C0009847032D034617D8B0B1336803EB8503E1
:1096D000DA8F998F4FF4FA6300934FF47A73F8F7A7
:1096E000F5FF40F2EE239842B8BF184640F6CA0391
:1096F0009842A8BF184683B25F4A22F81530013459
:1097000098F80030E5B2AB42D1D842F20100F8F748
:1097100003FB80F00106FCF709FFF6B2574B8246C7
:1097200036B9574A12781A70564A1178564A11704B
:109730001D781DB1544B1D7885F00105534BDFF8A2
:109740006C91534FDFF868B10F221A70494600241C
:1097500098F800309C4217DB4C4B1B780F2B4D4B7D
:109760000CBF012200221A706BD14B4B1B685B01AE
:1097700067D4F9F765FF494A13780133137093E70B
:10978000DFF83081464EBBE7002D40D03A4B33F92D
:10979000143098B2424B1B689A8A824239D8DB8ACD
:1097A000834236D30AF51673CBF8003003B23EBBC2
:1097B0003A4A10780322B0FBF2F202EB420204EBC9
:1097C000440E821A5EFA82F2DFF8C4E02EF81230FC
:1097D000344A92F800E04FEA440CBEF1000F03D186
:1097E00002280DD9012313703A887B881344BA8864
:1097F00013442D4A1BB222F80C30032293FBF2F3E0
:1098000021F8023B013406370BF1040BA0E72B468D
:10981000BFE7DBF800309A4501D20888C6E7E0B21E
:109820000391FFF74BFD032C0399BFDCDFF85CC00D
:1098300001229CF80030A24023EA02038CF8003099
:10984000B4E7104A012313700F4A1370F9F708FFA9
:10985000002498F800309C428DDAE0B2FFF72EFD2C
:10986000013429F8020BF4E774100020432500208E
:109870006C1000206C000020E8210020462500200C
:109880004525002070000020710000203F250020A9
:109890007A210020442500203C0F00204025002094
:1098A000201000203E25002062210020C42100203D
:1098B00024100020412500202DE9F843DFF83080F6
:1098C00004460F46054608F108092E4615F8011B07
:1098D00009B9BDE8F88306480AF08AFC0028F4D0EC
:1098E00048453EBFA0EB0803361BFE54EDE700BF22
:1098F000D45B010808B5134B13491A68937A013BEE
:1099000031F91300137B1BB1C0F53B60083000B286
:109910004FF47A720021A0F57A70F8F766FE07EE30
:10992000100ADFED0A6A0A4BB8EEC77AC7EE267A4C
:109930009FED087A67EE877AFCEEE77A17EE902AB9
:109940001A8008BD20100020C421002000007A44A5
:109950000C22002000C07F44044B1B689B7A0BB193
:10996000FFF7C8BF4FF40040F8F7D6B92010002029
:10997000014B1B8803807047C2210020084607F076
:109980006FB9084607F072B938B505464FF4005074
:109990000C46F8F7C1F918B108232B70054B23606A
:1099A0000120F8F7B9F918B10C232B70024B236092
:1099B00038BD00BF839900087D990008014B33F83A
:1099C000110070470E2200200B4A30B500231446C8
:1099D0008B4206DB0023122909D1084B01221A70A1
:1099E00030BD30F8135022F8025B0133F0E724F861
:1099F00011300131EFE700BF0E2200204825002082
:109A0000024B187808B100221A70704748250020D0
:109A100012230B700AB1014B13607047BD99000807
:109A2000094BDFED0A7A03EB810393ED007AB8EE80
:109A3000477AF6EE046AE7EE267AFCEEE77A17EE4E
:109A4000903A98B2704700BF7C10002000005C4440
:109A500038B50446FCF750FD0D490E4D0B6840F635
:109A6000AC52C31A93420C4AC4BF0023137013783C
:109A7000EC5413B90F2C09D108600133DBB2137019
:109A8000192B064B0CBF012200221A7038BD00BFF3
:109A9000781000204A250020492500206325002059
:109AA000C38913B5124C0A201B01B3FBF0F300204D
:109AB000A3F5B0630130122844F8043BFAD10AB18F
:109AC0000C4B136012230B704020FDF7FFFD68B1B3
:109AD0000123072290F900004021CDE90032064B16
:109AE000064AFDF74DFE003818BF012002B010BD38
:109AF0007C100020219A0008A0860100519A0008DD
:109B00004A4B187810B5002800F08F8000221A7098
:109B1000474B484A9C78597804F0070041EA0021F5
:109B2000D878116000F03F01490141EAD401516049
:109B30001979890041EA9011587900F0010441EA4D
:109B400084219C79916004F00F01C90141EA500120
:109B5000D879D16000F07F01090141EA1411116147
:109B6000197A5C7A490041EAD01104F0030041EA15
:109B70004021987A516100F01F01890141EA940166
:109B80009161D97A5C7BC90041EA5011D161197B9E
:109B900004F0070041EA0021987B116200F03F01C8
:109BA000490141EAD4015162D97B890041EA90110F
:109BB000187C00F0010441EA84215C7C916204F08D
:109BC0000F01C90141EA5001987CD16200F07F0188
:109BD000090141EA14111163D97C1C7D490041EA55
:109BE000D01104F0030041EA4021587D516300F098
:109BF0001F01890141EA94019163997DC90041EAFD
:109C00005011D163D97D40F2147311F0010F0CBFD4
:109C1000AD20184611F0020F08BFAD2311F0080F58
:109C20001064536414BF0320012010BD632500207D
:109C30004A2500207C100020024B33F81100C00898
:109C4000704700BF3422002010B50446FCF754FCD6
:109C50002349244A0B680860C31AB3F57A6F84BF9E
:109C600000231370137843B9A82C2FD11E490B7011
:109C70001E490B801E49CC5406E0022B02D11D491F
:109C80000C70F7E7242BF5D91A4909780133DBB2B8
:109C90000231B3EB410F13704FEA410017DA134959
:109CA000088880EA042080B2082341F2210402B22D
:109CB000002AB4BF84EA4202400003F1FF33B4BF7C
:109CC00090B280B213F0FF03F1D1088010BD411CA7
:109CD0008B42FBD100231370034B01221A70F5E76E
:109CE000C4100020642500208B2500203222002093
:109CF000662500206525002007B50AB10C4B1360CE
:109D000010230B704020FDF7E1FC70B1012300220D
:109D100090F900004021CDE90032064A4FF4E133CA
:109D2000FDF72EFD003818BF012003B05DF804FBDD
:109D3000399C0008499C0008174B1A7870B59AB1F5
:109D4000164817490488174800221A700B7800EB50
:109D50004302D578127942EA0522944204D1407830
:109D6000012804D0812801D0002070BD0320102BD1
:109D700088BF10230B4A0C4D88BF0B700021CCB25A
:109D8000A34202F10202F0D95678947844EA0624FC
:109D900025F8024B0131F2E78B250020322200200A
:109DA00065250020662500203422002007299ABF5F
:109DB000024B33F821000020704700BFCC10002078
:109DC00010B50446FCF798FB0B4A0C491368106069
:109DD000C31A41F288329342094A84BF00231370A8
:109DE0001378142BCC540BBF064B01330122137094
:109DF00008BF1A7010BD00BFC81000208D250020BC
:109E00008C250020A225002007B50AB10C4B136059
:109E100008230B704020FDF759FC70B1012300228C
:109E200090F900004021CDE90032064A4FF4E133B9
:109E3000FDF7A6FC003818BF012003B05DF804FB55
:109E4000AD9D0008C19D0008144B1A7810B51AB3D7
:109E500000221A70124B1A78A82A1DD1DA7CDAB9BE
:109E600010489FED116ADFED116ADC78197901EB7A
:109E7000042107EE901AB8EEE77A0132C7EE067AAF
:109E8000082A03F1020377EEE67AFCEEE77AE0ECCB
:109E9000017AEAD1012010BD0020FCE7A2250020B4
:109EA0008D250020CC100020CDCCCC400080BB43C1
:109EB00010B50446FCF720FB0B4A0C4913681060F0
:109EC000C31A41F288329342094A84BF00231370B7
:109ED0001378E4B20F2BCC540BBF064B0133012295
:109EE000137008BF1A7010BDEC100020A4250020CC
:109EF000A3250020B525002003788B420AD9064B04
:109F000053F82100054B1B7803B1400800F577702A
:109F100080B2704700207047F0100020B425002068
:109F200013B5194B1960037A1BB3012B09D11748DC
:109F300003240470164807240470164803700C2389
:109F40000B700AB1144B13604020FDF7BFFB70B1DA
:109F50000123002290F900004021CDE900320F4A90
:109F60004FF4E133FDF70CFC003818BF012002B0BC
:109F700010BD0648022404700548032404700548F7
:109F800003700723DCE700BF20110020B725002065
:109F9000B6250020B4250020F99E0008B19E0008D7
:109FA000134B1878F0B508B300221A70114B124900
:109FB0001E78124B124C1B681F78124B93F800C08E
:109FC00002228B5C334103F00F039F420AD90B2B13
:109FD00008D8501C8D5C085C05EA0C0500EB0520D8
:109FE00044F823000232102AEBD10120F0BD00BF5B
:109FF000B5250020B7250020A42500202011002031
:10A00000F0100020B625002003788B4286BF024B5B
:10A0100033F811000020704754220020002222490A
:10A0200070B5134641F2210684180C5D83EA0423BF
:10A0300008241DB2002DB4BF86EA45055B0004F17B
:10A04000FF34B4BFABB29BB214F0FF04F1D10132C4
:10A05000192AE9D100F119028C5C00F11A028A5C1C
:10A0600002EB042292B29A420CD1104B104C1A7897
:10A0700000EB4202D2B24FF4AF65904203D10D4BD8
:10A0800001221A7070BD431CDBB20230CE5C01337A
:10A09000C0B2CB5C03EB06239BB26B431B1303F5EF
:10A0A000487324F8023BE8E7B8250020DA250020B1
:10A0B00054220020DE25002073B5007A05281CD02C
:10A0C000062817D1164C21250C23164E0B700021A3
:10A0D0003170154E3170154E317015490D7015499E
:10A0E0000B70154B18700AB1144B13604020FDF72C
:10A0F000EDFA30B9002002B070BD1B254FF4E134F9
:10A10000E2E70123002290F900004021CDE900326E
:10A110000B4A2346FDF734FB003818BF0120EAE75D
:10A1200090D00300DE250020DD250020DC25002066
:10A13000DB250020DA250020D925002009A0000811
:10A140006DA1000802460823084682EA000141F397
:10A15000000121F07301013B81EA500113F0FF037C
:10A16000C8B24FEA5202F0D1704700002DE9F04129
:10A170000446FCF7C1F9234A234D1368234E1060AF
:10A18000C31AB3F5FA5F82BF00232B7033702B78AC
:10A1900053B9A12C08D1012232701D4AE4B2D45423
:10A1A0000133DBB22B7002E03278002AF5D1194A74
:10A1B00014789C4208D1184B1B78052B06D0062B2F
:10A1C00007D0002333702B70BDE8F0810020FFF72B
:10A1D00025FFDFF83C8098F801301E2BF1D10027D5
:10A1E0003846013CA74207DB18F804309842E8D112
:10A1F0000320FFF713FFE4E718F80710FFF7A2FFAB
:10A200000137EFE724110020DC250020DD250020A8
:10A21000B8250020DB250020D9250020034B187825
:10A2200010B100221A700120704700BFDE25002007
:10A23000014B1880704700BF76220020024B18881F
:10A24000B0FA80F040097047762200200023038096
:10A2500043807047214BDFF898C01968204B2DE9E7
:10A26000F041204C8D1E01F104081E460022278873
:10A27000BCF900E02CF8022BB7F57A7F08BF1A6012
:10A280001F68774443F8047B25F8022F4545EED13B
:10A290002388012B1DD133684FF47A7503F5FA73C7
:10A2A00093FBF5F30B80736803F5FA7393FBF5F3F7
:10A2B0004B80B36803F5FA7393FBF5F30A4D2D88D1
:10A2C0005B1B8B8002804280F7F79CFF074B642268
:10A2D0001A602388013B2380BDE8F08144110020EF
:10A2E000341100207622002072000020B00D0020E2
:10A2F000782200202DE9F041354D2B88322B044681
:10A3000043D1344B1A68344B118819805188928894
:10A3100059809A80314B02881A8042885A80DFF82F
:10A32000B4802F49D8F800202E4E901E02F1040C64
:10A3300000232F88322F08BF0B60B6F900700A681F
:10A3400026F8023B174441F8047B20F8023F6045A1
:10A35000EFD12A88012A14D123490B70234B0C20FA
:10A360001A70FCF7F7F91C4AD8F8003011881980E8
:10A370005188928859809A80184B1A885B8822806D
:10A3800063802B88013B2B8001E0002BC7D1184B49
:10A390001A78D2B100221A700E4B1968104B322075
:10A3A0001D6895FBF0F50D805D689B6895FBF0F5E9
:10A3B00093FBF0F30F484D8000881B1A8B8022809E
:10A3C0006280BDE8F041F7F71DBFBDE8F08100BF36
:10A3D000A420002044110020702200206C220020C4
:10A3E0002811002078220020482400204A24002040
:10A3F0004924002072000020064B01881A88521A56
:10A400001A8041885A88521A5A8081889A88521A2A
:10A410009A80704778220020104B10B55B68044684
:10A420000F489847C0B10F4B0D491A78084600F005
:10A43000CDFB0D4B1B8813B12046FFF70BFF04200B
:10A44000F7F76AFC10B12046FFF754FF074BBDE851
:10A4500010401868FFF7D0BF10BD00BF48110020A2
:10A4600078220020DF2500207622002044110020E1
:10A47000014B1860704700BF44110020014B186069
:10A48000704700BF40110020F8B5284D2E78012EEE
:10A49000044616D0022E38D06EBB254A13781228F7
:10A4A00043F00103137026D8224B1B781BB3012302
:10A4B00003202B70F7F7FCFE0820BDE8F840FCF7FE
:10A4C00049B91B4A1378082823F00203137009D8EE
:10A4D000022304202B70F7F7EBFE0320F7F7F2FEC0
:10A4E0000720EAE71628144F06D90320F7F7EAFEFB
:10A4F00000232B703B70F8BD0820FCF72BF90E2CC5
:10A5000001D80223F6E73E70F5E7094A13780C28D4
:10A5100023F002031370E3D9012303202B70F7F714
:10A52000C7FE0420F7F7CEFEC6E700BFE2250020F5
:10A5300056240020B5000020E125002008B50D4B71
:10A540000D4918600D4B0E4803221A703222F8F79D
:10A5500095F90C490C483222F8F790F90B490C4850
:10A560001422F8F78BF9BDE808400A490A480A2284
:10A57000F8F784B9A811002036230020E225002036
:10A5800098110020D222002088110020AA22002049
:10A590007811002096220020681100202DE9F0415A
:10A5A00006F018F901462F48DFF8DC80F8F774F957
:10A5B0002D4BA8F800001A78032A42D10A283ED968
:10A5C00000221A70294B2A4C1A682A4FD3882380FC
:10A5D0001378294D294E03EB830303EB83039B0080
:10A5E0003B802B785178927803EB830303EB830352
:10A5F0009B0011FB03F112FB03F3214A3180282059
:10A600001380FBF7E4FFB8F8003039882088642213
:10A61000B1FBF2F2B3FBF2F20132082A03EB83033F
:10A6200028BF082203EB83032A709B0032889BB269
:10A630009B1A4343891A93FBF1F3124A1380BDE836
:10A64000F0810A28FBD803221A700B4A00231370EA
:10A650000B4A1380094A1380064A1380044A138068
:10A66000EBE700BF98110020E2250020A811002090
:10A670008E220020942200208400002090220020BE
:10A68000922200208C2200208A22002037B50D461D
:10A690005449554B0A787AB918600124534B0C7011
:10A6A00000200021C3E90001514B1A80514B1A8848
:10A6B000514B1A8003B030BD1C681860041BB4F500
:10A6C0007A7FF7D306F094F881B24C48F8F7E4F8B3
:10A6D0004B4A03461080002864D007EE900AF8EE3B
:10A6E000E76AF2EE047A86EEA77A464A9FED466A5A
:10A6F000C7EE067AFCEEE77ACDED017ABDF80430BC
:10A700001380424AD2ED006A002D3ED0B3F57A7F25
:10A710003BD33F490988884237D9401A07EE900A4F
:10A72000F8EEE77AB3EE045AF4EEC57AF1EE10FAD9
:10A730002BD407EE103ADFED375ADFED374AB8EE8B
:10A74000477A27EE257AC7EE245AF4EEC55AF1EE81
:10A7500010FA1AD487EEA57ADFED307AB4EEE77AF4
:10A76000F1EE10FA08D4DFED2E7AB4EEE77AF1EECE
:10A7700010FAD8BFF0EE477A77EEE67A294BE7EE8B
:10A78000866AC2ED006AC3ED006ABDF8043007EEC8
:10A79000903AF8EEE77A67EEA67AFCEEE77A17EEE3
:10A7A000903A9BB2204A13804FF47A72B4FBF2F4D1
:10A7B0000E4AD2E90001E3FB0401C2E900010023D3
:10A7C0001A4AF5F709FE4FF6FF73984228BF18465C
:10A7D000074B094A80B21880064B1B881B1A13804E
:10A7E00068E700BFE025002064110020D0040020AD
:10A7F000822200208C22002080220020881100204C
:10A8000088220020862200206F12033B7C0000205B
:10A810008A2200200000C84200007A443333733F8C
:10A820006666863F800000208422002080EE36008D
:10A830002DE9F0432DED028B83B00646DDF8309014
:10A840000F4690461C464FF4FA624FF47A71484620
:10A85000F7F7CBFE002C00F0E78040F27D439945EE
:10A8600040F3E2804FF4E173A0F57A755D434FF455
:10A870007A73B5FBF3F54FF40060F7F74DFAD8B1F2
:10A88000D4B140F27D43994516DDF71BC82F13D88C
:10A89000A6EB0806C82E0FD8A04B1B8864214B439B
:10A8A000B3F57A7F08D314226A43B2FBF1F24FF476
:10A8B0007A71B3FBF1F3D518994E9FED9A8A9A4FAE
:10A8C0004FF42F7200212846F7F78FFE3388642556
:10A8D00005FB03014FF6FF73994228BF194689B261
:10A8E0009248F7F7D9FF924A33881288DFED916AD0
:10A8F000914E05FB032307EE903A07EE100AF8EE9F
:10A90000E77AB8EEC77A67EEA67ADFED8C6A8C4DEF
:10A91000E7EE267A29886439FCEEE77A4FF4006086
:10A9200017EE903A9AB2531A07EE903A854B32805E
:10A930001B885B1A07EE103AF8EEE77AB8EEC77A92
:10A9400067EE887AC7EE876AC7ED006AF7F7E4F921
:10A95000D7ED005A002800F0D6807B4B1A88002AD9
:10A9600064D07A4B1B889A4267D907EE903A07EE7B
:10A97000102AF8EE677AB8EE477A67EE887AC7EE63
:10A98000876AF2EE0E7AF4EEE76AF1EE10FA59D920
:10A99000DFED6F7AF4EEE76AF1EE10FAF0EE667A28
:10A9A00053DB9FED6C7A6C4B3288C3ED007A6B4BB6
:10A9B0001B889A4200F2AE802988A1F16300904280
:10A9C000C6BF03F16402521A9A1A92B20C2064397B
:10A9D00042435B1A07EE902A06EE103AF8EEE77A49
:10A9E000B8EEC66A87EE865AF3EE097A35EE276A24
:10A9F000B4EEC76AF1EE10FA40F18C8037EE457A7A
:10AA000034B3B4EEE77AF1EE10FA21DDF1EE007A1C
:10AA100037EE677ADFED527AB4EEE77AF1EE10FAAC
:10AA2000D8BFF0EE477A1AE0002524E7DFED4D7A33
:10AA3000F0EE676AB3EE0E7AB5E7F0EE487AF0EE24
:10AA4000486AAEE7F0EE667AF4E79FED477AAAE748
:10AA5000F3EE047AB4EEE77AF1EE10FADAD5434B6E
:10AA600093ED005AB0EE006A35EE067AB4EEE77A5E
:10AA7000F1EE10FA0AD437EE867AB4EEC75AF1EE48
:10AA800010FACCBF35EE467AB0EE677A78EE477AA8
:10AA900083ED007A67EEA57A354B364983ED007A6F
:10AAA000E6EE877A0B7887EE887AB4EEC87AF1EE14
:10AAB00010FAC8BFB0EE487AFCEEC77ACDED017A45
:10AAC0009DF80420CCB19A42104628BF18469A42FD
:10AAD00004D21A1A022A01DD023BD8B207EE900A0C
:10AAE000254B0870F8EE677AC3ED007A03B0BDEC31
:10AAF000028BBDE8F043FFF7C7BC581C8242CCBFB5
:10AB0000C0B21046EAE7FCEEE57ACDED017A9DF899
:10AB10000400EBE7002C3FF47DAF77E786220020AE
:10AB20008A2200200000C8425C1100207811002019
:10AB3000882200206666263F7E2200203333B33E03
:10AB400090220020942200208E22002080220020CB
:10AB50000000AA4200008C425811002092220020DE
:10AB6000000096420000000000005C4278000020D7
:10AB70006011002074000020541100201FB504460D
:10AB8000B0F9000028B9B4F9023013B9B4F90430AF
:10AB9000B3B10C4B00221A70F7F78CFDB4F9020028
:10ABA0008DED010AF7F786FDB4F904008DED020A78
:10ABB000F7F780FD04498DED030A01A8F7F791FD31
:10ABC00004B010BD85000020AC11002038B52DED7B
:10ABD000048B404B0C460168196081889980023AC9
:10ABE000062A05D8DFE802F050555A5F686C7100FC
:10ABF0001A8822805A886280B3F90430364AA380CA
:10AC00001278002A3DD1B4F90020344D09EE102A03
:10AC1000B4F9022095ED030AD5ED007A08EE902AEA
:10AC2000F8EEE88AB8EEC99A28EE800AA7EE890AFB
:10AC300007EE903AB8EEE78AD5ED067AA7EE880AD5
:10AC400007F0AAFF95ED040AD5ED017A208028EEE1
:10AC5000800AA9EE270AD5ED077AA8EE270A07F0A1
:10AC60009BFFD5ED057A608028EEA70AD5ED027A24
:10AC7000A9EE270AD5ED087AA8EE270A07F08CFF7F
:10AC8000A080BDEC048B38BD5A8822801A885242BD
:10AC9000B1E71A88524222805A88F8E75A8852420D
:10ACA00022801A88A7E71A88524222805A88628036
:10ACB0009B885B421BB2A1E75A8822801A88F6E77C
:10ACC0001A8822805A885242F1E75A8852422280DA
:10ACD0001A88F8E79A23002085000020AC11002094
:10ACE00008B5034B1B689847024B01221A7008BD38
:10ACF000E0110020E32500202DE9F0476B4B6C4F5D
:10AD00001B683A689A1A002A05460E46C0F28B80E4
:10AD100007EE903A9FED677A674A684C1360F8EE49
:10AD2000677A674B77EE877A5B68FCEEE77A2046B6
:10AD3000C7ED007A9847634B21461A782046FFF703
:10AD400045FFDFF8A0E160499EF8003013F0040FE2
:10AD50001FD03A685D480A6000222A80DFF87CC173
:10AD600002705B486A80B4F90080AA80B4F90420BC
:10AD7000ACF80080A0F8008023F00403B4F902804E
:10AD8000ACF80280A0F80280ACF8042082808EF833
:10AD90000030D1F800C0BCF1000F1CD038684D4F16
:10ADA0004D4AA0EB0C000023B84213703DD8434F2E
:10ADB0004A48474937F9022B30F902CB624531F94D
:10ADC00002CBB8BF20F8022C01336245C8BF21F87E
:10ADD000022C032BEED1424B1B7823B32B88208807
:10ADE0006A88A188C01A63889B1AAA88891A9BB2AC
:10ADF00089B26380A180728880B212FB03F2B388AB
:10AE0000208013FB01F3318811FB00F112B20A20FC
:10AE10001BB209B292FBF0F291FBF0F193FBF0F35D
:10AE200021806280A380BDE8F087DFF8BCC0DFF836
:10AE3000AC80DFF89CE00B60A81E05F104096746B2
:10AE400038F902AB3EF9023B0AEB030101EBD17189
:10AE5000491020F8021FA3EB0A0303EB83034845C4
:10AE60002CF8023BECD1B7F90210B7F90000B7F9A2
:10AE700004C0431863444FF00A0C0CFB03F301EBCE
:10AE8000410193FBF1F17180B7F9041000EB400030
:10AE900001EB410193FBF0F093FBF1F33080B380C1
:10AEA00001231370F7F7AEF995E700BF14050020F2
:10AEB000D4110020003EC647D8110020B223002044
:10AEC000E0110020E4250020D0110020E52500201D
:10AED000A62300207FC3C90186000020AC230020E8
:10AEE000E325002055240020A0230020014B1860FA
:10AEF000704700BF40120020014B1880704700BF10
:10AF0000C4230020024B1888B0FA80F04009704733
:10AF1000C42300202DE9F84F3D4B3E485B683D4C73
:10AF20002DED028B9847002855D03B4B3B4D1A78AE
:10AF30003B4F21462046FFF749FE2B88002B3ED091
:10AF4000384BDFF8ECB01B681B7808EE103AA046CF
:10AF5000B9460026344B142202FB063A2B88B3F57F
:10AF60007A7F05D10023CBF800305046F7F759FB24
:10AF7000B8F90010DBF8003007EE901A0B444BF8DC
:10AF8000043BB8EEE70A5046F7F74EFB4FF00003DC
:10AF900028F8023B29F8023B2B88012B29D1504687
:10AFA000F7F780FB18EE103ACBB1F8EEC87AB4EEA2
:10AFB000E70AF1EE10FA12DD4FF47A732B80238842
:10AFC0003A889B1A23807A8863889B1A6380BA88A0
:10AFD000A3889B1AA380BDEC028BBDE8F88F5BF8B9
:10AFE000043C4FF47A7103F5FA7393FBF1F329F8FB
:10AFF000023C0136032EADD12888012804D1FBF78D
:10B00000A9FB0A4B64221A602B88013BD6E700BFDC
:10B0100030120020BE230020E6250020C42300209B
:10B02000B823002040120020E8110020B00D0020BD
:10B0300024120020084B094810B500221A7004F0B1
:10B04000E3FC044628B1064B082201201A70F7F7EA
:10B0500027F9204610BD00BFE62500203012002051
:10B060008700002003780BB1054A137043780BB1B9
:10B07000044A137083780BB1034A1370704700BF02
:10B08000E6250020DF250020E42500202DE9F84FEB
:10B0900000242D4F81468A462C48BC602146164626
:10B0A00010221D46C7E9004409F054F8204604F078
:10B0B00027FBFFF7BFFF8046002837D0244B40F224
:10B0C000FD2B092E1C700BD82BFA06F2D20705D5E2
:10B0D000384604F087FC28B91D4B4EB1012E07D02D
:10B0E0000026EEE71B4B092202205A70F7F7D8F82A
:10B0F0000220F7F7CBF808B13B689847134B164C82
:10B100001B68504698470023237095B900251348C3
:10B1100005F0E2F898B1072323700E4B05220820B2
:10B12000DA70F7F7BDF84846FFF79CFF4046BDE8E8
:10B13000F88FAB1E032BEAD9012D02D1F3E7002DC6
:10B14000F1D000232370E1E74811002030120020E5
:10B15000DF25002087000020E4250020E0110020EA
:10B16000052808B50ED80123834013F0160F06D129
:10B1700013F0290F06D0074806F0CAFA08B90020D4
:10B1800008BD0520044B98700420F7F789F80120CA
:10B19000F6E700BF341F0020870000209B4B5A6851
:10B1A00002F00C02082A2DE9F04140F0A280596813
:10B1B0005A68D60349BFDA6A954A964C02F00F02E4
:10B1C000C1F3834148BF013201F1020148BFB4FB22
:10B1D000F2F251430C4604605A688F4FDFF83C820C
:10B1E000C2F30312BA5C5FFA82FC24FA02F24260F4
:10B1F0005D68C5F302257E5D22FA06F686605D680D
:10B20000C5F3C2257D5DEA40C260D3F82CE0EFB201
:10B21000CEF303151EF4807F38F81550ADB26BD015
:10B22000002D69D0B1FBF5F50561D3F82CE0CEF324
:10B2300043251EF4005F38F81550ADB25ED0002DE6
:10B240005CD0B1FBF5F54561D3F830E0714D1EF0EF
:10B25000100F0CBFAE46A646C0F818E0D3F830E099
:10B260001EF0200F0CBFAE46A646C0F81CE0D3F877
:10B2700030E01EF0400F18BF254605621D6BED053E
:10B280003ED5A1423CD1BC453AD14D0045621D6B33
:10B29000ED0437D5A14235D1BC4533D14D0085628F
:10B2A0001D6BAD0530D5A1422ED1BC452CD14D0032
:10B2B000C5621D6B6D0529D5A14227D1BC4525D19D
:10B2C0004D0045641D6B2D0522D5A14220D1BC4502
:10B2D0001ED14D0085641D6BAD041BD5A14219D153
:10B2E000BC4517D16100C164196B890714D1026391
:10B2F00018E0484C00216EE7254695E72546A2E771
:10B300001546C3E71546CAE71546D1E71546D8E7FF
:10B310001546DFE78264E7E71A6B02F00302012AB1
:10B3200016D104631A6B12F4403F20D146631A6BA6
:10B3300012F4402F35D186631A6B12F4401F4AD1A4
:10B34000C6631A6B12F4400F6AD10664BDE8F0813F
:10B350001A6B02F00302022A02D14FF40042C6E740
:10B360001A6B02F00302032ADCD12A4ABFE71A6BE8
:10B3700002F44032B2F5803F01D14463D7E71A6B43
:10B3800002F44032B2F5003F03D14FF40042426371
:10B39000CDE71A6B02F44032B2F5403FC7D11D4AE7
:10B3A000F5E71A6B02F44022B2F5802F01D18463D5
:10B3B000C2E71A6B02F44022B2F5002F03D14FF41A
:10B3C00000428263B8E71A6B02F44022B2F5402FC4
:10B3D000B2D1104AF5E71A6B02F44012B2F5801FA1
:10B3E00001D1C463ADE71A6B02F44012B2F5001F3D
:10B3F00003D14FF40042C263A3E71A6B02F4401278
:10B40000B2F5401F9DD1034AF5E700BF001002408E
:10B4100000093D0000127A000A5C0108EA5B01089D
:10B420001A6B02F44002B2F5800F01D104648DE77B
:10B430001A6B02F44002B2F5000F03D14FF400433F
:10B44000036483E71B6B03F44003B3F5400F7FF401
:10B450007DAF014BF4E700BF00127A00030F064BEB
:10B46000DA6A14BF22F4785222F4F872DA62DA6AE5
:10B470000243DA62704700BF00100240020F012A47
:10B480000A4B0AD0022A0CD01AB91A6B22F0100209
:10B490001A631A6B02431A6370471A6B22F0200278
:10B4A000F6E71A6B22F04002F2E700BF00100240FC
:10B4B000044B5A6911B102435A61704722EA0002F3
:10B4C000FAE700BF00100240044B9A6911B1024331
:10B4D0009A61704722EA0002FAE700BF00100240BA
:10B4E000044BDA6911B10243DA61704722EA0002C3
:10B4F000FAE700BF00100240044BDA6811B10243C2
:10B50000DA60704722EA0002FAE700BF001002404A
:10B51000044B1A6911B102431A61704722EA000212
:10B52000FAE700BF00100240024A536A43F08073FA
:10B530005362704700100240044B1A69120641BF63
:10B54000034A5A6002F188325A6070470020024074
:10B5500023016745024A136943F080031361704772
:10B5600000200240014BD860704700BF002002401D
:10B57000084BDA68D10709D4DA68D20608D4DB6848
:10B5800013F0040F0CBF0420032070470120704704
:10B59000022070470020024010B50446FFF7E8FF84
:10B5A000012806D10CB9052010BDFFF7E1FF013CD1
:10B5B000F6E7002C08BF0520F6E7000038B5054681
:10B5C0004FF43020FFF7E8FF042811D1094C23691C
:10B5D00043F0020323616561236943F04003236163
:10B5E0004FF43020FFF7D8FF236923F002032361D3
:10B5F00038BD00BF0020024073B5002306464FF45B
:10B6000030200D460193FFF7C7FF042819D10E4CD7
:10B61000236943F001032361ABB233804FF4302040
:10B62000FFF7BAFF042808D102360196019B2D0CC2
:10B630001D804FF43020FFF7AFFF236923F0010393
:10B64000236102B070BD00BF00200240034B40F0F8
:10B65000BF6040F40030D860704700BF00ED00E0EC
:10B6600070B50178012501F01F039D40C3784C0996
:10B67000BBB10E4B4678DA68D243C2F30222C2F164
:10B6800004039E4083780F2020FA02F21340084AF8
:10B6900033431B011144DBB281F8003342F82450DC
:10B6A00070BD034B203443F82450F9E700ED00E06F
:10B6B00000E100E070B5A54C002800F0DF812368B0
:10B6C000013B062B31D8DFE813F0070057008E004E
:10B6D00002011D015101B601FAF728FF9C4B9D4D57
:10B6E0001B68C01A40F6980398420AD92B6843F0A9
:10B6F00008032B60002323600120BDE87040F6F7AB
:10B70000A7BD954E0120F6F7A3FD336844F64B32F2
:10B710009A802B6883F008032B60F7F71DFF6328DE
:10B720008E4D03DC4FF4FA63EB8070BD0120F6F719
:10B730009DFD8B4B197833688A4E6E2229B95A7158
:10B740004FF47A736B80022306E0012909D15A7104
:10B750004FF4FA636B8005232360FAF7E7FE30604D
:10B76000E3E703291A7103D14FF47A732B80EAE7D8
:10B770004FF4FA632B80EEE7764A7A4D1368012086
:10B7800083F008031360F6F771FD754B734A1B785D
:10B790004FF47A7163B9744B5180B3F90230B3F549
:10B7A000E17F08DD03232360FAF7C0FE2860BCE7D1
:10B7B000032B118010D002232360FAF7B7FE2B6809
:10B7C000C01AB0F5FA6FB0D30023664A2360BDE813
:10B7D00070401360F5F782BB634AB2F90020B2F5FE
:10B7E000E17FE8DDDFE75E4B1B78B3B95E4AB2F973
:10B7F0000230B3F5E17F51DD564A1368012083F032
:10B8000008031360F6F732FD544B40F27E425A8033
:10B81000FAF78CFE534B1B68D2E7032B85D1524AB3
:10B82000B2F90030B3F5E17F19DD4A4A136801200F
:10B8300083F008031360F6F719FD484B4FF4836259
:10B840001A80FAF773FE474B1B68C01AB0F5FA6FFF
:10B85000FFF46BAF434A00232360136065E79BB29C
:10B86000B3F5E17F3FF661AF5388FA339BB2B3F58E
:10B87000FA7F3FF65AAF374A1368012043F00803B6
:10B880001360F6F7E5FC354B4FF483621A80FAF744
:10B890004DFE344B18600423236046E79BB2B3F59A
:10B8A000E17F3FF642AF1388FA339BB2B3F5FA7FDC
:10B8B0003FF63BAF274A1368012043F008031360AB
:10B8C000F6F7C6FC254B40F201425A80DFE7214AD9
:10B8D0001368012043F008031360F6F7B9FC1F4B0F
:10B8E0004FF4FA62DA801C4B1B6844F64B329A80A4
:10B8F000FAF71CFE1B4B1B68C01A40F2DC5398423F
:10B90000A8D8C8E70120F6F7B1FC154B134A1B78FD
:10B91000144D012B0AD14FF4FA635380124BB3F943
:10B92000023013F5E17F06DA06233CE740F2B771F7
:10B93000022B118005D005232360FAF7F7FD2B6851
:10B9400083E7094BB3F90030EBE700BF4C1200204E
:10B95000481200203C0F002028050020C4210020B0
:10B96000E925002044120020E4200020484B1878EC
:10B97000012811D1474AB2F9023013F5E17F40DACC
:10B98000454A136883F008031360F6F76FFC434BD6
:10B9900040F23A725A8054E702287FF4C6AE3D4A1C
:10B9A000B2F9003013F5E17F0BDA3B4A136801204E
:10B9B00083F008031360F6F759FC384B40F2B77276
:10B9C0003EE703F5E1739BB2B3F5C87F3FF6ADAE3A
:10B9D0005388FA339BB2B3F5FA7F3FF6A6AE2E4AF0
:10B9E0001368012043F008031360F6F731FC2B4B7A
:10B9F00040F23A721A80FAF799FD294B1860072332
:10BA00004AE703F5E1739BB2B3F5C87F3FF68DAE0D
:10BA10001388FA339BB2B3F5FA7F3FF686AE1E4A1F
:10BA2000136843F008031360F6F712FC1B4B40F257
:10BA3000B7725A80DFE7184A1368012043F0080301
:10BA40001360F6F705FC124B1B78012B134B1CBF40
:10BA50004FF4AF621A804FF4FA62DA80114B1B6820
:10BA600044F64B329A80FAF761FD0D4B1B68C01A01
:10BA700040F2DC5398423FF6EDAEC0E7084B206041
:10BA80001860084B1B6844F64B329A804DE600BFA5
:10BA9000E9250020E42000203C0F0020C4210020E4
:10BAA0004412002028050020014B1860704700BF99
:10BAB0005012002070470000014BB3F9000070479E
:10BAC000CE230020014BB3F900007047D0230020A3
:10BAD000044A00231380044A1380044A1380044A52
:10BAE00013807047CC230020CA230020C8230020E5
:10BAF000C623002070B51348134C02882188B4F97E
:10BB0000006053189DB21BB2052BC8BFAB1F0F4D71
:10BB1000C8BF1BB22B800E4D05EB830585ED000AD7
:10BB20000C4D052E05EB8303C3ED000A02DC013149
:10BB3000218070BD531C1BB2052BC8BF002303809E
:10BB4000F7E700BFD4230020D22300208C00002080
:10BB50007012002058120020F0B50E4E0E4CB6F9AF
:10BB600000300E4D04EB8304B5F9002027680C4C1F
:10BB700004EB8304246812B907600C60F0BD013344
:10BB80001BB2062BA8BF0023013A076033800C606C
:10BB90002A80F3E7D423002070120020D223002053
:10BBA00058120020124B134AD3ED007A1249134861
:10BBB000F5EE407AF1EE10FA4FF0000303D1136076
:10BBC0000B6003607047F0EE086A86EEA77A80ED9E
:10BBD000007A27EEA77A67EE877A86EE876AF7EE15
:10BBE000006A86EEA77A81ED006A82ED007A7047DE
:10BBF0009000002090120020941200209812002043
:10BC0000084B83ED000AC3ED010A074B00225A607E
:10BC10001A60064B002083ED000AC3ED010AF9F714
:10BC2000AFB800BFBC120020B4120020AC1200203C
:10BC300070B5444B444D93F90030444C012B21D056
:10BC4000022B67D0A3BB424BB3F9003007EE903A0A
:10BC5000404BF8EEE77AB3F90030C5ED007A07EE15
:10BC6000903AF8EEE77AF1EE677A3B4BC4ED007A52
:10BC7000B3F9003007EE903A384BF8EEE77AC3EDAF
:10BC8000007A15E0334BB3F9003007EE903A304BB1
:10BC9000F8EEE77AB3F90030F1EE677AC5ED007A95
:10BCA00007EE903AF8EEE77AF1EE677AC4ED007AA3
:10BCB0002B4EB6F900300A2B08DCD4ED000A95EDC6
:10BCC000000AFFF79DFF338801333380254B264858
:10BCD000B3F900302549052B2DDDFFF73DFF244A40
:10BCE000D0ED007A92ED007A224B37EE277AD5ED2F
:10BCF000007A77EEC77A92ED017AC3ED007AD1ED42
:10BD0000007A37EE277AD4ED007A77EEC77AC3ED62
:10BD1000017A70BD0E4BB3F9003007EE903A0D4B2F
:10BD2000F8EEE77AB3F90030C5ED007A07EE903A05
:10BD3000F8EEE77A99E7104B1A685B6802600B60CF
:10BD4000CDE700BF94000020F4120020F012002084
:10BD5000E2230020E0230020DE230020EC1200205C
:10BD6000DC230020D2230020A01200209C120020FF
:10BD7000B4120020C4120020BC1200207C4B2DE91C
:10BD8000F0411D6842F20F72411B91422DED028B72
:10BD9000044652D9774E186033781BB1FFF748FF3D
:10BDA0000023337007EE904A07EE105AF8EE677AD8
:10BDB000B8EE477ADFF820826F4C77EEC77A9FEDB6
:10BDC0006F7A87EE878A0023012B6D4DA8F800302B
:10BDD00037DD6C4A13780133DBB2092B00F2BD80EA
:10BDE0001370D5ED007AFDEEE77A17EE903A1BB2AC
:10BDF00007EE903A644BF8EEE77AC3ED007AD5EDA2
:10BE0000017AFDEEE77A17EE903A1BB207EE903A10
:10BE10005E4BF8EEE77AC3ED007AD4ED007A5C4B26
:10BE2000FDEEE77A17EE902AD4ED017A1A80FDEE46
:10BE3000E77A584B17EE902A1A80BDEC028BBDE8CA
:10BE4000F081554A554E11689A00002900F0828011
:10BE50005348B71810443F680760524800EB83030B
:10BE600093ED007A07EE901AB8EEC77AF8EEE77A0B
:10BE700087EE270A4C4BB718D3ED007A9FED4B1A8B
:10BE8000DFED4B0A20EE270A87ED000AF6F7B6FB36
:10BE9000B8F9003087ED000A012B02D10020F8F735
:10BEA0006FFFB8F90030434A02EB8302D2ED006A1B
:10BEB000414A92ED007A414A02EB8302D2ED007AC8
:10BEC00026EE877A04EB8301E7EE087A06EB830619
:10BED00005EB830591ED007AC2ED007A384A92EDC8
:10BEE000006A384A26EE866AB6EE005AA6EE087A4E
:10BEF00092ED006A344A02EB830226EE866AD2EDA6
:10BF0000006AE6EE086A96ED006AC2ED006A77EE16
:10BF1000867A2E4AC6ED007A67EE887A02EB8302B3
:10BF2000C2ED007AF0EE475A294AE7EE855A02EB55
:10BF30008302013392ED006AA5EE886A1BB237EEE8
:10BF4000277A76EE866A82ED006AC5ED006A81ED99
:10BF5000007A39E79FED1F0A8CE7002313701C4B12
:10BF6000D3ED010A93ED000AFFF7C4FD39E700BFE6
:10BF700054120020EB250020D41200200024744924
:10BF8000AC120020EA2500208C120020881200202C
:10BF9000D8230020D6230020DC0D0020E41200204E
:10BFA000CC120020F40D0020D80D002000004844E1
:10BFB000000048C4C412002090120020DC120020AF
:10BFC0009412002098120020B4120020A412002025
:10BFD000BC12002000000000DA2300207047024657
:10BFE00080213C2003F0FEBE024640213C2003F0AD
:10BFF000F9BE10B5A620FFF7F2FFAE20FFF7EFFF66
:10C000002020FFF7ECFF0020FFF7E9FFB020FFF74B
:10C01000E6FF4020FFF7E3FF0020FFF7E0FF1020DE
:10C02000FFF7DDFF4FF40064013C0020A4B2FFF7EE
:10C03000DBFF002CF8D18120FFF7D1FFC820FFF7EC
:10C04000CEFFBDE81040AF20FFF7C9BF10B5B0204C
:10C05000FFF7C5FF4020FFF7C2FF0020FFF7BFFF3B
:10C060001020FFF7BCFF4FF40064013C0020A4B295
:10C07000FFF7BAFF002CF8D110BD10B50446A1F1AE
:10C080005000C0B2FFF7ABFF04EB4400400004EBEC
:10C09000440400F00E00FFF7A2FFC4F3C300103009
:10C0A000BDE81040FFF79BBF70B50A4C0A4E00EB8D
:10C0B00080000444052514F8010F3378013D5840F1
:10C0C000FFF792FF15F0FF05F5D13078BDE870401D
:10C0D000FFF78ABF795B0108EC25002010B5441EEC
:10C0E00014F8010F00B910BDFFF7DEFFF8E710B537
:10C0F000AE20FFF774FF044600284CD0AE20FFF7B7
:10C100006EFF2020FFF76BFF0020FFF768FFC820BD
:10C11000FFF765FF4020FFF762FF8120FFF75FFF19
:10C12000CF20FFF75CFFA120FFF759FFA620FFF704
:10C1300056FFA820FFF753FF3F20FFF750FFA42032
:10C14000FFF74DFFD320FFF74AFF0020FFF747FF1F
:10C15000D520FFF744FFF020FFF741FFD920FFF77C
:10C160003EFFF120FFF73BFFDA20FFF738FF1220F8
:10C17000FFF735FFDB20FFF732FF2020FFF72FFF0F
:10C180008D20FFF72CFF1420FFF729FFAF20FFF7CA
:10C1900026FFFFF72EFF204610BD000037B52F4BBE
:10C1A000C0F86031041D204601F0C8F92C4D2870FC
:10C1B000002850D1204601F0A7FC287000284AD161
:10C1C0000DF1010201A9204601F0A3FD287000280D
:10C1D00041D10DF103020DF10201204601F05CFA9C
:10C1E0002870C0BB0121204600F0EAFF01462870FC
:10C1F00088BB0122204601F0A7F8287058BB012215
:10C200001146204601F0A0F8287020BB012141F61C
:10C210009912204601F0E3F801462870D8B94FF48E
:10C220007012204601F0DBF895F900309BB944F616
:10C230002061204600F0DEFF287060B91222002144
:10C24000204600F0D9FF287028B90E22012120468F
:10C2500000F0D2FF287003B030BD00BF290190016B
:10C26000F025002038B504460D46490001F0FE01D6
:10C27000043000F0A1FF84F8605138BDF8B5164EC7
:10C2800096F90030044613BB071D384601F0F2FA58
:10C290003070E0B9114D3846294601F000FA104BD4
:10C2A0001049307001221A702B7E0B7033B92A8925
:10C2B00022800D4A1370B4F90000F8BD4FF69C734C
:10C2C00023802B7E022BF6D1074B1A70F3E74FF633
:10C2D0009C732380EFE700BFF0250020F8120020B8
:10C2E000EE250020EF250020ED25002010B5154B90
:10C2F0001A7852B1144A1278520707D5002213490E
:10C300001A70134B0A7001221A7010BD114B1B6872
:10C31000DB07FAD5F8F78AFC0F4CF8F795FCF4F731
:10C3200051FE0E4800F0B4FB0D4800F0B1FB23783D
:10C33000002BEAD10B4B0220198800F03BFB0123B4
:10C340002370E2E7A200002056240020F7250020F9
:10C35000F32500203C0F0020F225002020130020B0
:10C360001413002098000020F8B5264F3B78DBB16D
:10C37000254C264E264D0123237033783BB1FAF726
:10C38000D5F800F5EA403030002328603370FAF722
:10C39000CDF82B68C01A002807DBF4F79FFD0023B7
:10C3A0003B70237001233370F8BD1A4BB3F904308E
:10C3B000002BB8BF5B429BB242F23412934209D9C0
:10C3C00000253D70F4F78AFD01233370124B257070
:10C3D0001D70E9E7FAF7AAF82B68C01A00280CDDEF
:10C3E000FAF7A4F82B68C01A46F660539842DBDCD3
:10C3F000F7F7B2F80730D7DBE2E7FAF797F82B68E0
:10C40000181AF1E7A2000020F6250020A100002064
:10C410002C13002078220020F125002010B5124CAA
:10C420002378022B07D0032B09D0012B1AD1BDE8AA
:10C430001040FFF75BBFBDE81040FFF795BF0B4B07
:10C440001A685AB90A490988490707D509490A707B
:10C4500001221A60FAF76AF8074B1860074A0023AE
:10C460002370137010BD00BFF72500204C12002070
:10C47000AE200020E925002048120020A200002064
:10C4800000280A4B0CDB0A4AB2F90020824201DD87
:10C49000186001E000221A60064B00221A707047F3
:10C4A00000221A60431CF7D1034BF1E73013002040
:10C4B000E4230020F8250020A4000020032810B564
:10C4C0000C460BD171B90A4B0220197003F09EFF84
:10C4D0002146204603F09AFF21460120BDE8104086
:10C4E00003F094BF012901D1014B197010BD00BFA9
:10C4F000A80000202DE9F04101219AB004464FF434
:10C50000C020FEF7D5FF684605F028FC0025032370
:10C51000DFF840818DF804308DF807502F4694F8ED
:10C520002C30EEB2B34272D82069FEF797FFD4E9FF
:10C53000023001211843FEF7BBFF606805F016FDCD
:10C540000FA805F0A9FD23686068ADF84870403376
:10C55000012F0F936369109394BF00230123DB0124
:10C560004FF4807214934FF480630025CDE91523B6
:10C570004FF4005620230FA9CDE9173611951395D6
:10C58000199505F06DFD0121606805F092FD02A886
:10C5900005F060FC4FF440314FF40043CDE9031344
:10C5A00020680295022302A905938DF8185005F022
:10C5B00023FC07A805F014FC20680D9507A9CDE918
:10C5C0000765CDE90955CDE90B558DF8387005F0B3
:10C5D000E9FB012294F82C302068E9B28B422BD879
:10C5E000012105F03EFC2068012105F0B8FC00287F
:10C5F000F9D02068022105F0AAFC2068012105F08D
:10C600009DFC206805F095FC1AB0BDE8F081A36997
:10C610009B5D7BB1E36933F816300093236A69466A
:10C6200053F8260005F058FBA26A925D7B1C08F8BF
:10C630000270DFB2013572E7A3695B5C3BB1676AE8
:10C64000561C795CF6B2072305F014FC324601351E
:10C65000C0E700BFF925002000B51B4B93B0DA7985
:10C660008DF800201B7A194A8DF801304FF0904365
:10C67000CDE9032305934FF44173ADF8043040F640
:10C680000703ADF80830124BCDF830D04FF0A04181
:10C69000CDE9061301204FF08053CDE908034FF494
:10C6A000D8730A930B4B0B930223119303AB0D9397
:10C6B00004AB0E9301AB0F9306A802AB1093FFF7E8
:10C6C00019FF13B05DF804FB0226002008000400E7
:10C6D00008000240F423002000B5214B95B01A78E1
:10C6E0008DF800205A798DF801201E4A9B798DF82B
:10C6F000023007CA1C4B03932023ADF8103005AB62
:10C7000083E807001949CDF838D0088889788DF872
:10C7100006104FF4A061ADF808100621ADF8040032
:10C720008DF80A10124813494FF0020CCDE90801A8
:10C730004FF08051CDE90AC14FF4D8710C910E49E8
:10C740000D910321139103A9CDE90F1301AA02ABA7
:10C7500008A811921293FFF7CDFE15B05DF804FB07
:10C7600002260020E4540108040010005D5801086E
:10C770000001005008040240EE23002000B5184BD1
:10C78000184ADB7893B002218DF804304FF400533F
:10C79000ADF81030144B059305238DF808300323B2
:10C7A0008DF80C30114BCDE906234FF00053CDE945
:10C7B00008130F4B0A930F4B0B930123119301ABFB
:10C7C0000C9304AB0D9305AB0E9302AB0F9306A82D
:10C7D00003AB1093FFF78EFE13B05DF804FB00BFB0
:10C7E00002260020000400500004004858040240C3
:10C7F00000360010EC23002000B5214B95B05A788C
:10C800008DF800209A788DF801201E4A1B798DF84A
:10C81000023007CA1C4B03934FF48053ADF810301D
:10C8200005AB83E807001949CDF838D00888897826
:10C830008DF8061040F20121ADF808100421ADF882
:10C8400004008DF80A10124812494FF0020CCDE98D
:10C8500008014FF00051CDE90AC10F490C910F4971
:10C860000D910321139103A9CDE90F1301AA02AB86
:10C8700008A811921293FFF73DFE15B05DF804FB76
:10C8800002260020F0540108008000406158010891
:10C89000000500501C04024000360010E623002072
:10C8A00008B501214FF4C020FEF702FEFFF7D4FEC9
:10C8B000FFF712FFFFF762FFBDE80840FFF79CBFDC
:10C8C0008161704701857047838A9BB24B408382A8
:10C8D00070470000112837B50D4619D80D4B0E4C86
:10C8E0000C2202FB003007C884E8070002238DF801
:10C8F0000730A388ADF80430084B01215B5D8DF84B
:10C9000006301046FEF7D4FD206801A903F010FDA3
:10C9100003B030BDD05E010834130020CC5E0108A6
:10C92000112830B40D460DD8074B084C0C2202FBE1
:10C93000003007C884E80700054BA18853F825306C
:10C9400030BC184730BC7047D05E0108341300205B
:10C95000C05E010807B5024660B903230093074B88
:10C96000019053F8213001204FF48071FAF708FF4D
:10C97000034B186003B05DF804FB00BFA85F01081B
:10C980004013002008B59FED081AF0EE0C0AF5F7E9
:10C9900035FEDFED067A064B20EE270ABCEEC00A14
:10C9A00083ED000A08BD00BF0000FA4400007A448D
:10C9B000B8000020022802D10846F6F7C3BD704730
:10C9C00008B505280CD8DFE800F0030C15212D363A
:10C9D0000120F5F73DFC1C4B01221A7000225A7011
:10C9E00008BD0120F5F742FC174B01225A700022C6
:10C9F0001A70F5E70420F5F72BFC4020F5F736FC1C
:10CA0000114B01229A700022DA70E9E74020F5F715
:10CA10001FFC0420F5F72AFC0B4B0122DA700022E0
:10CA20009A70DDE70820F5F713FC074B01221A7115
:10CA300000225A71D4E70820F5F718FC024B0122B6
:10CA40005A7100221A71CBE71226002010B5044655
:10CA500008462368227253B941F288320121F5F762
:10CA6000C4FD2060F9F762FD236803446360F9F7B1
:10CA70005DFD6368C01A002808DB237A23B1F9F74B
:10CA800055FD236803446360012010BD0020FCE7CE
:10CA90000023C0E90033704710B5084C0029024656
:10CAA00034F9100009DD032310FB0313002BB8BF7A
:10CAB000033343F38F0024F8120010BDFC23002041
:10CAC0002DE9F84F3B4D3C4F2C4600262378FB5C6C
:10CAD000CBB194F8028003214046FFF7FBFE4046AD
:10CAE0000021FFF71DFF94F80180B8F1110F07D85E
:10CAF00003214046FFF7EEFE00214046FFF710FFFE
:10CB00000A20F9F764FD0136052E04F10804DDD191
:10CB1000284C4FF000084FF02A092378FB5C23B320
:10CB2000A0780121FFF7FCFE6678112E03D80121C1
:10CB30003046FFF7F5FE1E20F9F749FDD4F804B0A2
:10CB40005846FFF72BFB49465846FFF78BFB09F188
:10CB5000010A112E5FFA8AFA03D800213046FFF746
:10CB6000DFFE1E20F9F733FDD14608F10108B8F1C8
:10CB7000050F04F10804D0D104242E464FF000081C
:10CB80003378FB5C2BB17078112802D80221FFF7B3
:10CB9000C7FE08F10108B8F1050F06F10806EFD14C
:10CBA0004B20013CF9F713FD14F0FF04E5D1BDE87B
:10CBB000F88F00BFCC5F01080D2600200A4B5B5C9C
:10CBC00073B139B1012905D0022903D0032901D05D
:10CBD000042905D1054B03EBC1035868FFF74EBB91
:10CBE0004FF0FF30704700BF0D260020CC5F0108DA
:10CBF0002DE9F84FF9F79AFC984A1368C31A632B8A
:10CC0000074640F2DD80964B10601B78002B00F049
:10CC1000D780944ADFF880B213889BF800A0A3F273
:10CC2000DC531CB25388A3F2DC531DB2BAF1000FDF
:10CC300000F0CD8000218C48FFF7C0FF01460020A6
:10CC4000FFF72AFF002840F3BD80884B1B889842DD
:10CC500000F3B8804FF0320801210520FFF760FE95
:10CC60009BF80160DEB101217F48FFF7A7FF014675
:10CC70000120FFF711FF002840F3AB807B4B1B889E
:10CC8000984200F3A680B2466FF03106311E18BFFD
:10CC900001210920FFF744FE46440FFA86F89BF86D
:10CCA0000290B9F1000F00F09A8002216E48FFF760
:10CCB00085FF01460220FFF7EFFE002840F38B803E
:10CCC0006A4B1B88984200F386806FF03106012181
:10CCD0000420FFF725FE9BF803B0BBF1000F1AD02C
:10CCE00003216148FFF76AFF01460320FFF7D4FEE6
:10CCF000002876DD5D4B1B88984272DCD9464FF0E8
:10CD0000320BBBF1000118BF01210720FFF708FE1D
:10CD1000B3440FFA8BF65649BAF1000F05D00B68F1
:10CD200003B90F60534BA3F80080534AB9F1000FC9
:10CD300004D0136803B91760504B1E8007EE904A69
:10CD40000B68F8EEE77A002B60D0FB1AB3F5FA7F98
:10CD50004AD207EE108ADFED4A6AB8EEC77AA7EE2C
:10CD6000A67AFDEEC77A474C1368C4ED007A07EE49
:10CD7000105AB8EEC77A002B65D0FF1AB7F5FA7FC4
:10CD80004FD206EE906A9FED3E6AF8EEE66AE7EE55
:10CD9000066ABDEEE67A3C4984ED017A17EE900A08
:10CDA0004FF4FA72F5F721FC4FF4FA72206036491D
:10CDB0006068F5F71AFC354B606001221A705A70F2
:10CDC000BDE8F88F4FF00008C246414645E7D0461F
:10CDD00046E700265AE70026B146314678E74E4638
:10CDE00079E74FF0000B8CE7B3F57A7F0ED2214B39
:10CDF000DFED276AB3F900305B4207EE103AB8EE78
:10CE0000C77A27EE267ADFED236AA8E79FED1C7A22
:10CE100000230B6067EE877A1649FDEEE77A0B80F8
:10CE2000A1E7B7F57A7F0ED2144B9FED196AB3F9DB
:10CE300000305B4206EE903AF8EEE66A66EE866AED
:10CE40009FED146AA3E7DFED0E6A0023136027EE5F
:10CE5000267A0A4ABDEEC77A13809CE74C1300205D
:10CE60000B260020C4210020AA0000200624002058
:10CE700048130020FA23002044130020F823002048
:10CE80009A99993E581A00200CFEFFFF1C2600209C
:10CE90006666E63ECDCC4C3E0D260020024B4FF49C
:10CEA00096625A81704700BFC4210020F8B505463C
:10CEB0000C4610461E46042D27D8DFE805F0032750
:10CEC0004B6F9300594B40F634024FF461711F6869
:10CED000F5F78BFB40F6340205464FF4617130469E
:10CEE000F5F783FB043C002387F87D30A5F56175D9
:10CEF0001923A0F5617095FBF3F590FBF3F087F82B
:10CF00007E4087F87F5087F88000F8BD474B40F699
:10CF100034024FF461711F68F5F767FB40F6340285
:10CF200005464FF461713046F5F75FFB043C012381
:10CF300087F88130A5F561751923A0F5617095FB1F
:10CF4000F3F590FBF3F087F8824087F8835087F879
:10CF50008400DAE7354B40F634024FF461711F6804
:10CF6000F5F743FB40F6340205464FF46171304655
:10CF7000F5F73BFB043C032387F88530A5F5617585
:10CF80001923A0F5617095FBF3F590FBF3F087F89A
:10CF9000864087F8875087F88800B6E7234B40F62D
:10CFA00034024FF461711F68F5F71FFB40F634023D
:10CFB00005464FF461713046F5F717FB043C042336
:10CFC00087F88930A5F561751923A0F5617095FB87
:10CFD000F3F590FBF3F087F88A4087F88B5087F8D9
:10CFE0008C0092E7114B40F634024FF461711F68D8
:10CFF000F5F7FBFA40F6340205464FF4617130460E
:10D00000F5F7F3FA043C052387F88D30A5F5617533
:10D010001923A0F5617095FBF3F590FBF3F087F809
:10D020008E4087F88F5087F890006EE7300500201B
:10D03000044B1B782BB1044B1870044B1980044B24
:10D040001A8070472226002023260020102400206A
:10D050000E24002038B504460820F5F72FF84FF4C9
:10D060000050F5F72BF80120F5F728F84FF4804031
:10D07000F5F724F8012C41D014F0FD053DD13A4BD1
:10D080004FF480401D70F4F751FE40F6340340F237
:10D09000145207212846FFF709FF40F634034FF4E6
:10D0A000617207210120FFF701FF40F6340340F2CF
:10D0B000145206210220FFF7F9FE40F214534FF4F8
:10D0C000617204210320FFF7F1FE042140F2A46302
:10D0D00040F214520846FFF7E9FE244B05221A706D
:10D0E000234B40F2AA521A80224B40F20E62B4FA4D
:10D0F00084F41A806409204B1C7038BD1A4B2046FA
:10D100001C70F4F713FE40F6340340F2145205216C
:10D110000020FFF7CBFE204640F634034FF4617247
:10D120000521FFF7C3FE40F6340340F214520621F6
:10D130000220FFF7BBFE40F214534FF4617204214A
:10D140000320FFF7B3FE0421084640F2A46340F237
:10D150001452FFF7ABFE40F6340240F2DC510720D8
:10D16000FFF766FFC7E700BF222600202326002026
:10D17000102400200E240020BC00002007B50B4B1B
:10D18000019301214FF48020FEF792F9084801A98C
:10D1900003F0CEF8074B1A78082322B9044A9361AA
:10D1A00003B05DF804FB024A1385F9E708000102A9
:10D1B00000040048BC0000204A088A2102F034BA6A
:10D1C000152906D8044BCB40DB0702D5017400209B
:10D1D00070476FF0070070470B00300010B50A462B
:10D1E0000C46092102F054FA18B9237803F0010320
:10D1F000237010BD01F04ABE01F027BD01F02CBE26
:10D20000F7B500230C46174601210DF1070206462B
:10D210008DF8073002F03CFA0546D8B9012F9DF889
:10D22000073026D1042C3AD8DFE804F003171A1D82
:10D23000200043F010049C420CD0224601213046CD
:10D2400002F0F2F9054628B9716986F83041304696
:10D25000FFF7D0FF284603B0F0BD43F02804EAE70B
:10D2600043F00404E7E743F04004E4E743F08004BC
:10D27000E1E7042C13D8DFE804F00306090C0F00E3
:10D2800003F0EF04D7E703F0D704D4E703F0FB047F
:10D29000D1E703F0BF04CEE703F07F04CBE76FF0E4
:10D2A0000305D7E713B500230C460DF10702012152
:10D2B0008DF8073002F0ECF978B99DF80730C3F328
:10D2C00000122270C3F3C002A270C3F38002627026
:10D2D000C3F38012DB09E270237102B010BD37B5D1
:10D2E0000D460DF10202F821044602F0DCF970B996
:10D2F00001AA0421204602F0E1F940B9BDF802205C
:10D300001AB1019BB3FBF2F32B602B68A36103B04E
:10D3100030BD037F0B700020704737B50D460DF10F
:10D3200006022021044602F0BEF928B9BDF80630F5
:10D3300023B9236A2B60207703B030BDDB002B605C
:10D34000236201232377F7E70529F8B504460E4643
:10D35000154635D862B100EB810301215A6B0023D9
:10D36000701E042807D8DFE800F00E171A1D2400ED
:10D3700011460123F4E784F828103444E5B984F811
:10D380002850002007E0C2F34F224421204602F03B
:10D3900056F90028F1D0F8BD84F82A10EDE784F89A
:10D3A0002B10EAE75B00FE226021204602F052F9D2
:10D3B000EFE71B01EF22F7E7012384F82830E0E7CD
:10D3C0006FF00300E7E7052996BF4018002390F8A7
:10D3D0002830137094BF00206FF00300704770B5C1
:10D3E0004318044693F828300E46154623B900EB3F
:10D3F00081067263002013E005291AD8DFE801F0E6
:10D40000030811131515426304EB86046563F1E705
:10D41000C2F34F224421204602F011F90028F3D034
:10D4200070BDC263F0E70264EEE7C2F34F226421ED
:10D43000F1E76FF00300F3E737B504461546052919
:10D440002AD8DFE801F0030614161818436B2B6086
:10D450001FE00DF10602442102F025F9D0B9BDF814
:10D46000062053028AB12B60A36301230FE0C36B34
:10D47000EDE7036CEBE70DF10602642102F013F90E
:10D4800040B9BDF806305B02E1E7A26B2A6084F880
:10D490002930002003B030BD6FF00300FAE737B544
:10D4A0000D460DF107020121044602F0F1F838B9EA
:10D4B0009DF8073084F83031DB092B7084F84C304C
:10D4C00003B030BD2DE9F843037C0C4601F8083B5E
:10D4D0000546FFF704FF70BB207304F110012846D6
:10D4E000FFF71BFF38BB04F11401284600F013FCC2
:10D4F00008BB04F1240705F1270904F117080646C3
:10D500003A46B1B22846FFF797FFA0B9013619F89D
:10D51000013F08F8013F062E07F10407F0D104F19E
:10D520003C012846FFF7BBFF28B9211D2846BDE86E
:10D53000F84301F013BDBDE8F8830000F0B5002208
:10D54000054693B0882102F06FF84FF47A72A5F87F
:10D5500052214FF4C872A5F854214C4AC5F85821FD
:10D5600000234B4A85F8F030C5F8D4202B6202A97D
:10D570002846FFF7A7FF044670B9ADF8080002AED1
:10D580000FCE05F110070FC70FCE0FC70FCE0FC775
:10D5900096E80F0087E80F003E4BC5F834314FF492
:10D5A000FA730126A5F838314FF42063A5F83C3111
:10D5B0003246802185F85061284602F035F832461F
:10D5C0000746FF21284602F02FF8002211460743A4
:10D5D000284602F029F83C4364B204430DF10702E7
:10D5E0009121284602F054F864B29DF8073085F87E
:10D5F0003A31044332460021284602F015F864B25D
:10D6000004430022FF21284602F00EF864B20443CE
:10D6100000228021284602F007F864B2204340B27D
:10D62000002488BBA1B2012228460134FFF78CFEFA
:10D63000062CF6D140BB04466885024604212846E4
:10D64000FFF782FE00BB024605212846FFF77CFE5D
:10D65000D0B94FF490136B634FF4804201212846F8
:10D66000FFF7BDFE80B94FF40C13FF22C5E90F3060
:10D6700085F830210121284601F0D6FF012385F8E5
:10D68000323108B985F8154113B0F0BD856B010042
:10D69000A470090064008403012300F068BD2DE933
:10D6A000F0428EB00C460C2304AA1421054601F06A
:10D6B000ABFF8446002860D1BDF81620BDF81830B5
:10D6C000A075BDF81210206052BA5BBA6060BDF858
:10D6D0001A60B5F8520192B29BB249BA5B0252028B
:10D6E0002361A18276BAE260B0F57A7F8BB295F8B9
:10D6F00031719DF81010B6B20AD0704300F5FA707F
:10D700004FF47A76B0FBF6F02E7F002E39D186B238
:10D71000002F40D0B001C0B2B608E0750DF10F0087
:10D720002681CDE90040284601F072FE844620BBE8
:10D730009DF80FE084F818E005F150060FCE07AF12
:10D740000FC796E80700E37D87E80700D4E90301E7
:10D75000A28AADF83020D4E90149CDE90A01CDE92A
:10D76000084907AC8DF833308DF834E00FCC5035D4
:10D770000FC597E8070086E8070060460EB0BDE8D1
:10D78000F0822E8C5E43B2EB262F4FEA262C04D17A
:10D7900057B948F6E0260020BFE780B25043A2EB1D
:10D7A0000C06B0FBF6F0B2E742F2B826B2E7000092
:10D7B000F7B517460E210DF106021D460B4C064625
:10D7C00001F071FFBDF8063004EA43433B6050B9F5
:10D7D0000DF106020C21304601F065FFBDF8063060
:10D7E00004EA43442C6003B0F0BD00BF0000FE1FFC
:10D7F00073B590F8DA30013B022B06460C4634D85C
:10D8000001AB6A460121FFF7D3FF009BB3F57F0F01
:10D81000054603D8019BB3F57F0F23D915BB34B15F
:10D820001349304602B0BDE8704001F0FCBB042251
:10D83000FF21304601F0F8FE2A46044670213046AA
:10D8400001F0F2FE2A460443FF21304601F0ECFECF
:10D8500064B204432A468021304601F0E5FE64B2FA
:10D86000044365B2284602B070BD0025FAE700BF48
:10D87000BD00002073B5012204468021057C01F023
:10D88000D3FE0122FF21204601F0CEFE00221146E8
:10D89000204601F0C9FE94F83A219121204601F07A
:10D8A000C3FE01220021204601F0BEFE0022FF211E
:10D8B000204601F0B9FE00228021204601F0B4FE8E
:10D8C000012D24D0032D32D0C5BB0122294620468C
:10D8D00001F0AAFE01238DF80730B0B9054644F6E1
:10D8E00020669DF80730DB0705F1010509D540B931
:10D8F000B54226D001460DF10702204601F0C8FED0
:10D90000EFE7B54208BF6FF0060002B070BD18B96E
:10D9100029462046FFF76CFF02220021204601F035
:10D9200083FE0028F1D1042384F83231EDE718B9E1
:10D9300001212046FFF75CFF0422EEE76FF00700AD
:10D94000E3E76FF00600E0E738B5057C044625B153
:10D95000204600F04CFD28B138BDFFF78BFF0028B2
:10D96000F6D0F9E7002DF7D1032384F83231F3E73D
:10D9700073B50646002501220B21304601F054FE06
:10D98000002204460B21304601F04EFE0DF1070245
:10D9900004431321304601F07BFE9DF8073064B24A
:10D9A000044301355B0760B2EDB205D0032D08D00A
:10D9B0000028E0D002B070BD032D08BF6FF00B004F
:10D9C000F8E76FF00B00F5E738B500230374044661
:10D9D0000D46FFF7B9FF50B929462046FFF75FFE15
:10D9E00028B901462046BDE83840FFF7C1BF38BD21
:10D9F000152970B5054616461C4667D10122FF2140
:10DA000001F012FE002211460446284601F00CFEE9
:10DA100000220443FF21284601F006FE64B20443BD
:10DA200001228021284601F0FFFD64B20443022256
:10DA30008521284601F0F8FD64B204430422FF2149
:10DA4000284601F0F1FD64B204430022CD212846AE
:10DA500001F0EAFD64B204431122CC21284601F012
:10DA6000E3FD64B204430722FF21284601F0DCFDF8
:10DA700064B204430022BE21284601F0D5FD64B201
:10DA800004430622FF21284601F0CEFD64B2044380
:10DA90000922CC21284601F0C7FD64B204430022CC
:10DAA000FF21284601F0C0FD64B204430122FF219A
:10DAB000284601F0B9FD64B200220443114628460D
:10DAC00001F0B2FD64B2204340B270BD042A17D801
:10DAD0000A2101F0A9FD0028F7D1231E18BF012358
:10DAE0001B01EF228421284601F0B4FD0028ECD16F
:10DAF00085F8DA6001462846BDE87040FFF738BF78
:10DB00006FF00A00E1E7000070B594B005464022CE
:10DB1000002104A806F01EFB002301212846ADF8D1
:10DB200006308DF803308DF80430029300F0B2FC1B
:10DB300095F81421012A06D895F8131140F0AD800C
:10DB4000202940F2AC8001AA02A9284600F02AFB55
:10DB50000446002840F09E8095F85031002B40F09C
:10DB6000A280D5F84C11284601F05DFA0446002841
:10DB700040F090800346024601462846FFF738FFF2
:10DB80000446002840F086800122FF21284601F04B
:10DB90004BFD0DF1060206468421284601F083FD67
:10DBA00022460643FF21284601F03EFD76B2064399
:10DBB00074B2002C6ED1BDF806301B01C5F8D4300C
:10DBC00004A92846FFF77EFC0446002862D10DF127
:10DBD00003012846FFF702FB044600285AD19DF8AE
:10DBE000033085F8313104AC0FCC05F110060FC6B7
:10DBF0000FCC0FC60FCC0FC694E80F0086E80F00BD
:10DC00000DF103020121284601F042FD04460028DF
:10DC100040D19DF8033085F8303102460146284650
:10DC2000FFF7EEFA0446A8BB024602212846FFF79A
:10DC3000E7FA044670BB0323014685F832310DF143
:10DC40000502284601F008F9044618BB9DF8053086
:10DC500085F8E8300DF105020121284601F0FCF8B5
:10DC60000446B8B99DF8053085F8E03003AA0321D1
:10DC7000284600F0E5FE044660B9039BC5F8E43091
:10DC800003AA0421284600F0DBFE044610B9039BDA
:10DC9000C5F8DC30204614B070BD0C2951E7284689
:10DCA00000F00CF954E701495DE700BF7302002062
:10DCB00013B50C460DF10702132101F0E9FC9DF8A4
:10DCC000073013F0180F03F0070218BF6FF00500BC
:10DCD000226002B010BD13B590F8DA30042B0C4668
:10DCE0000BD101A9FFF7E4FF019B042B01D1012314
:10DCF00000E00023237002B010BD01AA142101F03E
:10DD0000C7FC0028F7D19DF80430DB07EFD4207062
:10DD1000F1E700F047BA13B50C460DF106022821D1
:10DD200001F0C1FC60B9BDF80620C2F30B0312F488
:10DD3000006F18BFA3F58053FA2213FB02F3236090
:10DD400002B010BDF0B54FEAD20C4FF0FF341C60AA
:10DD500002F00702664600278E4200D207B1F0BDEE
:10DD6000845D664503BF1441E4B215463D4614F098
:10DD7000010704D005EBC6051D600136ECE701354F
:10DD8000082D4FEA5404F2D1F7E70000034B800955
:10DD900053F82000003818BF0120704768030020A6
:10DDA00010B5B1EBD20F4FEAD20402F0070381BFE6
:10DDB00001229A40035D13438ABF03556FF031007F
:10DDC000002010BD0A460623B02101F00DBC0A4612
:10DDD0000623B02101F018BC2DE9F04F85B00546AF
:10DDE000109E129F0196894692461C464FF00008ED
:10DDF000119B984515D13E6021462846FFF7E2FF6A
:10DE0000E8B902A92846FFF7E2FF0E9A02ABA21872
:10DE1000944214D014F8015B13F8011B8D42F7D023
:10DE20000BE00E9901AB32465046FFF78BFFDDF851
:10DE300004B0BBF1FF3F05D13E606FF0310005B08B
:10DE4000BDE8F08F0F9B0BEB0300FFF79FFF4845EA
:10DE5000F2D15A462046FFF7A3FF0BF1010608F165
:10DE60000108C5E770B5C02288B00E46012190F8C0
:10DE70003051044601F0D8FBF0B901A92046FFF764
:10DE8000A3FDC8B90122FF21204601F0CDFB98B9BE
:10DE90003246B621204601F006FC68B90246FF2151
:10DEA000204601F0C1FB38B92A460121204601F085
:10DEB000BBFB08B984F8305108B070BDF0B50F460F
:10DEC00089B01646FF210122044601F0ADFB02464F
:10DED000A8B94F21204601F0A7FB80B92C224E2182
:10DEE000204601F0A1FB024648B9FF21204601F07F
:10DEF0009BFB20B9B422B621204601F095FB0025FA
:10DF0000C4F82451A4F82851DEB9354607ABB42231
:10DF1000CDE903730623CDE90032029504F592732F
:10DF200004F5957231462046FFF756FF30B90123BC
:10DF300084F8153184F8137184F8146109B0F0BDC8
:10DF4000013505F1B400FFF721FF0028DED12C2DAB
:10DF5000F6D1DBE710B541F001020021044601F0E3
:10DF600063FB78B9204600F042FA58B901462046D2
:10DF7000FFF7FEFC30B9024601462046BDE81040DE
:10DF800001F052BB10BD2DE9F74F4FF0000B884652
:10DF90001746FF21012205461E469DF838A09DF830
:10DFA0003C908DF807B001F03FFB5A4604465946B5
:10DFB000284601F039FB5A460443FF21284601F068
:10DFC00033FB64B2044364B2B8F1000F32D0BAF14B
:10DFD000000F06D00C9ACB21284601F059FB2043B4
:10DFE00044B2B9F1000F07D00DF10702EE21284627
:10DFF00001F04EFB204344B20122FF21284601F0EC
:10E0000013FB012204430021284601F00DFB64B2FA
:10E0100004430022FF21284601F006FB64B29DF86C
:10E0200007300D9A204323F0100340B2137003B061
:10E03000BDE8F08FBAF1000F06D03A46CB21284652
:10E0400001F0F2FA204344B2B9F1000FD4D03346C4
:10E050008022EE21284601F0FDFACBE72DE9F047BA
:10E0600086B01546002206460F468DF817209946C1
:10E070001BB390F8308101221146304601F0D4FAEA
:10E0800004468246F0B940213046FFF763FF04465C
:10E09000A8B9012D19D10DF11703CDE90250CDE931
:10E0A00000730246034629463046FFF76CFF68B10D
:10E0B0000446204606B0BDE8F0879846DBE787F8BF
:10E0C00000A0F6E700233B70F3E73870B9F1000FCA
:10E0D000EFD042460121304601F0A6FA044600285E
:10E0E000E7D186F83081E4E72DE9F047074686B0AE
:10E0F0000D46164699461BB390F830810222012145
:10E10000384601F091FA04468246F0B90146384695
:10E11000FFF720FF0446A8B9012E19D10DF117030E
:10E12000CDE9020600930246034601953146384682
:10E13000FFF729FF68B10446204606B0BDE8F08726
:10E140009846DBE785F800A0F6E700232B70F3E79D
:10E150002870B9F1000FEFD042460121384601F096
:10E1600063FA04460028E7D187F83081E4E7F8B580
:10E170001D46164600232A4690F830710446FFF7E4
:10E180006DFF70B903462A4631462046FFF7ACFFC3
:10E1900038B93A460121204601F046FA08B984F818
:10E1A0003071F8BD2DE9F04F002393B0CDE90A128C
:10E1B000C0F82431A0F828310122FF21CDE90E3327
:10E1C000B0F83C718DF8343005468DF8353001F0EB
:10E1D0002BFA0446002840F0E78002464F212846EB
:10E1E00001F022FA0446002840F0DE802C224E2165
:10E1F000284601F019FA0446002840F0D58002466E
:10E20000FF21284601F010FA0446002840F0CC8097
:10E21000B422B621284601F007FA0446002840F04F
:10E22000C38002468021284601F0FEF904460028FA
:10E2300040F0BA8003460DF135020DA92846FFF7DC
:10E2400096FF0446002840F0AF8005F595730893CB
:10E250000323CDE90203B421062305F592790DF1DC
:10E260003808CDE90031CDF8108001464B4605F560
:10E2700095722846FFF7B0FD0446002840F09480D0
:10E280000DF1360128460E9EFFF7ECFD04460028EE
:10E2900040F08A80BDF83630BB424CD9C5F8240125
:10E2A000A5F8280106F1B400FFF770FD08B92B2E80
:10E2B0003FD90623B4224FF0030ACDE90032CDE95D
:10E2C000026A089ACDF810804B4601212846FFF7D4
:10E2D00083FD60BB0DF1360128460E9EFFF7C2FD9F
:10E2E00028BBBDF83630BB427AD84FF0010B9F42B5
:10E2F00079D9DB1B83EAE372A2EBE3720323069373
:10E3000005F592735FFA8BF809920793079B1868DB
:10E310009B881090ADF8443032460FAB0898062128
:10E32000FFF710FD0F9E731C08D16FF031000446FB
:10E330003AE00136B6E74FF0000BD8E706F1B4003B
:10E34000FFF724FD584537D1069B3246484603F176
:10E35000010AFFF725FD0028E7D149462846013686
:10E36000FFF730FD0028E2D10DF136012846FFF716
:10E3700079FD0028DBD1BDF83610CA1B002AB8BFD2
:10E380005242B94214D9099B934217D210A9284688
:10E39000FFF718FD0799BDF8442003461098C5F80B
:10E3A00024018A8043B11C46204613B0BDE8F08F9B
:10E3B000CDF818A00992A9E7DDF818A00A9BC3F8C8
:10E3C00000A00B9B83F80080012385F815310A9B80
:10E3D0001B6885F813310B9B1B7885F81431E3E734
:10E3E0004FF00108EAE74FF00008C246E6E737B50C
:10E3F000002304468DF8073044F620650DF107012F
:10E400002046FFF768FC58B99DF80730012B07D06C
:10E41000013D03D0204601F05CF9EFE76FF0060004
:10E4200003B030BD02464FF08043934202D8002033
:10E4300013B970479B08F8E7C11891424FEA5000A2
:10E440009CBFC018521A9B08F2E7F7B5002283213F
:10E45000054601F0E9F8044698B9064644F62067F7
:10E460000DF107028321284601F012F99DF80730CB
:10E470000343DBB2044623B90136BE42F0D16FF04C
:10E48000060401228321284601F0CEF8204340B241
:10E4900003B0F0BD2DE9F04F90F8F07091B0002678
:10E4A000072FCDE907660546884600F083820122E2
:10E4B000802101F0B9F801220446FF21284601F02D
:10E4C000B3F8324604433146284601F0ADF864B251
:10E4D00004430622FF21284601F0A6F864B2044353
:10E4E0000DF115028321284601F0D2F89DF8152080
:10E4F00064B2044342F004028321284601F094F8F8
:10E5000064B204430722FF21284601F08DF864B26B
:10E51000012281210443284601F086F864B20443B5
:10E52000284601F0D6F864B204430122802128462F
:10E5300001F07AF864B2044318F0010B64B200F001
:10E540003D82FA0700F13D826B229421284601F0BA
:10E550006BF806462846FFF778FF06AA0643902187
:10E56000284601F0ABF8344364B2242294210443DA
:10E570002846069E01F058F864B204432846FFF787
:10E5800064FF64B2044306AA9021284601F096F87D
:10E59000069B64B21BBA25229421044328460993A2
:10E5A00001F042F864B204432846FFF74EFF64B21C
:10E5B000044306AA9021284601F080F8069B64B225
:10E5C0001A0E04431B0CC6F3062A64B2C6F3C03607
:10E5D0008DF828208DF8293018F00203029300F0FE
:10E5E000DB8017F0020940F0D780022294212846F0
:10E5F00001F01AF801902846FFF727FF019B0DF163
:10E6000016020343902128461C4301F041F864B2EE
:10E610007B2294210443284601F006F864B20443A7
:10E620002846FFF712FF64B204430DF11702902150
:10E63000284601F02DF864B277229421044328463D
:10E6400000F0F2FF64B204432846FFF7FEFE64B216
:10E65000044306AA9021284601F030F8069B5A0E82
:10E660008DF82C20C3F386428DF82D20C3F3C622EB
:10E670008DF82E2064B2C3F30612DB0003F078039A
:10E68000942104438DF82F20284678228DF81530E8
:10E6900000F0CAFF64B204432846FFF7D6FE64B216
:10E6A000044306AA9021284601F008F8069B9DF82D
:10E6B000152002EB53728DF83020C3F386528DF88B
:10E6C0003120C3F3C6328DF83220C3F306228DF811
:10E6D000332064B2C3F346029B0103F0400394214C
:10E6E00004438DF83420284679228DF8153000F047
:10E6F0009BFF64B204432846FFF7A7FE64B20443BD
:10E7000006AA9021284600F0D9FF069B9DF8152007
:10E7100002EB93628DF83520C3F3C6428DF83620A4
:10E72000C3F306328DF8372064B2C3F346129B0060
:10E7300003F07C03942104438DF8382028467A2284
:10E740008DF8153000F070FF64B204432846FFF7DF
:10E750007CFE64B2044306AA9021284600F0AEFF76
:10E76000069B9DF815208DF83E9002EB93728DF874
:10E770003920C3F3C65264B28DF83A20C3F306427F
:10E7800004438DF83B20C3F34622C3F3860364B2EF
:10E790008DF83C208DF83D3018F00403019300F013
:10E7A00012817B0700F10F817B229421284600F023
:10E7B0003BFF81462846FFF748FE07AA49EA0009C1
:10E7C0009021284600F07AFF44EA09094FFA89F9B6
:10E7D00049EA00047C229421284600F025FF64B217
:10E7E00004432846FFF731FE64B2044308AA90218F
:10E7F000284600F063FF64B2732294210443284644
:10E8000000F012FF64B204432846FFF71EFE64B214
:10E81000044306AA9021284600F050FF069B64B2EC
:10E820001B0274229421044328461FFA83F900F046
:10E83000FBFE64B204432846FFF707FE64B20443BC
:10E8400006AA9021284600F039FF64B29DF81B30DB
:10E85000752294210443284643EA090900F0E4FEA6
:10E8600064B204432846FFF7F0FD64B2044306AAED
:10E870009021284600F022FF069B64B21B029BB247
:10E880007622942104432846039300F0CDFE64B21F
:10E8900004432846FFF7D9FD64B2044306AA902139
:10E8A000284600F00BFF64B29DF81B20039B044335
:10E8B00064B21343002281212846039300F0B4FE82
:10E8C00006220443FF21284600F0AEFE64B2044352
:10E8D0000DF115028321284600F0DAFE9DF815207F
:10E8E00064B2044302F0FB028321284600F09CFE40
:10E8F00064B204430122FF21284600F095FE64B271
:10E90000044301220021284600F08EFE64B2044335
:10E910000022FF21284600F087FE64B20443002253
:10E920008021284600F080FE64B2204340B20028D7
:10E9300041D1039BBBF1000F0CD0F8070AD4099812
:10E94000BDF8282085F813A185F81461C5F82A01BF
:10E95000A5F82E21029A82B1B9070ED49DF816208F
:10E9600085F8F1209DF8172085F8F2200BA905F114
:10E97000F300029305F0AAFC029B019AB2B17A0758
:10E9800014D4079AC5F81821089AC5F81C214FEA33
:10E990004922C5F820213BB1A3F5C8534FF47A7240
:10E9A00053431B095B429BB21BB2EB6047EA08076B
:10E9B00085F8F070002011B0BDE8F08F5E46DA46B1
:10E9C0000AE6B24608E64FF000094B4672E740B14E
:10E9D00001380023FF2803F1010203D800EB0320D4
:10E9E00080B2704740081346F4E7C3B2000A03FA46
:10E9F00000F0013070470000084B5A434FF47A731F
:10EA000002F5FA724FF4FA60B2FBF0F0B2FBF3F2E7
:10EA100003FB0100B0FBF2F0704700BF002F3A008B
:10EA2000064B5A434FF47A7002F5FA72B2FBF0F2D9
:10EA30004A4302F5FA72B2FBF0F07047002F3A0039
:10EA40002DE9FF4102294FF00005074616468DF8D3
:10EA50000350ADF804501CD80DF102022946FEF710
:10EA6000CDFB044630B90DF103024621384600F0D3
:10EA70000FFE04469DF80300FFF7B7FF81B29DF833
:10EA800002203846FFF7CCFF3060204604B0BDE8D6
:10EA9000F081032918D10DF102022946FEF7AEFBE1
:10EAA0000446002846D101460DF102023846FEF721
:10EAB000A5FB044628B901AA5121384600F0F3FD10
:10EAC0000446BDF80400D7E7042935D102A9FEF7B2
:10EAD000E9FB9DF80B304BB30DF102022946384695
:10EAE000FEF78CFB044618BB01AA5121384600F002
:10EAF000DAFD0446BDF80400FFF777FF85B2BCB924
:10EB00000DF1020201213846FEF778FB044678B980
:10EB10000DF106027121384600F0C5FD0446BDF82E
:10EB20000600FFF762FF80B2401BA7E71D46E7E73C
:10EB30000020F9E72846A7E728462C46A4E7F0B5C9
:10EB4000022985B0054616461ED80DF105020021A2
:10EB5000FEF754FB0446A0B99DF80520314628462F
:10EB6000FFF74AFF83B2B3F5807F9ABF00F1FF320F
:10EB7000D2B2FF22A5F8D8204621284600F054FD45
:10EB80000446204605B0F0BD03291FD10DF1050252
:10EB90000021FEF733FB9DF8052004463146284648
:10EBA000FFF72AFF80B2FFF712FF0246ADF806001A
:10EBB000A5F8D800002CE4D15121284600F03FFDF3
:10EBC00004460028DDD1C5F8E460DAE7042939D12C
:10EBD00002A9FEF767FB9DF80B70B7B10DF10502B6
:10EBE00000212846FEF70AFB04460028C9D10DF192
:10EBF00006025121284600F056FD04460028C0D1E7
:10EC0000BDF80600FFF7F1FE87B20DF10502012104
:10EC10002846FEF7F3FA04460028B2D19DF80520F5
:10EC200031462846FFF7E8FE3844FFF7D0FE712151
:10EC30000246284600F003FD04460028A1D1C5F88D
:10EC4000DC609EE76FF003049BE7F0B585B000231E
:10EC50008DF80330D30705460F46164605D441B953
:10EC6000A2F10C03DAB2062A12D96FF0030005B044
:10EC7000F0BD012920D1A2F10803DAB2062AF4D8A6
:10EC8000062B19D8DFE803F03718651886189900A5
:10EC9000062B11D8DFE803F0041029102B102D00EB
:10ECA00018225721284600F0BFFC0822562128468A
:10ECB00000F0BAFC0028DAD17408013CE4B2002F5D
:10ECC00000F08E80012FD0D101AA04212846FFF741
:10ECD000B7FE38B922467021284600F0A5FC00286E
:10ECE00000F0B28085F8E060C1E73022D9E7402229
:10ECF000D7E75022D5E71022482100F095FC0822E2
:10ED00004721284600F090FC022204463221284682
:10ED100000F08AFC0C2204433021284600F084FCD9
:10ED200064B204430122FF21284600F07DFC64B256
:10ED3000044364B230223021284600F075FC0022E2
:10ED40000443FF21284600F06FFC64B2204340B228
:10ED5000B0E72822482100F067FC08224721284616
:10ED600000F062FC032204463221284600F05CFCDD
:10ED7000044364B209223021284600F055FC0122E8
:10ED80000443FF21284600F04FFC64B2044364B200
:10ED90002022D0E73822482100F046FC08224721F3
:10EDA000284600F041FC032204463221284600F0A8
:10EDB0003BFC044364B20822DDE74822114600F020
:10EDC00033FC08224721284600F02EFC032204468B
:10EDD0003221284600F028FC044364B20722CAE727
:10EDE00002AA03212846FFF72BFE88B903AA0221B5
:10EDF0002846FFF725FE58B922465021284600F044
:10EE000013FC28B9029A03212846FFF798FE10B197
:10EE100085F8E8602BE7039A02212846FFF78FFE6A
:10EE200085F8E86000287FF422AF69692846FEF77C
:10EE3000E1F900287FF41BAF024601230DF1030125
:10EE40002846FFF751F912E7019A04212846FFF7F7
:10EE500076FE85F8E060E5E713B5144629B101298F
:10EE600010D06FF0030002B010BD0DF10702502169
:10EE700000F00EFC0028F6D19DF8073001335B004E
:10EE80002370F0E70DF107027021F1E7F0B50023E0
:10EE900085B04FF4FA62CDE9002344F61F6399422E
:10EEA00006460F4604D86FF00305284605B0F0BDAE
:10EEB00002A9FEF7F7F905460028F6D19DF80920CA
:10EEC0009DF8083013439DF80A201343A7F6363403
:10EED0001BD06A4602213046FFF7B2FD00283BD125
:10EEE0009DF808302BB1009B03F24E239C42DAD9E7
:10EEF000E41A9DF80A3023B3009B03F2B223B4EB6B
:10EF0000430F4FEA4302CED9A41A9DF80B305BB1F0
:10EF100001AA03213046FFF793FD019B03F52573FA
:10EF20009C42C0D9C0B9E41A9DF80C30002BBCD06B
:10EF3000A4F2262204213046FFF701FE7761054640
:10EF4000B3E79DF80930002BDFD0009B03F5257354
:10EF50009C42A8D9E41AD8E70546A6E770B54FF455
:10EF6000FA6286B00023CDE9022340F636330B6007
:10EF70000C4604A90646FEF795F90546002836D149
:10EF80009DF811209DF8103013439DF81220134373
:10EF900019D002AA02213046FFF752FD002840D1C5
:10EFA0009DF810302BB1029B03F24E2223681344CC
:10EFB00023609DF81230EBB1029B03F2B22223686A
:10EFC00003EB420323609DF81330EBB99DF8143036
:10EFD0005BB101AA04213046FFF732FD019B03F229
:10EFE0002622236813442360D8B923687361284616
:10EFF00006B070BD9DF81130002BE4D0029B03F5E4
:10F00000257223681344DDE703AA03213046FFF786
:10F0100017FD039B03F52572236813442360002822
:10F02000D4D00546E3E72DE9F743002406460D4614
:10F03000204615F80480B8F1000F00D010B103B0DD
:10F04000BDE8F083671CB8F1FF0F15F8079029D1D0
:10F05000A71CEB5DB9F1030F36D8DFE809F0020B0E
:10F06000131B271D2C44E27802EB0323A6F834314E
:10F070003C46DEE7271D2C44E27802EB0323A6F88A
:10F080003631F5E7271D2C44E27802EB0323A6F87E
:10F090003831EDE7271D2C44E27802EB0323A6F874
:10F0A0003C31E5E7B8F1040F0ED802344246291985
:10F0B00001A8F1F785F8434601AA4946304604EB1A
:10F0C000080700F091FAD3E76FF00300D0E773B5BB
:10F0D00000230E4613600DF1070105461446FEF7A6
:10F0E00018F940B99DF807302BB1B38A2A6A534307
:10F0F00080331B0A236002B070BD13B5CB68136068
:10F10000144601AAFFF7E3FF18B92368019A1344D4
:10F11000236002B010BD0000F8B5B0F85451D0F82B
:10F12000580168438030000A0E464543DDE9071761
:10F13000144652B1B60206EB5202B2FBF4F202EBF5
:10F140004202524302F50042140C069A534301F561
:10F150000042120C06200332B2FBF0F2C2EBC202F4
:10F16000B2F5803F38BF033103F500433EBFB1FB2A
:10F17000F0F1C1EBC10101F500414FEA134334BF87
:10F18000090C1B4903FB03F338BF494303EB570347
:10F190000B44B3FBF7F39B03FE2205F120007F3302
:10F1A000B3FBF2F35C434FF47A7704F5FA74800909
:10F1B000B4FBF7F42401FFF735F904F5FA74BC4207
:10F1C00028BF4FF4FA63064629BFB4FBF3F30020CF
:10F1D0005B19B4FBF7F428BFB3FBF4F0FFF722F997
:10F1E000099B864294BF1E6018600020F8BD00BFD6
:10F1F0000000F0FF2DE9F04F93B0CDE908230B6933
:10F200000A930546CB680D930F4611AAFFF775FFC9
:10F2100010AA39462846FFF75AFF834650BB119C77
:10F2200095F8E0A0D5F8DC3006934FF47A7606FB2B
:10F2300004F101F500410591803410990B9124F0FF
:10F24000FF010C9111910599D5F8E4300793BAF1BB
:10F25000080F0CBF02230323090C95F8E820DFF800
:10F26000AC810E910AD1089BC3F80080099BC5F8B8
:10F2700040811860584613B0BDE8F08F07990F938E
:10F280002846FFF7B9FB5246069981462846FFF704
:10F29000B3FB0F9B59490E9A814403FB09F94FEACE
:10F2A000C92940F2776309F5FA79240AB9FBF6F91E
:10F2B00003FB09F909F5FA79B9FBF6F909FB04F43E
:10F2C00004F180030A9C74430C40B4FBF2F44C4AF2
:10F2D0001B0A944228BF1446012B38BF01230C207F
:10F2E0004FF4167258435443FFF79CF83B7E4FEAA5
:10F2F000400A002B7FD14149059B3A890B4003F519
:10F30000FA71404B5A4341F25C23B2FBF3F20B9B80
:10F310007343B3F5481F28BF4FF44813A1EB4303D1
:10F32000B1FBF6F1B3FBF6F31B02B3FBF1F63602C9
:10F33000C6F58036564306F50046760C06F50046BF
:10F340007643B60B4FF44873734303F5004304F55B
:10F3500000401B0C5B43000C00FB0030FFF762F821
:10F3600003046422323341F28837B3FBF2F340F6F0
:10F37000B532B3FBFAF302FB0377234B9F429CBFEA
:10F3800042F21073B7FBF3F7DDE90632134403F5DD
:10F39000FA734FF47A7A4FF4FA62B3FBFAF0B3FBE4
:10F3A000F2F202F5C812B2FBF0F088BF4FF47047DA
:10F3B000FFF738F8000200F5FA70B0FBFAF04043AE
:10F3C00007FB0700FFF72EF80AFB00F0089B4045FB
:10F3D00028BF40461860099BC5F84001CDE902935B
:10F3E0004FF448730093DDE90C120194334628462C
:10F3F000FFF792FE3EE74FF48036A3E70000FFFFE1
:10F40000666666009A9906000F279F24AE878F02D2
:10F410002DE9F04F9B468BB00023C1F3C309904602
:10F4200019460DF10E02159F8DF80E3004468DF829
:10F430000F308DF810308DF81130ADF8123009937F
:10F44000FDF7C1FF4FF2A10A9DF80E502AFA09FA02
:10F450000AF0010A0646DDB10023002840F09D8035
:10F46000149909AB05AA2046FFF7C4FE002840F016
:10F470009680149A099B5381014606AA2046FDF7FF
:10F48000DBFF069D25B1059B9D422CBF0025012574
:10F4900020B904AA02212046FDF795FF9DF81060CF
:10F4A00026B300287DD107AA02212046FDF7C4FF1C
:10F4B00088B90122FF21204600F0B6F858B90DF1B5
:10F4C0001202B621204600F0EEF820B90246FF21D4
:10F4D000204600F0A9F8BDF81230079E5B02C4F880
:10F4E00048311EB19E422CBF0026012628B90DF1DD
:10F4F000110203212046FDF766FF9DF8113093B1FC
:10F5000000286FD1BBF1000F03D04FEA0828B8FBE9
:10F51000FBFB08AA03212046FDF78EFF089B5B45F5
:10F5200094BF0023012320B9BAF1000F3BD0FF2282
:10F530003A703A780AB914994A810DF10F02012103
:10F5400020460193FDF73FFF20BB9DF80E20019B55
:10F55000002A08BF45F00105B9F1040F18BF9DF856
:10F560000F2084F82E501ABFB2FA82F252090122FB
:10F5700084F82F209DF81020002A08BF46F00106CD
:10F580009DF8112084F83060002A08BF43F0010381
:10F5900084F831300BB0BDE8F08F1D467EE735466C
:10F5A0007CE70026A9E709F1FF32092A0AD8DFE83B
:10F5B00002F0050505090907090B070B0522B7E746
:10F5C0000422B5E7012E01D10322B1E7B9F1040FFE
:10F5D00001D0012B01D10222AAE7012D16BF002381
:10F5E0003D703B700023A4E710B53F2B90F85C0101
:10F5F0008CBF6FF00304002403F052F900280CBF05
:10F6000020466FF0130010BD10B53F2B90F85C0141
:10F610008CBF6FF00304002403F04CF900280CBFEA
:10F6200020466FF0130010BD08B590F85C0103F0A0
:10F630004BF9002814BF6FF01300002008BD08B577
:10F6400090F85C0103F047F9002814BF6FF0130035
:10F65000002008BDF7B590F85C71154638460DF1ED
:10F6600007020E461C4603F044F918B16FF0130070
:10F6700003B0F0BD9DF807301D4044EA0502314655
:10F6800038468DF8072003F01FF90028F0D0EDE789
:10F6900008B590F85C0103F02CF9002814BF6FF056
:10F6A0001300002008BD08B590F85C0103F02AF9AA
:10F6B000002814BF6FF01300002008BD08B590F8B3
:10F6C0005C0103F02EF9002814BF6FF01300002036
:10F6D00008BD08B50A20F6F77AFF002008BD08B576
:10F6E00013460A460146682000F088FB003818BF20
:10F6F000012008BD0A460146682000F073BB0000E7
:10F70000F0B54E4B4E4D4F4C85B00026186023206F
:10F71000C5E900662680AE60F6F759FF0DF10502D7
:10F7200001217520FFF7DBFFC8B3474B6B60474BE8
:10F73000AB600DF1060243F64333012130462B80C6
:10F74000FFF7CDFF9DF8063060B3EA2B2AD142F6D1
:10F750003353314606277F202B802770FFF7CAFFDF
:10F760000A20F6F734FF78210320FFF7C3FF0A20B1
:10F77000F6F72DFF01213846FFF7BCFF0A20F6F708
:10F7800026FF3F210720FFF7B5FF1420F6F71FFFE4
:10F7900031460720FFF7AEFF0A20F6F718FF294889
:10F7A00005B0F0BD03F07E038DF8063030B1682B54
:10F7B00004D1012323701D232B70F0E79DF8053041
:10F7C00003F07E03682B8DF8053032D10223062129
:10F7D000237002AA6B68084698479DF80D309DF883
:10F7E0000B209B00520002F0020203F004031343BB
:10F7F0009DF8092002F0010213430CD0012B02D125
:10F8000000236370CBE7022B01D10123F9E702202B
:10F81000F6F7E8FEC3E76B680DF1070201210C2043
:10F8200098479DF8073013F00F03F0D0042BECD16C
:10F83000E6E7702B04BF04232370B0E7701A0020A2
:10F84000741A002025260020DFF60008F5F60008CF
:10F8500037B50D4C2378ABB90C4D2B6893B11868B4
:10F8600010B10121FBF724FE2B689A889868ADF847
:10F87000042001A94FF40072ADF8062000F058FDF5
:10F880000123237003B030BD24260020701A00200D
:10F8900037B50B4B04465D6858786A460621A84781
:10F8A00058B1BDF800305BBA2380BDF802305BBAB6
:10F8B0006380BDF804305BBAA38003B030BD00BFE5
:10F8C000741A002037B50B4B04465D6818786A46F9
:10F8D0000621A84758B1BDF800305BBA2380BDF8B7
:10F8E00002305BBA6380BDF804305BBAA38003B01A
:10F8F00030BD00BF741A0020024B01469B687F2078
:10F90000184700BF741A002008B5FFF7A1FF024B8B
:10F910004FF480521A8008BD7200002013B5304C9D
:10F92000FFF796FF0020FFF7E7FFA368802106207E
:10F9300098479620F6F74BFEA368012106209847CA
:10F940003220F6F744FE636800200DF10702012122
:10F950008DF8070098479DF80730EA2B01D0F2F7A1
:10F96000B9FDA3680021032098470120F6F72FFE78
:10F97000A3680021072098470120F6F728FE2020E1
:10F98000FFF7BAFF0120F6F722FEA3681F2101202E
:10F9900098470120F6F71BFE0021A3680846984708
:10F9A0000120F6F714FEA3683521142098470120A2
:10F9B000F6F70DFEA3680021102098470120F6F706
:10F9C00006FEA3680021112098470120F6F7FFFDED
:10F9D0000020FFF791FF0120F6F7F9FD02B010BDFE
:10F9E000741A0020054B1B78062B01BF044B0360E3
:10F9F000044B43600CBF01200020704725260020E7
:10FA000009F9000891F80008064B1B78062B01BF86
:10FA1000054B0360054B436003BF054BC3600120EA
:10FA200000207047252600201DF90008C5F80008B1
:10FA30002D23FA3B10B57D4B98428AB0044640F026
:10FA4000B18001214FF48020FBF732FD01214FF4FA
:10FA50000010FBF745FD1020FBF710FD00212046AC
:10FA600002F0A3FB204602F049FB03A802F076F95E
:10FA70006F4B70484FF4407403A9CDE9034302F083
:10FA80002BF921466B4802F077F90520F6F794FD33
:10FA9000122468484FF4007102F067F9012811D070
:10FAA0004FF48071634802F069F90520F6F784FD90
:10FAB00060484FF4807102F05FF90520F6F77CFD95
:10FAC000013CE6D14FF400715A4802F057F9052085
:10FAD000F6F772FD4FF48071564802F04DF905209B
:10FAE000F6F76AFD4FF40071524802F045F905201F
:10FAF000F6F762FD01214FF40010FBF709FD052028
:10FB0000F6F75AFD00214FF40010FBF701FD052028
:10FB1000F6F752FD01214FF40010FBF7E1FC4548D8
:10FB20000422082102F02CF904220921414802F0A4
:10FB300027F901A802F012F903A802F02BFB3E4BB3
:10FB40003C484FF48071CDE9011301A902F0C4F8DB
:10FB50004FF4007301A93748019302F0BDF803A8E0
:10FB600002F018FB0024354B039301214FF40010E1
:10FB7000CDE90444CDE9074406940994FBF7C8FC99
:10FB80000520F6F719FD21464FF40010FBF7C0FCE5
:10FB9000264803A902F0CEFA2448012102F005FB11
:10FBA0000AB010BD264B9842FAD101214FF48400CF
:10FBB000FBF77EFC01214FF48000FBF791FC21480C
:10FBC000FBF75CFC20480422062102F0D9F804224D
:10FBD0000A214FF0904002F0D3F801A802F0BEF8DD
:10FBE00003A802F0D7FA144B1748402201A9CDE927
:10FBF000012302F071F84FF4806301A94FF09040A7
:10FC0000019302F069F803A802F0C4FA0023CDE9D9
:10FC10000433CDE907330693099303A9074B0393F4
:10FC2000204602F087FA01212046B7E70054004041
:10FC30000103010000040048020301007A25E000EE
:10FC40000058004020000010001400480E4B98425D
:10FC50000CBF0E4A0E4A138810B501330D4C9BB2EF
:10FC600013802068002102F0A0FA20684FF44C7144
:10FC700002F0C3FA2068012102F097FA2068FFF72A
:10FC8000D9FE002010BD00BF005400401424002005
:10FC900012240020801A0020044B01460448002949
:10FCA00018BF1846034B1860FFF7C4BE0058004049
:10FCB00000540040801A0020044B1A68044B9A42FA
:10FCC0000CBF044B044B188880B27047801A002088
:10FCD0000054004014240020122400202DE9F74392
:10FCE0003E4D3F4C98464FF4204306468946174602
:10FCF0002B6020684FF4004102F079FA00283DD1D2
:10FD00004FF400537600009306F0FE064FF0807328
:10FD100020680122314602F051FA4FF420432B6053
:10FD20002068022102F063FA002833D02068494697
:10FD300002F058FA4FF420432B602068802102F033
:10FD400056FA68B3002300933A46314620684FF0D4
:10FD5000007302F033FA08EB07064FF42047B04572
:10FD60002F6028D12068202102F041FA00282ED0EF
:10FD70002068202102F041FA012008E02B685A1E79
:10FD80002A60002BB5D12068FFF760FF002003B088
:10FD9000BDE8F0832B685A1E2A60002BC0D1F2E721
:10FDA0002B685A1E2A60002BC7D1ECE72B685A1E1D
:10FDB0002A60002BE7D02068022102F018FA002800
:10FDC000F4D018F8011B206802F00CFAC7E72B6882
:10FDD0005A1E2A60002BC5D1D5E700BF841A002027
:10FDE000801A002007B58DF807200DF107030122C6
:10FDF000FFF774FF03B05DF804FB00002DE9F74343
:10FE00003F4D404C98464FF42043064689461746DE
:10FE10002B6020684FF4004102F0E9F90346002806
:10FE20003DD14FF400527600009206F0FE062068A5
:10FE30000122314602F0C2F94FF420432B602068C2
:10FE4000022102F0D4F9002836D02068494602F099
:10FE5000C9F94FF420432B602068402102F0C7F914
:10FE600000282FD04FF410530093314620684FF0F4
:10FE700000733A4602F0A2F900264FF42049BE4230
:10FE8000C5F8009029D12068202102F0B0F900289F
:10FE900030D020682021F6B202F0AFF908E02B68DC
:10FEA0005A1E2A60002BB4D12068FFF7CFFE00262F
:10FEB000304603B0BDE8F0832B685A1E2A60002B41
:10FEC000BDD1F1E72B685A1E2A60002BC4D1EBE7A5
:10FED0002B685A1E2A60002BE6D02068042102F00D
:10FEE00086F90028F4D0206802F07EF908F80600B0
:10FEF0000136C4E72B685A1E2A60002BC3D1D3E712
:10FF0000841A0020801A00202DE9F7432C4D2D4C37
:10FF10004FF4204306460F4690462B6020684FF46E
:10FF2000004102F064F9814630BB4FF40053760083
:10FF300006F0FE060093314620684FF080730122E0
:10FF400002F03CF9CDF800903A46314620684FF077
:10FF5000007302F033F947444FF42046B8452E6051
:10FF60001BD12068202102F042F910B32068202123
:10FF700002F043F9012008E02B685A1E2A60002B8A
:10FF8000CCD12068FFF762FE002003B0BDE8F0830B
:10FF90002B685A1E2A60002BF3D02068022102F041
:10FFA00026F90028F4D018F8011B206802F01AF98D
:10FFB000D4E72B685A1E2A60002BD2D1E1E700BF9C
:10FFC000841A0020801A00202DE9F7434FF41053C3
:10FFD0001F4D00930F464100904628681D4E4FF07C
:10FFE00000733A4601F0FE0102F0E8F800244FF4F5
:10FFF0002049BC42C6F8009016D12868202102F0A2
:020000040801F1
:10000000F6F8F0B128682021E4B202F0F6F807E033
:1000100033685A1E32603BB92868FFF717FE002488
:10002000204603B0BDE8F0832868042102F0DFF821
:100030000028EDD0286802F0D7F808F80400013451
:10004000D7E733685A1E3260002BD6D1E4E700BFF1
:10005000801A0020841A002010B5012188B04FF4C6
:100060008040FBF73DFA01214FF48040FBF750FA46
:1000700001214FF48020FBF71BFA274805220D21B0
:1000800001F07EFE244805220E2101F079FE22486F
:1000900005220F2101F074FE052211461E4801F0D1
:1000A0006FFE1D4805220C2101F06AFE4FF46042EC
:1000B00040F2023301A91848CDE901234FF48054DE
:1000C00001F00AFE40F2013301A91348CDE90143D2
:1000D00001F002FE114802F093F8114B11484FF065
:1000E0008271CDE903130823CDE9050321460723D7
:1000F0000A48ADF81C3002F006F903A9074802F0DF
:10010000B1F80648012102F0F2F80348214601F057
:1001100033FE08B010BD00BF0004004800380040A6
:10012000000702000100000208B5044B984203D109
:10013000FFF792FF012008BD0020FCE700380040D7
:100140000B4B984207D10B4A138801339BB21380A3
:100150004FF0FF307047084B984201D1074AF3E750
:10016000074A138801339BB21380108880B270470E
:10017000003001401A2400200038004018240020DC
:100180001624002070B504460E4640F2E9350221DF
:10019000204602F0C7F878B13146204602F0BEF89A
:1001A00040F2E9350121204602F0BCF868B1204652
:1001B000BDE8704002F0B4B8013DADB2002DE6D10B
:1001C0002046FFF7BDFFC0B270BD013DADB2002DAE
:1001D000E8D1F5E72DE9F8439846838904460D46B2
:1001E00016464FF47A77B8F1000F01D1012025E0CF
:1001F000C6B116F8019B0221204602F093F8A0B187
:100200004946204602F08AF80121204602F08AF889
:10021000C0B1204602F084F80DB105F8010B08F1D9
:10022000FF38E0E74FF0FF09E5E77B1E9BB23FB9DF
:100230002046FFF785FF003818BF0120BDE8F8838E
:100240001F46D8E77B1E9BB2002FF1D01F46DBE78D
:1002500008B5FFF7D3FD003818BF012008BD13B55E
:10026000012204466B4610210C20FFF7F1FF10B964
:10027000002002B010BD9DF80030DB07F8D56B46BA
:10028000072211210C20FFF7E3FF0028F0D0BDF872
:1002900000302380BDF802306380BDF80430A380B5
:1002A000012231210C20FFF79DFDE2E7FFF79ABD07
:1002B00008B5012232210C20FFF7F8FF4FF47A70C5
:1002C000F6F785F9012231210C20FFF7EFFF01201D
:1002D000F6F77DF9012008BD37B500240546224612
:1002E0007F2168208DF80740FFF7E0FF32220F21C1
:1002F0006820FFF7DBFF224603216820FFF7D6FFC7
:1003000001220DF1070311460C20FFF7A1FF9DF814
:100310000730092B01BF044B2B60044B6B600CBFF3
:100320000120204603B030BDB10201085F02010880
:10033000F7B506460C4600250127228807FA05F383
:100340001A4219D00093A37803F003028DF8042019
:10035000E278022A02D0032A18BF01228DF8052074
:100360006946C3F301123046C3F381038DF80620BA
:100370008DF8073001F0B0FC0135102DDDD103B050
:10038000F0BD000030B5204D0FCD8DB06C460FC4D0
:100390000FCD0FC495E80F0084E80F0001214FF442
:1003A0000020FBF785F801214FF40020FBF780F8CF
:1003B00001214FF40020FBF77BF801214FF40030BE
:1003C000FBF776F84FF0904310221A8520221A8509
:1003D00040221A854FF48042C3F818284FF4005287
:1003E000C3F818284FF40042C3F8182801AC0025C0
:1003F00054F8040C21460135FFF79AFF062D04F14D
:100400000804F5D10DB030BDFC540108012803D01B
:10041000022813D008B37047174A19B94FF4804324
:1004200093617047012903D14FF4804313857047CE
:10043000938A9BB283F48043938270470E4A11B92A
:100440004FF40053ECE7012902D14FF40053EDE7DC
:10045000938A9BB283F40053EEE7074A11B94FF435
:100460000043DDE7012902D14FF40043DEE7938A20
:100470009BB283F40043DFE70008004810B54FF457
:1004800080510446064801F079FC21460548FFF7F3
:1004900079FEBDE8104002484FF4805101F06CBC79
:1004A000000400480038004013B50F4C2078B0B16C
:1004B00005230E48ADF800304FF4805101F05EFC8A
:1004C00002236A4601A90A48FFF784FE07484FF451
:1004D000805101F051FC9DF8050000F001002070F2
:1004E00080F0010002B010BD272600200004004863
:1004F0000038004070B50646F6F718F80546FFF7D5
:10050000D3FF044620B9F6F711F8401BB042F6D9E4
:10051000204670BD07B59F2332200093F6F757F8A9
:1005200000232A488DF805304FF4805101F026FC55
:1005300004230DEB03016A462548FFF74BFE2348D1
:100540004FF4805101F018FC9DF806309DF805200D
:100550001B0243EA02439DF8072013431D4A9342BE
:100560001D4A13D00CDC1D498B4216D001F51A41EF
:1005700002318B4223D00020C2E9020010601BE050
:1005800017498B421BD001318B42F4D14FF001232C
:1005900013604FF40051134B04E0134B1360114BE5
:1005A0004FF400411985938811881B0293604B43D7
:1005B000D3600E4B0120187003B05DF804FB0C4BA8
:1005C00013604FF48041074BECE700BF0004004884
:1005D0000038004018BA20007803002015202000C1
:1005E0001740EF00000800482000000127260020E7
:1005F0008000000108B545F20820FFF77BFF0620C8
:10060000FFF73CFF034B01221A70C720BDE80840EA
:10061000FFF734BF2726002007B502238DF80430EA
:10062000030C40BAADF8060006208DF80530FFF740
:1006300061FF0620FFF722FF084B094801224FF413
:1006400080511A7001F09AFB04230DEB0302002184
:100650000448FFF7BFFD03B05DF804FB2726002028
:10066000000400480038004002460B4601480021C3
:10067000FFF7B0BD0038004002484FF4805101F050
:100680007BBB00BF0004004837B503238DF804305E
:10069000030C40BAADF8060006200D4614468DF84E
:1006A0000530FFF727FFC8B10D484FF4805101F026
:1006B00065FB04230DEB030200210A48FFF78AFDC6
:1006C0002946084823460022FFF784FD04484FF4DA
:1006D000805101F051FB204603B030BD0446FAE7DB
:1006E00000040048003800400048704778030020AC
:1006F0002DE9F047224E002333804278837A044666
:100700005B000AB9827802B101331E4ADFF878A093
:1007100052F823704FF6FF79A7F10208083738F82E
:10072000025F4D450ED02B0A022B09D0EDB2012BF2
:100730000AEB051509D1637813B1284600F04EFA8B
:100740004745ECD10E48BDE8F087032BF8D1E3799B
:100750003BB17178284600F06BF973780133737000
:10076000EEE7A08900F032F97178A289E38918B127
:10077000284600F031F9F0E7284600F043F9ECE7AD
:1007800028260020F45F0108601E002007B549BA42
:10079000ADF8041001AB014602224020FFF79EFA9B
:1007A00003B05DF804FB07B5014601AB022240200F
:1007B000FFF724FB30B1BDF8040040BA80B203B0AB
:1007C0005DF804FB4FF6FF70F9E741F29F1100203E
:1007D000FFF7DCBF08B50220FFF7E5FFC3075BBFEB
:1007E000C0F3CF0019234FF6FF70B0FBF3F008BD44
:1007F00008B50120FFF7D7FF642300B290FBF3F0A8
:1008000008BD0000064B53F820301A681B89A1F57B
:100810007A7159434FF47A7391FBF3F11160704789
:10082000881A0020024B53F820301B68196070476B
:10083000881A00202DE9F04F9B46454B454D1F7807
:10084000044691467A1C87B000681A700A464946E9
:1008500000F028FE23896068ADF8043001A940F259
:100860000223ADF80630FFF763FD01A894F80AA053
:10087000266801F0BFFE01237022CDE90123022387
:10088000ADF81030BAF1080F4FF480734FEA071833
:10089000CDF80CB005EB0717ADF814303ED01FD8DB
:1008A000BAF1000F28D0BAF1040F2ED0237B1BB170
:1008B0002068012101F046FF2068012101F0B5FD0B
:1008C000A27A2368082A3FD031D8AAB3042A38D0A4
:1008D00045443846A5F808906B6007B0BDE8F08F36
:1008E000BAF10C0FE2D101A9304601F059FE0821FE
:1008F000304601F099FED9E701A9304601F0A2FD8A
:100900000821304601F07DFED0E701A9304601F014
:10091000D9FD0821304601F07AFEC7E701A930462B
:1009200001F008FE5146304601F078FEBEE70C2A81
:10093000CED103F1400201E003F1340245F8082072
:10094000C6E703F13802F9E703F13C02F6E700BF1E
:100950002A260020B81A0020044A52F820201AB192
:100960000B2801D8D3681847704700BF881A0020A9
:100970000023064A10B51C46D9B2884200D810BDE3
:1009800052F8041B096801330C60F5E7881A00204F
:100990002DE9F84300240C4D06462346A046B442F8
:1009A00001D1BDE8F8832A6857689F42A94602D062
:1009B000384600F063FED9F800301B680435C3F8F0
:1009C000008001343B46EAE7881A0020B0F5FA7F40
:1009D00094BF00200120704710B50C460649B1FBBA
:1009E000F2F2142192B2FFF725FF044B43F82400E2
:1009F000034BC36010BD00BF002D3101881A0020D9
:100A00000508010810B50C460649B1FBF2F20121B8
:100A100092B2FFF70FFF044B43F82400034BC3606F
:100A200010BD00BF40420F00881A002025080108B1
:100A300010B500230C464FF6FF720821FFF7FAFEAF
:100A4000024B43F82400024BC36010BD881A0020FB
:100A500025080108024A136C01330B4413647047E4
:100A6000781B0020334BF0B4186C9A68014432486C
:100A70000078C1408A1A9960596040F68C218A42F8
:100A8000DA603CD9197893F9452093F900409142F6
:100A900029D10A1F082A26D893F84620182A03D8F5
:100AA000013283F8462001E083F8444093F9442062
:100AB00091420FD193F8471061B12048204D002199
:100AC00006468A4211DC00210C2A14D11D490A78FD
:100AD00001320A70012283F84720002283F8454042
:100AE0001A70F0BC70470022DBE755F8047F20F84D
:100AF000027B0131E5E726F812100132E4E793F8B2
:100B000047100029EDD0A2F2EF2040F2DA518842DE
:100B100008D819780B2905D8081D013143F8202081
:100B20001970DEE70021F0BC074883F84710302237
:100B300003F010BB781B00202B2600201C24002073
:100B4000841B00202D260020881B0020034B1878D2
:100B5000034B1B78C01A18BF012070472D260020B8
:100B60002C260020024B1A78024B1A70704700BFE7
:100B70002D2600202C260020014B1870704700BF46
:100B80002E260020054A002332F8020B18B9013343
:100B90000C2BF9D170470120704700BF1C240020A6
:100BA0007FB5044601A80E46154601F044FD012319
:100BB0000293094BADF804601B78ADF80650012B89
:100BC00014BF0023032301A92046ADF80C3001F027
:100BD00061FD04B070BD00BF2E2600207FB51C4B08
:100BE0001C4E4FF6FF7200255A640446C3E90155B6
:100BF0001D70DD601D64437B0289F0608DF80E304E
:100C000003A9022340688DF80F30ADF80C20357031
:100C1000FFF78EFBA17A20682A46FFF7C1FF012269
:100C20002946204600F060FC06F110000A4900F059
:100C300070FC06F1140318460849019300F06BFCA0
:100C4000019A2046111F04B0BDE8704000F068BC56
:100C5000781B0020C01B0020650A0108550A010806
:100C6000014B33F8100070471C240020014B33F86F
:100C7000100070471C240020D0E90912036991423A
:100C800038BFC9188A1A416B581E19B14B681A44EB
:100C9000904202D9801AC0B2704700207047436B5F
:100CA00013B190F844007047D0E909031B1A584269
:100CB0005841704710B5044686B0006D002101F020
:100CC000ADFDA3680093A3791A0302F400520292C7
:100CD0001B02627903F48063039302F001039B001B
:100CE000920748BF43F0080304930021206D01914F
:100CF0000591694601F038FD6179A279206D0904FA
:100D000002F0010201F4403101F091FDA179206D62
:100D100011F0080118BF012101F095FD206D01219E
:100D200001F07CFD06B010BD8160FFF7C3BF4171CB
:100D3000FFF7C0BF036B10B502464BB1046C596896
:100D40000B1B8C42D8B202D9D3681844C0B210BD74
:100D5000D0E907408442C1B238BFD068E3B236BFA1
:100D6000C018581A401AF1E7034610B51C6B4069C9
:100D7000D96844B11A6C8C1A013A005D18BF11464B
:100D8000C0B2196410BD1A6A805C01328A4238BF51
:100D90001446C0B21C62F5E72DE9F0471E46514BE0
:100DA0008CB098429DF850908A4617467ED14A46AC
:100DB0003146384600F0D6F800254FF00108C0E96A
:100DC0000755C0E9095580F84480C0F82CA0467149
:100DD000876080F806900446FFF76CFFF2072CD579
:100DE000236B002B6BD001A801F056F9E36C019343
:100DF0004FF48053CDE90A3580230693E368ADF8BC
:100E000010302023206B09936369029305950795A1
:100E10000895039501F0AAF8206B01A901F020F9CB
:100E2000206B414601F045F9206D4246402101F01A
:100E300013FD206B01F04AF92064B3072ED5636BD4
:100E4000002B46D001A801F027F9A36C01930025DF
:100E50004FF48053CDE90A352369606BADF810304B
:100E60008026102303930595079506960895099506
:100E700001F07CF8606B01A901F0F2F80122606BCF
:100E8000022101F026F9606B294601F01DF9636B20
:100E9000206D5D600122314601F0DEFC206D0121F4
:100EA00001F0BCFC20460CB0BDE8F0870E4B984228
:100EB00015D14A463146384600F0DAF87CE7206D15
:100EC0000A4901F0E8FC0949206D424601F0CCFCDA
:100ED000B3E70749206D012201F0C6FCDEE70024DC
:100EE000E0E700BF00380140004400400501050074
:100EF000070107000346826A9969406B1144C1608B
:100F0000596A8A4229BF19698A1A891A416034BF0D
:100F1000426000210022996283F84420012101F0FF
:100F2000C8B8000010B4426A8469A154426A0169D9
:100F300001328A4228BF00224262426B32B11368FA
:100F4000DB070AD45DF8044BFFF7D4BF0449006DFA
:100F50005DF8044B012201F087BC5DF8044B70473B
:100F6000070107007FB53A4B15463A4A1A603A4ADC
:100F70005A613A4A9A614FF48072C3E90322384AAF
:100F80005A63384A1A6524329860DA644FF4804014
:100F900004320C4601219A64FAF796FA01210846B8
:100FA000FAF786FA40F20233ADF80C3005F001068C
:100FB00000238DF80E30280706F101038DF80F305D
:100FC00024D586F0010309214FF090404FF40074BE
:100FD000072202948DF80E3000F0D2FE02A94FF0E5
:100FE000904000F079FE26B921464FF0904000F085
:100FF000C3FE1D4B019301A8FAF732FB1B4B019373
:1010000001A8FAF72DFB124804B070BDA2070DD558
:101010004FF4007309214FF090400722029300F033
:10102000AFFE02A94FF0904000F056FEE307E0D576
:101030004FF4806307220A214FF09040029300F0A2
:101040009FFE02A94FF0904000F046FED1E700BF9E
:10105000F41C0020346001082F2900202F280020D4
:1010600044000240003801400E010001250100014A
:101070007FB5314B1546314A1A604FF48072C3E98F
:1010800003222F4A5A612F4A98609A610C462E4AD1
:101090001A6501214FF40030FAF722FA40F20233C8
:1010A000ADF80C3005F0010600238DF80E3029074D
:1010B00006F101038DF80F301ED586F001030221E1
:1010C0004FF090400424072202948DF80E3000F077
:1010D00057FE02A94FF0904000F0FEFD26B92146D0
:1010E0004FF0904000F048FE184B019301A8FAF72A
:1010F000B7FA114804B070BDA2070CD50423022131
:101100004FF090400722029300F03AFE02A94FF000
:10111000904000F0E1FDE307E6D508230722032114
:101120004FF09040029300F02BFE02A94FF0904048
:1011300000F0D2FDD8E700BFA01C002034600108F9
:101140002F2700202F260020004400402601000108
:1011500010B54FF400500C4C00F0CEFF0B480021AE
:1011600000F0A7FF606B002100F0A3FFD4E9092382
:101170009A4204D02046BDE81040FFF7BBBE0123D1
:1011800084F8443010BD00BFF41C0020440002402D
:10119000026D036B70B5D569044633B9A90604D551
:1011A000C36AF3B1908C80B29847666B8EB92A06F9
:1011B0000FD5A36A626A206D93421FD0591CA269A1
:1011C000A162D15C01F03BFBA26A23699A4200D381
:1011D000A6622B0717D5206D0B49BDE8704001F0C2
:1011E0005ABBE169928C40694E1CD2B2E66142540E
:1011F000E169E268914228BFE361D6E703493246DC
:1012000001F032FBE5E770BD0003030007010700B2
:101210000148FFF7BDBF00BFF41C00200148FFF7E5
:10122000B7BF00BFA01C0020014B024ADA60704724
:1012300000ED00E00400FA05034B044AC3F8FC2F5C
:10124000034B044ADA60704700900020EFBEADDE29
:1012500000ED00E00400FA0507B501214FF4FC00A1
:10126000FAF726F903238DF8063001A941F6FF733A
:101270004FF09040ADF80430FFF75AF84FF6FF7387
:1012800001A90C48ADF80430FFF752F801A90A484B
:10129000FFF74EF801A90948FFF74AF801A90848E5
:1012A000FFF746F8074801A9FFF742F803B05DF8D9
:1012B00004FB00BF0004004800080048000C004880
:1012C0000010004800140048184AB2EB902F4FEA73
:1012D000902323D3083A93420FD8493A93421FD020
:1012E000013293421ED0B3F5801F4FF0FF3018BF7C
:1012F000002080F0FE00C0B27047A3F580134B3B86
:10130000072B0BD8DFE803F0100A040A0A060A08C4
:10131000042070470520704706207047FE20704764
:1013200002207047032070470020704752001000D1
:101330002DE9F0410669C3681E40F70704460D46D3
:1013400021D4B0072ED4710707D56FF004032361B1
:101350006868A16B036889B29847320707D56FF0B8
:1013600008032361A868E16B036889B29847F30614
:1013700021D56FF010032361E868216C0368BDE894
:10138000F04189B218476FF001030361C16A2F6A07
:101390001FFA81F8002FD4D03B6838464146984761
:1013A0007F68F7E76FF0020323612868616B0368C9
:1013B00089B29847C7E7BDE8F081034670B4084694
:1013C00003F12001EFF31282502484F3128803F119
:1013D0000C0403F11C0654F8045F0DB10D60291DC7
:1013E000B442F8D100240C60D2B282F311881A6A98
:1013F000121B18BF012270BC012101F0ACB9000022
:10140000F0B51E4C94E80F0095B08DE80F0004F184
:1014100010030FCB0DF1100C8CE80F0004F120032A
:101420000FCB08AF87E80F0004F130030FCB0CAEF1
:10143000403486E80F0094E80F0010AD85E80F00F7
:101440009DE80F000E4C84E80F009CE80F0004F1AB
:10145000100E8EE80F0097E80F0004F1200C8CE8C6
:101460000F0096E80F0004F1300787E80F0095E8B9
:101470000F00403484E80F0015B0F0BD2C55010872
:10148000601E002007B501238DF804008DF805309B
:1014900001A84FF48073ADF80630FAF7E1F803B015
:1014A0005DF804FB7FB5054601A816460C4600F022
:1014B000B5FF0B4B5E430B4B013C1B68B3FBF6F3D4
:1014C000013BADF80430A4B2002301A928460294E0
:1014D000ADF80C30ADF8063000F05AFF04B070BD26
:1014E00040420F000400002010B504460068FFF7DA
:1014F000D9FF2068012100F098FFE07AFFF7C2FFD2
:10150000E37A1B2B04D1BDE810401920FFF7BABFC6
:1015100010BD016070470023016043607047000008
:101520002DE9F8430768044638469046FFF7CCFE9D
:1015300006280D46064625D8A37A9A08914631B961
:101540000221914089B22A46384601F004F90A2363
:101550000D4F03FB069347F82350043347F82380CD
:1015600045B1A37A20689B0802219940012289B2E3
:1015700001F0F1F82820216800FB0670BDE8F8436F
:10158000FFF71BBFBDE8F883481D00200149024852
:10159000FFF7CEBE481D0020002C0140FFF7F6BF2C
:1015A00002494FF08040FFF7C3BE00BF701D00200E
:1015B00001490248FFF7BCBE981D0020000400400E
:1015C00001490248FFF7B4BEC01D002000080040DA
:1015D00001490248FFF7ACBEE81D0020003401407D
:1015E000FFF7F6BF01490248FFF7A2BE101E002018
:1015F0000040014001490248FFF79ABE381E002012
:101600000048014038B54FF48C7200211648174C41
:1016100002F0A0FD01210720F9F762FF01214FF43C
:10162000A520F9F751FF01214FF4C020F9F740FF41
:101630000025E27BA17B6068043500F0A1FB142D3E
:1016400004F11004F5D10A4B00221A705A709A70F6
:10165000DA701A71074BFF221A705A709A70DA709A
:101660001A715A719A7138BD481D0020601E002001
:10167000362A00202F2A00207047000038B5014686
:10168000FFF722FEEFF31283502282F31288074AFB
:101690004C6A282505FB00204A69013442F001020A
:1016A0004462DBB24A6183F3118838BD481D0020D3
:1016B000022813B519D003281BD0F0B1072246F633
:1016C0002503104C5BBA2260022101AA6320ADF809
:1016D0000430FEF719FC0C4B00221A70F4F726FFB9
:1016E0000A4B1860206802B010BD182247F2DF03D1
:1016F000E7E7622247F66603E3E7032246F29C032C
:10170000DFE700BFB41E00203B2A0020B81E0020E7
:101710002DE9FF4105460A20F4F759FF4CF6EF0387
:101720006A4602216320ADF80030FEF7EDFB20B9D8
:101730000024204604B0BDE8F0810120F4F747FF03
:1017400001AA02216320FEF73FFC0028F0D0BDF87B
:1017500004305BBA03F03F03082BE9D1224B02AA05
:10176000186802901B79137105216320FEF7CCFBEA
:101770000028DDD01D4F04264FF2C7786A460221AB
:101780006320ADF80080FEF7BFFB04460028CFD0F1
:101790000120F4F71CFF01AA02216320FEF714FCCC
:1017A0000028C5D0BDF804305BBA9BB207EE903A72
:1017B000F8EEE77A013EE7EC017ADFD10C4B6B6182
:1017C0000C4A0D4BEB61002313600C4A13600C4B69
:1017D00062221A60F4F7AAFE0A4B18600A4B012035
:1017E0001E70FFF765FFA4E77C550108C81E0020A6
:1017F000B1160108BC1E002055190108C01E0020AA
:10180000B41E0020B81E00203B2A002005EE102A3E
:1018100007EE103A00284AD0002948D0B8EE477A9F
:10182000DFED3C6ADFED3C7A3C4A3D4BDFED3D5A53
:10183000D3ED034A9FED3C6ADFED3C3A9FED3C4A15
:10184000E7EE267ADFED3B6AC2ED007ADFED3A7A09
:1018500037EE677AD3ED007A67EE277A67EE877AFC
:10186000E7EEA56AD3ED017A67EE277A67EE877A0D
:1018700067EEA57AE4EE867A93ED026ADFED2F4AF1
:1018800027EE066A26EE077A9FED2D6AA7EE256AF7
:1018900066EEA35AE6EE045AE7EEA45AF5EE405A75
:1018A000F1EE10FA04D10023036013680B60704757
:1018B00027EE867A26EEA73A27EE237A26EE866A68
:1018C000A3EE047A1F4BA6EE247A9FED1F6AC7EEA3
:1018D000254A9FED1E7ADFED1E5A27EE677A76EED7
:1018E000E77AA6EE867A76EEA46AA4EEE57AC7EEEB
:1018F000275AF8EE457A36EE656A77EEA47A26EE38
:10190000266A86EE277A77EE257AC3ED007AC0ED57
:10191000007ACAE700002F3B000034C2C01E00203E
:10192000C81E002000008033000000450050C3C6E0
:1019300000B808C70000604A0000004700606A471E
:101940000000384BBC1E002000C82F4700409C47B9
:1019500000B808477FB516460D4611B9002004B0FF
:1019600070BD002AFAD01E4B1B68C01A1D4B1B68A5
:101970009842F3D301AA09216320FEF725FB002832
:10198000ECD01948BDF804200488184952BA312C0B
:1019900093B20A8020D8164901340A68A4B21A44C6
:1019A000322C0A60048003D1B2FBF4F211490A80A0
:1019B0009DF808409DF807200F49240244EA02449C
:1019C0009DF80A2022430A6028463146FFF71EFF91
:1019D0000A4B01201870C2E7064B1B880B80E7E713
:1019E000B81E0020B41E002034240020382400201B
:1019F000B01E002036240020C41E00203B2A0020F8
:101A0000014B1860704700BF181F0020014B188061
:101A1000704700BF3A240020014B01205B69184742
:101A2000341F0020FFF7F8BF70B50E4E0E4C4FF478
:101A30007A73B0FBF3F5337823B9636901209847D3
:101A400001233370E369094A09492846984740B1A0
:101A5000F4F76CFD074B186063690120BDE8704026
:101A6000184770BD3E2A0020341F00202C1F002084
:101A7000301F0020241F0020FFF7D6BF014B18683D
:101A8000704700BF241F002008B51A4BD3ED007A21
:101A9000F5EEC07AF1EE10FA2DED028B27D9164B38
:101AA00093ED007AB5EEC07AF1EE10FA1FD987EE09
:101AB000270AB5EEC00AF1EE10FA18D90F4BDFED88
:101AC000107A93ED008A38EE278A00F093FFDFED5D
:101AD0000D7A0D4B20EE080A20EE270ADFED0B7A77
:101AE00020EE270A83ED000ABDEC028B08BD9FEDB6
:101AF000080AF9E7301F0020201F00201C1F0020CB
:101B0000339388438E2BEA41281F00200000C842EF
:101B100000000000FFF7B8BF2DE9F843DFED2E7A93
:101B20002E4C2F4DDFF8C0802DED028B6526C4EDC5
:101B3000007AB0EE677AB0EE678AB5EE407AF1EEE1
:101B400010FAC5ED007A17D1013E03D1BDEC028B2E
:101B5000BDE8F8832327F4F7CFFCFFF765FF0A20E1
:101B6000F4F735FD013FF6D198ED007A1D4B84ED79
:101B7000007AD3ED007AE0E7DFF86C80DFF864905C
:101B800084ED008A85ED008A0F270A26F4F7B4FC5D
:101B9000FFF74AFF0A20F4F71AFD013EF6D194ED53
:101BA000007AD8ED007AD9ED006A37EE277AD5EDC4
:101BB000007A84ED007A77EEA67A013FC5ED007ACF
:101BC000E3D1F2EE0E6A87EE266A87EEA67A84EDFE
:101BD000006A85ED007AB9E700000000201F0020B0
:101BE0001C1F00202C1F0020301F0020FFF794BF77
:101BF000044B1A68044B1A60044B1A68044B1A60B1
:101C0000704700BF301F0020201F00202C1F002025
:101C10001C1F002038B5FFF737FF294B1A7832B167
:101C2000284A82ED000A00221A70002038BD26489A
:101C3000264C0278264B2578511C9200C9B21A44D2
:101C4000017082ED000ABDB90E29EED9DFED217ACF
:101C50000F22B3EC017A013A12F0FF0277EE877A95
:101C6000F7D1F2EE0E6A87EEA67A164B027083ED7C
:101C7000007A01232370D8E70E29D6D9114A9FEDA7
:101C8000157AD2ED006A0F22F3EC017A77EEE67A4C
:101C9000013AF0EEE77AF4EEC77AF1EE10FAC8BF37
:101CA000B0EE677A12F0FF02EED1F3EE047AB4EEF2
:101CB000E77AF1EE10FA0270CCBF01200020B5E700
:101CC00088030020141F00203D2A00203C2A002009
:101CD000D81E0020000000002DE9F041002201265E
:101CE00003250B6806FA02FE3EEA030331D10C79A4
:101CF0005700631E05FA07FC012B6FEA0C0C17D87E
:101D0000836803EA0C0383604B79D0F80880BB40FA
:101D100043EA0803836083889BB223EA0E0383802F
:101D20008B79B0F804E0934043EA0E039BB28380C2
:101D3000036803EA0C0303600368BC401C430460AF
:101D4000C46805FA07F324EA0304CB79BB402343B4
:101D5000C3600132102AC4D1BDE8F0814FF6FF7292
:101D60004FF40073C0E900237047038A01EA0300BF
:101D7000003818BF012070478161704701857047A6
:101D800001F00703C90800EB810010B5016A9B0050
:101D90000F249C4021EA04010162016A9A400A432F
:101DA000026210BDC3680D4A10B51A40D1E9003473
:101DB00023438C682343CC6823430C6923434C6939
:101DC00023438C6923431343C360026B0B7F22F0D0
:101DD0000F02013B1343036310BD00BF07C0FFFDAB
:101DE0000023C0E90033C0E90233C0E90433836152
:101DF0000123037770470000B0F1A04F10B5114BDD
:101E000002D0114A904218D1104A92681A40D1E982
:101E1000003423438C682343CC68097C43EA0433B1
:101E200043EA0123B0F1A04F43EA020302D0064A7D
:101E3000904204D1054A936010BD054AE5E7044A83
:101E4000F9E700BFE010FCFF000100500003005064
:101E5000000700500023C0E90033C0E902330374D7
:101E60007047836819B143F001038360704743F002
:101E70000203FAE7042A30B51DD802EB4202046BD4
:101E800052001F25954024EA050401FA02F222437C
:101E9000026309293DD90A398269826901EB41014E
:101EA00007248C4022EA04028261826903FA01F16C
:101EB0001143816130BD092A0DD8053A02EB420277
:101EC000446B52001F25954024EA050401FA02F2F2
:101ED00022434263DDE70E2A0DD80A3A02EB4202A2
:101EE000846B52001F25954024EA050401FA02F292
:101EF00022438263CDE70F3A02EB4202C46B5200E9
:101F00001F25954024EA050401FA02F22243C26328
:101F1000BFE701394269426901EB410138248C4035
:101F200022EA04024261426903318B401343436158
:101F3000C0E7836843F0040383607047C36819B146
:101F400043F00103C360704723F00103FAE7C3685D
:101F500023F00203C360C3680B43C360704700688B
:101F60000840003818BF012070470000036823F0C4
:101F700001031B041B0C03600023036043608360A8
:101F8000C360294B984204D1284A536843F00F0399
:101F900026E0274B984204D1244A536843F0F003CB
:101FA0001EE0244B984204D1204A536843F47063E6
:101FB00016E0214B984204D11C4A536843F4704305
:101FC0000EE01E4B984204D1184A536843F4702324
:101FD00006E01B4B984205D1144A536843F4700342
:101FE00053607047174B984204D1104A536843F02E
:101FF0007063F5E7144B984201D1144AC5E7144BBE
:10200000984201D1114AC8E7124B984201D10F4AB8
:10201000CBE7114B984201D10C4ACEE70F4B9842C7
:10202000DFD10A4AD1E700BF0800024000000240A9
:102030001C000240300002404400024058000240B0
:102040006C0002408000024008040240000402408C
:102050001C04024030040240440402405804024080
:1020600010B58B680C6A026823430C6923434C69E2
:1020700023438C692343CC6923434C6A23438C6AF2
:102080006FF30E122343134303608B8943600B6885
:1020900083604B68C36010BD0023C0E90033C0E912
:1020A0000433C0E90633C0E9083383608381836267
:1020B0007047036819B143F001030360704723F0D0
:1020C00001031B041B0CF8E741607047406880B2B5
:1020D0007047036812B10B430360704723EA0103A2
:1020E000FAE70000C3004CBF014B024B5860704739
:1020F0000004024000000240FFF7F4BF08B50C4B9B
:1021000098424FF001010AD14FF40010F9F700FA9C
:1021100000214FF40010BDE80840F9F7F9B94FF479
:102120008000F9F7F5F900214FF48000F3E700BFD4
:10213000005400400368164A23F0010310B5036001
:1021400003681A40D1E9013443EA042313430360CE
:102150000B680A6923F070630361036843F00103AD
:10216000036000238360C3608B69134383608368CB
:10217000CA6843F400438360036813430360436801
:102180004A6923F0784323F400431343436010BDAE
:10219000FFE0CF0000234FF40042C0E90033C0E964
:1021A0000233C0E9052303617047036819B143F0A6
:1021B00001030360704723F00103FAE730B5446878
:1021C000039D24F07F7424F459342B4324F47F744A
:1021D00043EA0243C1F3090124F003040B43234300
:1021E000436030BD81627047406AC0B27047806909
:1021F0000840003818BF01207047C16170470000D7
:1022000008B5154B98420BD101214FF48050F9F7D6
:1022100073F9BDE8084000214FF48050F9F76CB91C
:102220000E4B98420BD101214FF48040F9F770F921
:1022300000214FF48040BDE80840F9F769B9084B28
:10224000984208D101214FF40040F9F761F90021CB
:102250004FF40040EFE708BD003001400038004077
:10226000003C00402DE9F041B1F802808A88B1F8C5
:1022700000E0B1F806C00F894E898D89CC89B8F588
:10228000827F1ED1038803F441534EEA03034CEAD4
:1022900003033B4333432B43234343F482730380C1
:1022A000838823F470631B041B0C13438380838B8C
:1022B00023F400631B041B0C83830B8A0382BDE899
:1022C000F081838823F470631B041B0C48EA0E081A
:1022D0001A434CEA080C828047EA0C0703883E4305
:1022E000354303F441532C4323430380DFE7038842
:1022F00021B19BB243F040030380704723F04003B9
:102300001B041B0CF8E7838823F480531B041B0C6D
:10231000838083889BB20B4383807047017370472F
:10232000007B7047038901EA0300003818BF0120D1
:10233000704730B5046A24F0010404628569046AB8
:1023400025F0F30542EA031224F00A0441F00101EA
:102350002A4321438261016230BD30B5046A24F012
:1023600010042404240C04628569046A090124F021
:10237000A0041202240441F0100125F4734542EA3E
:102380000332240C89B22A4321438261016230BDA9
:10239000204A038890429BB20ED002F50062904220
:1023A0000AD0B0F1804F07D0A2F59832904203D006
:1023B00002F58062904209D14A8823F070031343EA
:1023C0000A8923F440739BB2134306E0124A9042F9
:1023D00003D002F580629042F2D103804B68C36261
:1023E0000B8803850B4B98420FD003F5006398428E
:1023F0000BD003F54063984207D003F58063984201
:1024000003D003F58063984201D14B8903860123F1
:1024100043617047002C01400010004000234FF042
:10242000FF32C0E9003283607047038821B19BB25C
:1024300043F001030380704723F001031B041B0CCE
:10244000F8E70000036A23F0010370B50362026A33
:10245000446883690D688E8823F4803323F0730306
:102460001D438B89334322F002029BB21343144A6B
:1024700090420FD002F5006290420BD002F540620C
:10248000904207D002F58062904203D002F580624C
:1024900090420ED1CA894E8A23F008031A43CB8892
:1024A00022F0040213430A8A324324F4407492B2A5
:1024B00014438A68446085614263036270BD00BF53
:1024C000002C0140036A23F0100330B50362036A55
:1024D000426884690D6824F0807424F4E64444EA78
:1024E00005248D8923F0200343EA05138D8843EAF0
:1024F00005130F4DA84203D005F50065A84211D180
:10250000CD8923F0800343EA0513CD8823F04003EF
:1025100043EA05130D8A22F4406242EA85024D8A9D
:1025200042EA850242608A6884618263036230BD48
:10253000002C0140036A23F4807330B50362036A00
:102540004268C4690D6824F073042C438D8923F418
:10255000007343EA05238D8843EA05230F4DA84203
:1025600003D005F50065A84211D1CD8923F400639D
:1025700043EA0523CD8823F4806343EA05230D8ACB
:1025800022F4405242EA05124D8A42EA05124260A4
:102590008A68C461C263036230BD00BF002C014081
:1025A000036A23F4805330B50362036A4468C26946
:1025B0000D6822F4E64242EA05228D8923F4005395
:1025C00043EA05338D8843EA0533094DA84203D019
:1025D00005F50065A84204D10D8A24F4804444EA3C
:1025E00085144460C2618A680264036230BD00BF22
:1025F000002C01400023C0E90033C0E9023303612D
:102600007047836923F00803194381617047836928
:1026100023F4006343EA012383617047C36923F015
:1026200008031943C1617047C36923F4006343EA97
:102630000123C3617047002301220380438082800D
:10264000C38003817047836923F00C03836183692E
:10265000194381617047836923F44063836183690F
:1026600043EA012383617047C36923F00C031B0411
:102670001B0CC361C3691943C1617047C36923F46B
:1026800040631B041B0CC361C369090289B219436F
:10269000C1617047F8B50D460E88AA8849882B8914
:1026A00036B9FFF746FEE988BDE8F840FFF7CBBF33
:1026B000042E06D1FFF751FEE988BDE8F840FFF788
:1026C000CABF082EEF88056A1CD125F480752D0439
:1026D0002D0C0562C669056AB6B2ADB226F0F306E6
:1026E00025F4206546EA031645EA0125B6B2ADB2E7
:1026F000164345F48075C66139460562BDE8F84069
:10270000FFF7B2BF25F480552D042D0C0562C66974
:10271000056A26F4407625F4005536056D04360D1D
:102720006D0C46EA022645EA013546EA0333ADB2AE
:102730009BB245F48055C36139460562BDE8F84057
:10274000FFF79CBF436C19B143F4004343647047E7
:10275000C3F30E03FAE7C36812B11943C1607047AF
:10276000C94389B21940F9E730B503688A6823F094
:10277000010395B00360436823F44053134343605F
:102780000D464B68C96802680B43296922F4B052B0
:1027900022F00C020B431343036083686A6923F43D
:1027A00040731343836004466846F8F7F7FC174B01
:1027B0009C421BD10C9A23682968180448BF520018
:1027C000B2FBF1F301FB1322B2EB510F226828BFD9
:1027D0000133120406D5C3F3420223F00F031B0496
:1027E0001B0C13439BB2A38115B030BD084B9C4218
:1027F00001D10D9ADFE7074B9C4201D10E9ADAE72F
:10280000054B9C420CBF0F9A109AD4E70038014048
:102810000044004000480040004C0040036819B1EB
:1028200043F001030360704723F00103FAE74368B4
:1028300012B10B434360704723EA0103FAE7C1F387
:10284000080101857047836819B143F0080383606C
:10285000704723F00803FAE7836812B10B438360E3
:10286000704723EA0103FAE710B5C1F307240123F7
:10287000C9B2022C03FA01F305D104303AB102685F
:102880001343036010BD032C08BF0830F6E702684D
:1028900022EA0303F5E7090C01238B40036270472A
:1028A00010B51C461346E2B2FDF718FA80F001009D
:1028B000C0B210BD10B51C461346E2B2FDF79EFA39
:1028C000B0FA80F0400910BD08B5FDF78BFA80F032
:1028D0000100C0B208BD07B552BAADF8042001AB83
:1028E0000222FDF7FBF980F00100C0B203B05DF8F1
:1028F00004FB08B513460122FDF780FAB0FA80F018
:10290000400908BD13B5144601AB0222FDF776FA63
:10291000BDF80430B0FA80F05BBA4009238002B001
:1029200010BD13B5144601AB0422FDF767FA019BF5
:10293000B0FA80F01BBA4009236002B010BD00005D
:1029400008B52DED028BB0EE408A00F03FFAB4EEF0
:10295000488AF1EE10FAF0EE408A0AD6B0EE480A44
:1029600000F0D2F8F7EE007AB4EEE70AF1EE10FAD2
:1029700004DCB0EE680ABDEC028B08BD01F0A0FCDF
:10298000BDEC028B034621221A600248BDE80840D4
:1029900000F0FCB85060010808B52DED028BB0EED8
:1029A000408A00F037FBB4EE488AF1EE10FAF0EE00
:1029B000408A0AD6B0EE480A00F0A6F8F7EE007A90
:1029C000B4EEE70AF1EE10FA04DCB0EE680ABDECF2
:1029D000028B08BD01F074FCBDEC028B0346212282
:1029E0001A600248BDE8084000F0D0B85060010805
:1029F00000F00ABC08B52DED028BB0EE408A00F065
:102A0000A9FCB4EE488AF1EE10FA0FD6B5EEC08AF2
:102A1000F1EE10FA0ADCB5EE408AF1EE10FA08D1B8
:102A200001F04EFC22239FED090A0360BDEC028BEE
:102A300008BD01F045FCBDEC028B034621221A6063
:102A40000348BDE8084000F0A1B800BF000080FFC7
:102A50005060010808B52DED028BB0EE408A00F001
:102A6000E7F8B4EE488AF1EE10FA06D6DFED098AEF
:102A7000B4EEE88AF1EE10FA02D4BDEC028B08BD88
:102A800001F01EFC88EEA80ABDEC028B2123036036
:102A900008BD00BF0000000010EE103A184923F0F6
:102AA00000428A421AD9B2F1FF4F02D330EE400AF7
:102AB000704700B583B0684600F046FD00F00300A3
:102AC00001289DED000ADDED010A10D0022809D091
:102AD00090B900F0B1F803B05DF804FBDFED090A2E
:102AE00000F0AAB800F0A8F8B1EE400AF3E700F051
:102AF00025F9B1EE400AEEE7012000F01FF9EAE700
:102B0000D80F493F0000000010EE103A23F00043B8
:102B100000EE103A704700BF10EE103A194923F04A
:102B200000428A421BD9B2F1FF4F02D330EE400A75
:102B3000704700B583B0684600F006FD00F0030062
:102B400001289DED000ADDED010A13D002280BD00B
:102B500098B9012000F0F2F803B05DF804FBDFED56
:102B60000A0A002000F0EAB8012000F0E7F8B1EE10
:102B7000400AF1E700F060F8EEE700F05DF8B1EE32
:102B8000400AE9E7D80F493F000000009FED010A25
:102B9000704700BF0000C07F10B485B08DED010A02
:102BA000019BC3F3C752A2F17F011E2931DC162914
:102BB0004FEAD37425DC1D4BDDED017A03EB840372
:102BC00093ED007A77EE277ACDED037ADDED037A87
:102BD00077EEC77A17EE903A33F000400DD0C3F38A
:102BE000C7507F381FD4C3F3160343F40003C0F16A
:102BF000170023FA00F004B1404205B05DF8044B21
:102C00007047C3F3160343F40003963A03FA02F045
:102C1000F1E7DDED017AFDEEE77A17EE900A05B0F7
:102C20005DF8044B70470020E5E700BF54600108E1
:102C3000B1EEC00A704700BF10EE103A23F0004317
:102C4000B3F1485F2CD2FDEEC07A17EE903A002B1C
:102C500060D060EE007A9FED317A9FED315ADFED62
:102C6000315A9FED316ADFED316AA7EE875A9FED49
:102C7000307AE7EE855AA7EEA56AA7EE867AE7EEE8
:102C8000876A67EEA66A60EEC00AB6EE007AE7EEE3
:102C9000A60AB7EE000AD7EE870A30EE600A704740
:102CA00060EE007A9FED1D7A9FED1D5ADFED1D5AF3
:102CB0009FED1D6ADFED1D6A1E4AA7EE875A9342FB
:102CC0009FED1B7AE5EE275AA5EEA76AA6EE277AB6
:102CD000E7EE276A66EEA76AD5D9174A934214D859
:102CE00003F17F4307EE103AB7EE006A36EE476A0B
:102CF00060EEC00AF6EE005A97EEA57AE7EEA60A55
:102D000037EE607A36EE470A7047B6EE076AB5EEE0
:102D1000027AEDE7B7EE000A704700BF4ED747AD25
:102D2000F6740F317CF293B4010DD037ABAA2A3D73
:102D3000610BB6BA9999993E0000483F10EE103ADF
:102D400023F00043B3F1485F04D2FDEEC07A17EEE2
:102D5000903A5BB360EE007A9FED157ADFED155A7D
:102D60009FED156ADFED156AE7EE875A9FED147A3D
:102D7000A5EEA76A20EE275AE6EE276AA6EEA77A06
:102D800030B9DFED106AE7EE876AA6EE850A704774
:102D900027EE457AF6EE006AA0EEA67ADFED0A6A23
:102DA000D7EE270AE5EE260A30EE600A704700BF2C
:102DB000D3C92E2F342FD7B21BEF3836010D50B99F
:102DC0008988083CABAA2ABEABAA2A3E08B510EEF9
:102DD000102A22F00043B3F17E5F2DED028B12D05A
:102DE0000AD8B3F17C5F16D2B3F10C5F67D8BDECA3
:102DF000028B9FED770A08BD70EE407A87EEA70A36
:102E0000BDEC028B08BD002A40F3DD80BDEC028BD7
:102E10009FED700A08BD002AC0F28E80F7EE008A8E
:102E200038EEC00AF6EE007A20EE278AB0EE480AA5
:102E3000FFF7FEFEDFED687A9FED687ADFED686AE6
:102E4000DFED685A9FED686AA8EE277ADFED677AB2
:102E5000E7EE086AE8EE067AE6EE885A9FED646AC5
:102E60009FED647ADFED646AA5EE886AA7EE887A42
:102E7000DFED627AE6EE087A10EE103AE7EE086AC5
:102E80006FF30B03B0EE677A07EE903AF0EE485A14
:102E9000E7EEE75AE6EE888A30EE276A27EE087AF0
:102EA000C5EE866A87EE286ABDEC028BB0EE667AC4
:102EB000A0EE067A37EE870A30EE000A08BD20EE53
:102EC000007ADFED457A9FED456ADFED456A9FEDBB
:102ED000465ADFED445AA7EE276ABDEC028BE6EEB8
:102EE000076ADFED427A9FED436AE7EE057AE6EE88
:102EF000875AA7EE876A9FED3E5ADFED3F7ADFEDF6
:102F00003F6AA5EE875AE6EE077AE5EE076AF7EE26
:102F1000005AE7EE875A26EE877A9FED396ADFED91
:102F2000397AC7EE256AB0EE467AA0EE667A30EEC0
:102F3000470A37EEC00A08BDB7EE007A30EE070A3E
:102F4000F6EE007A60EE277ADFED236A9FED236AC2
:102F5000DFED234ADFED245A9FED225A9FED278AA9
:102F6000A7EEA66ADFED216AE6EE274AE7EEA56A3C
:102F7000DFED205A9FED1E6AA4EEA75AE6EEA75A8F
:102F8000DFED1D6AA5EE276AE5EEA76AA6EE278AA1
:102F9000A6EEA77A28EE278AF0EE478AB0EE670AF7
:102FA000FFF746FE88EE286A9FED177ADFED177A65
:102FB000A0EE067AF0EE006A37EE007AE7EE667A67
:102FC000B0EE670A1CE7BDEC028B9FED110A08BD4D
:102FD000DB0FC93F0000000008EF1138047F4F3AB3
:102FE000461124BDA80A4E3E2EC69D3D613330BF1A
:102FF00090B0A6BE2D57014039D119C0ABAA2A3EC8
:103000006821A233DA0FC93F6821A2B3DA0F494021
:10301000DB0F494038B510EE105A25F00044B4F1EA
:103020007E5F2DED048BF0EE407A7FD077D8B4F13F
:103030007C5F0ED2B4F1485F80F090809FED627AA1
:1030400030EE077AF7EE006AB4EEE67AF1EE10FAA7
:1030500062DCB0EE670AFFF757FDF7EE007A37EE55
:10306000C08AB6EE007A28EE078ADFED586A9FED37
:10307000587A9FED586A9FED585ADFED585ADFEDA8
:10308000588AE8EE076A9FED577AA8EE067AA6EE10
:10309000885A9FED556ADFED556AA7EE086AE5EE9E
:1030A000085A9FED537AA6EE087AE5EE886AE7EEB5
:1030B000087AE6EE888AB0EE480AB0EE679AFFF723
:1030C000B7FD4C4B68EE888A9C4288EE896A38D8F6
:1030D00010EE103A6FF30B0306EE903AA6EEE68A76
:1030E00070EE267A9FED447AC8EE274AF0EE005A39
:1030F000A4EEE57ADFED417A30EE000AB0EE675AD1
:1031000090EE067AA6EEE55A37EE457A37EEC70A14
:10311000002D01DCB1EE400ABDEC048B38BDBDECE6
:10312000048B70EE407A87EEA70A38BDBDEC048BA5
:103130009FED310A9FED327A27EE800AA7EE870ACB
:1031400038BDA0EE060A9FED2F7ADFED2D7AF0EE66
:10315000006AA0EE267A37EEC70AD9E720EE007A99
:10316000DFED1B6A9FED196ADFED1B5A9FED195ABF
:10317000DFED1A4AA7EE266ABDEC048BE6EE075A8D
:10318000DFED186A9FED186AE7EE056AE5EE874AFB
:10319000A6EE876A9FED155ADFED155ADFED106A2E
:1031A000A4EE875AE6EE075AE5EE076AB7EE006A24
:1031B000A5EE876A26EE877AC7EE066AE0EE267AE3
:1031C000B0EE670A38BD00BFCAF24971047F4F3ABA
:1031D00008EF11382EC69D3D461124BDA80A4E3E6B
:1031E000ABAA2A3E613330BF2D57014090B0A6BE36
:1031F00039D119C09999793F2EBD3BB3DB0F493FB7
:10320000DB0FC93F2EBD3B3310B582B0CDED010AB7
:10321000019B23F00042B2F1FF4FF0EE407A30D82C
:1032200010EE100A20F00041B1F1FF4F29D8B3F1A0
:103230007E5F3ED09C1704F0020444EAD07431B3A0
:103240007AB3B2F1FF4F3FD0B1F1FF4F29D0891AC5
:10325000B1F1F45F4FEAE15233DA002B41DA3C324C
:103260003FDA9FED330A012C4DD0022C42D064B1DD
:103270009FED307ADFED307A30EE070A30EE670AE4
:1032800003E09DED017A37EE270A02B010BD022C53
:103290000CD09FED2A7A032C08BFB0EE470A02B08B
:1032A00010BD00280ADB9FED260AEEE79FED220AFB
:1032B000EBE702B0BDE8104000F07CBA9FED210AB8
:1032C000E3E79FED1F0ACEE7B1F1FF4F04F1FF34B2
:1032D00020D0022C26D81C4B03EB840393ED000A6C
:1032E000D3E79DED017A87EE870AFFF70DFC00F02A
:1032F00061FAB8E79FED0F7ADFED0F7A30EE070A3B
:1033000037EEC00AC1E710EE103A03F1004300EEB9
:10331000103ABAE7022C08D80C4B03EB840393ED68
:10332000000AB2E79FED020AAFE79FED090AACE79A
:10333000000000002EBDBB33DB0F4940DB0F49C04E
:10334000DB0FC93FDB0FC9BF5C6001086860010883
:10335000DB0F493F10EE102A32F000432FD0002A35
:10336000134633DBB2F1FF4F40DAB2F5000F34DB26
:103370004FF0000C6448C3F31601084400F4000247
:1033800082F07E520A43DB1500EE102A7F3B5F4A33
:10339000634401F10F0CF7EE007A0CEA020230EE02
:1033A000670A03EBD05322BBB5EE400AF1EE10FAE8
:1033B00062D1002B40F090809FED550A70479FED41
:1033C000557ADFED537A87EE270A704770EE407A20
:1033D0009FED4F7A87EE870A7047DFED4F7A60EEF8
:1033E000277A6FF0180C17EE903AC3E730EE000A18
:1033F0007047F0EE007A70EE277A07EE103A80EE12
:10340000274A4648C1F55712084402F52272024382
:10341000002A9FED433ADFED434ADFED435ADFEDEB
:10342000433A9FED435ADFED437ADFED436A24EEE2
:10343000046AF8EEC72A26EE067AE7EE034AA7EEFC
:10344000235AE4EE875AE5EE076AE5EE877A67EEDF
:10345000867AE6EE877A2ADDB6EE007A20EE077AE3
:1034600027EE007A77EE877A67EE847A3BBB37EEF9
:10347000677A30EE470A70479FED307AF6EE007AB1
:10348000E0EE477A20EE007A27EE277A002BF0D084
:1034900007EE903A9FED2A6ADFED2A6AF8EEE77AA6
:1034A000A7EEC67A37EE400A97EEA60A704770EE8E
:1034B000677A67EE847AE3B930EE670A70479FED6A
:1034C000206ADFED206AE2EE867A37EE677A37EE21
:1034D000400A92EEA60A704707EE903A9FED180A4E
:1034E0009FED187AF8EEE77A27EE800AA7EE870AB2
:1034F0007047DFED136A9FED137AE2EEE67A37EE5E
:10350000C00A92EE870A704720FB4A00F0FF7F0056
:1035100000000000000000CC0000004C305CCFFF39
:103520009788173E25333A3E2549923E4FD01C3EA0
:10353000298E633EABAA2A3FCDCCCC3EABAAAA3E95
:10354000D1F717378071313F70B510EE103A8B4AC2
:1035500023F00044944286B0054671D9884A9442CB
:103560001E4624D823F00042002BDFED867A8649E0
:1035700022F00F02B0EE407A40F3E6808A4270EE0D
:10358000677A09BF9FED817ADFED816ADFED816A9D
:1035900077EEC77A37EEE67A77EEC77A80ED007A73
:1035A00077EEE67AC0ED017A012006B070BD7A4A66
:1035B000944253D9B4F1FF4F49D2E215863AA4EBB5
:1035C000C25307EE903ABDEEE77ADFED746AB8EECB
:1035D000C77A77EEC77A8DED037A67EEA67ABDEEED
:1035E000E77AB8EEC77A77EEC77A8DED047A67EEA0
:1035F000A67AF5EE407AF1EE10FACDED057A40F0BC
:103600008E80B5EE407AF1EE10FA40F08A80012308
:10361000634901910221009103A8294600F00AFAAA
:10362000002EC2DA95ED007AD5ED017AB1EE477A37
:10363000F1EE677A85ED007AC5ED017A4042B4E794
:10364000002285ED000A4260002006B070BD70EED9
:10365000407AC0ED017AC0ED007AF5E7FFF754FA41
:103660009FED507A9FED476AF6EE007AE0EE077A1A
:103670009FED477AFDEEE77AF8EEE76A17EE900ADB
:10368000A6EEC60A1F2866EE877AB1EE666A30EEAD
:10369000677A1EDC444A411E26F0004352F821207E
:1036A00023F0FF03934214D085ED007A30EE470AF1
:1036B000002E30EE670A85ED010ABFF676AFB1EE57
:1036C000477AB1EE400A85ED007A85ED010A404265
:1036D0006BE717EE103AC3F3C753C3EBD453082B71
:1036E0004FEAE452E0DD9FED297A9FED2A5AF0EE91
:1036F000405AE6EE075A70EE657AE6EE077AD6EEA5
:10370000857A35EEE77A17EE103AC3F3C753D21A2B
:10371000192A08DCB0EE650A85ED007AC6E70323B6
:1037200076E7022374E79FED217A9FED215AB0EEF0
:10373000650AA6EE070A75EEC07AE6EE077AD6EEBF
:10374000857A30EE677AAFE78A4270EE277A09BF52
:103750009FED0E7ADFED0E6ADFED0E6A77EE877A67
:1037600037EEA67A77EEC77A80ED007A77EEA67A02
:10377000C0ED017A4FF0FF3017E700BFD80F493F87
:10378000E3CB1640800FC93FD00FC93F0044353707
:103790004344353708A3852E800F494300008043FA
:1037A000F460010884F9223F7460010800A3852EAB
:1037B00032318D2438B510EE105A25F00044B4F1A2
:1037C000A14FF0EE407A07D3B4F1FF4F55D8002D4A
:1037D00077DD9FED4E0A38BD4D4B9C425CD8B4F16D
:1037E000445F4DD34FF0FF3327EEA76A9FED495A50
:1037F0009FED497ADFED495ADFED494A66EE066AE8
:103800005A1CA6EE857AE6EEA54A9FED465ADFEDF4
:10381000465AA7EE265AE4EEA65A9FED447ADFED0B
:10382000444AA5EE267AE5EEA64A9FED425ADFED20
:10383000425AA7EE265A9FED417AA4EEA67AE5EE0B
:10384000265A27EE267AA5EE867A27EE877A3BD08F
:103850003B493C4A01EB8301D1ED006A37EE667AC1
:1038600002EB8303D3ED006A37EE677A002D36EE64
:10387000C70AB0DAB1EE400A38BD30EE000A38BDF2
:103880009FED317A30EE077AF7EE006AB4EEE67A11
:10389000F1EE10FAA6DD38BDFFF736F92B4B9C424E
:1038A00015D8A3F5D0039C4226D8F0EE007ABFEEDF
:1038B000007AA0EE277A002330EE270AC7EE007ABE
:1038C00092E79FED230A38BD37EEC70A38BD214B7A
:1038D0009C420BD8F7EE087AB7EE007AA0EE277A72
:1038E000022330EE670AC0EE077A7DE7BFEE007A6A
:1038F000C7EE007A032377E7F7EE007A30EE677AB7
:1039000030EE270A0123C7EE007A6DE7DB0FC93FCF
:10391000FFFFDF3ED769853C59DA4B3D21A215BD3B
:103920006BF16EBD356B883D95879DBD6E2EBA3DA2
:10393000388EE3BD2549123EABAAAA3ECDCC4CBE83
:103940000C6401081C640108CAF24971FFFF973F2B
:10395000DB0FC9BFFFFF1B4010EE103A33F00041F0
:103960001A4625D0B1F1FF4F1FD213F0FF4F20D1DF
:10397000DFED297A294A60EE277A904217EE903AD5
:1039800031DB4CF2503CC3F3C75160451A46A1F1FC
:10399000190114DD002BDFED227A9FED210AB8BF5B
:1039A000DFED207A27EE800A704730EE000A70477C
:1039B00070474CF2503C60454FEAD151EADC01447B
:1039C000FE29E7DC002915DC11F1160F19DB19318E
:1039D00022F0FF4242EAC15207EE902A9FED120AFE
:1039E00027EE800A7047DFED117A07EE103A27EED6
:1039F000270A704722F0FF4242EAC15300EE103A14
:103A00007047002BDFED097A9FED080AB8BFDFEDA4
:103A1000087A27EE800A70470000004CB03CFFFF98
:103A2000CAF24971CAF249F1000000336042A20DA6
:103A30006042A28D2DE9F04F2DED048BDBB01C46CA
:103A4000944603930A46BA4B68991CF1040F53F845
:103A50002170824604F1FF39C0F25682BCF10303A3
:103A600048BF0CF10403DB10029301334FEAC30E8D
:103A7000ACEB0E030593029B17EB0900A3EB0903C4
:103A800016D401309FEDAB7A699C18441EA9002B17
:103A9000A4BF54F8235007EE905A03F10103ACBFC2
:103AA000F8EEE77AF0EE477A8342E1EC017AEED164
:103AB000002FC0F2E28203991EA800EB81004FEABA
:103AC00081087E18002346AD4C460AEB8101B9F10E
:103AD000000F80F2C8800134B44245F8043B00F185
:103AE0000400F4D10DF1280B0BEB8703CDE9062E72
:103AF000043B9FED929ADFED908A059804930AEBC0
:103B0000080446AE0BEB87080097CDF820C00DEBFC
:103B10008703002F93ED460A4FEA870515DD7319D9
:103B20005A4660EE097AB0EE407AFDEEE77A73ED20
:103B3000016AF8EEE77AB342A7EEE87A37EEA60A12
:103B4000BDEEC77AA2EC017AEBD10190FFF704FF3A
:103B5000F4EE007AB0EE408A20EE270A00F0B0FAC8
:103B6000F2EE007AA0EE678A01980028FDEEC89A6E
:103B7000F8EEE97A38EE678A40F38280791EC0F168
:103B800008035BF821E04EFA03FC0CFA03F3AEEBFA
:103B9000030EC0F1070219EE903A4EFA02F26344A6
:103BA000002A09EE903A4BF821E000F3AF80B5EE21
:103BB000408AF1EE10FA74D1009B9F420ADD5D4409
:103BC000002355F8041D454543EA0103F9D1002BB4
:103BD00040F00281009B013B5BF823207B1C9C464C
:103BE000002A40F0F780049A012152F8045D013167
:103BF000002DFAD03944029D039A05EB030E0EF115
:103C0000804E699D0EF1FF3E3A4405EB8E0E1EADCF
:103C100006EB830705EB8205DEED017AF8EEE77A25
:103C2000B9F1000F0EF1040EE5EC017ADFED417AF7
:103C300009DB2A465346F3EC016A32ED017AA342CE
:103C4000E6EE877AF7D10CF1010C8C45E7EC017AAE
:103C5000E2DD0F465BE70134B442E5EC017A00F1A6
:103C600004003FF43FAFDFED337A83465346F3EC75
:103C7000016A3BED017A8B42E6EE877AF7D1EAE7FB
:103C800000F09180F6EE007AB4EEE78AF1EE10FAD9
:103C900080F22981B5EE408AF1EE10FA4FF0000271
:103CA0008AD09246DDE9062EDDF820C00197AEEB02
:103CB0000C00B0EE480A009F0092FFF74DFEDFEDCA
:103CC0001E6AB4EEE60AF1EE10FADDE90023F0EE2A
:103CD000407AC0F29C819FED197A059920EE077A0F
:103CE0000831BDEEC77A0591B8EEC77A5C1CE7EEE5
:103CF000667ABDEEC77AFDEEE77A17EE901A4BF8BA
:103D0000231017EE103A4BF824307EE00133002FD9
:103D100009EE903A40F39D8159464FF0000E51F85C
:103D2000043B002B39D0C3F5807341F8043C0CE010
:103D30005864010800000000000080430000803B40
:103D40000B68C3F1FF0341F8043B0EF1010E774508
:103D5000F6DC01239E4600280BDD012800F0BB8025
:103D6000022806D1791E5BF8213003F03F0C4BF896
:103D700021C0022A7FF41BAFB7EE000A734630EE73
:103D8000488A002B3FF413AF09920190FFF7E4FD3E
:103D90000198099A38EE408A09E70EF1010E77453D
:103DA000BDDC9E46D7E77B1E5BF82320D211002A9C
:103DB0007FF7FDAE19EE903A002F03F1010309EEF3
:103DC000903AA9DC022A7FF4F2AEF7EE007A37EEE1
:103DD000C88AECE619460EE73B469246DDE9051235
:103DE0005C1EA1F108005BF82410009F059061B9EA
:103DF00003F18043013B0BEB8303014653F8040DB1
:103E0000013C08390028F9D0059105980092B7EED9
:103E1000000AFFF7A1FD002C009AB0EE407AC0F234
:103E20002281601C46AD5FED3B6A81000BEB800395
:103E300005EB800073ED017AF8EEE77A5B4567EEFB
:103E4000877A27EE267A60ED017AF3D10DF1C80862
:103E50000E1F2E44C646A4460025002F7DDBDFF84A
:103E60005C92DFED957A3046002307E0F9EC016AB9
:103E7000B0EC017A9F42E6EE877A03DBAB4203F1B6
:103E80000103F3DD0CF1FF3CBCF1FF3FEEEC017AE6
:103E900005F10105A6F10406E1D1689B022B6ADC5D
:103EA000002B36DC0ED1DFED847A414431ED017A0E
:103EB000414577EE877AF9D15346002B40F0C68012
:103EC000C2ED007A19EE903A03F007005BB0BDEC4A
:103ED000048BBDE8F08F791E5BF8213003F07F0C76
:103EE0004BF821C045E719EE903A002F03F101038A
:103EF00009EE903AC8BF02223FF70EAFF7EE007A04
:103F000037EEC88A022252E600234FF0080E0293D1
:103F1000AEE5DDED327A9FED687A414471ED016ADC
:103F2000414537EE267AF9D15346002B40F0848084
:103F300077EEC77A82ED007A64B133A90123B1EC40
:103F4000017A01339C4277EE877AF8DA53460BB157
:103F5000F1EE677AC2ED017AB4E70CF1FF3C002381
:103F6000BCF1FF3F4EF8043B05F10105A6F1040644
:103F70007FF473AF91E7689B032BA3D1002C00F073
:103F80008C8008EB840595ED007AA0002B4629462D
:103F900071ED017AF0EE476A37EE277A414577EE08
:103FA000C77A81ED007A77EEA67AC1ED017AEFD17A
:103FB000012C72D095ED007A08F1040173ED017ABD
:103FC000F0EE476A37EE277A994277EEC77A83EDAB
:103FD000007A77EEA67AC3ED017AEFD1031DDFED0B
:103FE000367A434408F1080833ED017A984577EEB4
:103FF000877AF9D15346DDED326A9DED337A73B994
:10400000C2ED006A82ED017AC2ED027A5AE7FDEE56
:10401000C07A1C4617EE901A4BF82310F5E6F1EE25
:10402000666AB1EE477AF1EE677AC2ED006A82ED18
:10403000017AC2ED027A45E7F1EE476A77EEC77A78
:10404000C2ED006A002C7FF478AF81E7F1EE677A69
:1040500036E7012815D002287FF4B4AE0EF03F03F6
:104060004BF82130AEE6689B022B12DC002B17DCEC
:104070007FF428AFDFED107A1EE7039B4FEA830839
:1040800030E50EF07F03022A4BF821307FF48FAD2C
:104090009BE6689B032B7FF415AFDFED077AA9E75A
:1040A0005346DDED327A1BB14FF0004313604FE70A
:1040B000002313604EE700BF000000002C640108DD
:1040C00010EE102AC2F3C7537F3B162B22F000419B
:1040D0001BDC002B10461EDB1A4919410A4223D073
:1040E000DFED197A70EE277AF5EEC07AF1EE10FA6C
:1040F0001ADD002A04DA4FF4000242FA03F31844EE
:1041000020EA010300EE103A7047B1F1FF4F0BD3E4
:1041100030EE000A7047DFED0C7A70EE277AF5EE8C
:10412000C07AF1EE10FA00DC7047002A02DB9FED46
:10413000070A704711B99FED060A7047BFEE000AE3
:10414000F2E700BFFFFF7F00CAF2497100000000E4
:1041500000000080830730B546D08418844604E010
:1041600003F8011B9D0704D09C46A4456346F7D184
:1041700030BD013A0244A2EB0C02032A29D9CCB289
:1041800004EB04240F2A04EB04442FD9A2F1100CF1
:104190002CF00F0C03F11005AC44C3E90044C3E953
:1041A000024410336345F8D112F00C0F02F00F0EE9
:1041B00018D02EF0030C9C44AEF104051A4642F8C8
:1041C000044B6245FBD125F0030404330EF00302D7
:1041D0002344002ACCD0C9B21A4403F8011B9342ED
:1041E000FBD130BD7246F4E70346C6E79646E0E7EA
:1041F00011F0FF01034600F0030239D08ABB0268C8
:1042000010B501EB012E0EEB0E4E8EEA0204A2F168
:10421000013323EA0203A4F1013222EA0402134328
:1042200013F0803F0FD150F8044F84EA0E0CA4F134
:104230000133ACF1013223EA040322EA0C021343F6
:1042400013F0803FEFD0037823B936E010F8013F38
:10425000002B32D09942F9D110BD8A4228D09A075A
:1042600029D01A7818460133002AF6D11046704733
:10427000CAB90268A2F1013323EA020313F0803FB6
:1042800008D150F8042FA2F1013323EA020313F0FE
:10429000803FF6D003785BB110F8013F002BFBD1D3
:1042A0007047990705D0184613F8012B002AF8D15A
:1042B00070471846DDE71846A1E7184610BD00BF55
:1042C000014B1868704700BF8C03002080EA010290
:1042D000844612F0030F4FD111F0030F32D14DF885
:1042E000044D11F0040F51F8043B0BD0A3F101323F
:1042F0009A4312F0803F04BF4CF8043B51F8043B52
:1043000016D100BF51F8044BA3F101329A4312F0C9
:10431000803FA4F101320BD14CF8043BA24312F0D0
:10432000803F04BF51F8043B4CF8044BEAD02346CD
:104330000CF8013B13F0FF0F4FEA3323F8D15DF87F
:10434000044B704711F0010F06D011F8012B0CF847
:10435000012B002A08BF704711F0020FBFD031F8BF
:10436000022B12F0FF0F16BF2CF8022B8CF8002046
:1043700012F47F4FB3D1704711F8012B0CF8012BC9
:10438000002AF9D1704700BF2DE9F047089D0F467C
:1043900004468C46002B48D18A42164661D9B2FAAF
:1043A00082F34BB1C3F1200201FA03FC20FA02F2BE
:1043B0009E4042EA0C0C9C404FEA164EB7B2BCFB42
:1043C000FEF1220C0EFB11CC42EA0C4201FB07F07D
:1043D000904209D9B21801F1FF3C80F0EE80904282
:1043E00040F2EB8002393244121AA4B2B2FBFEF062
:1043F0000EFB102244EA024400FB07F7A74209D94A
:10440000341900F1FF3280F0DA80A74240F2D78001
:104410003444023840EA0140E41B00211DB1DC4075
:104420000023C5E90043BDE8F0878B4206D90DB1F2
:10443000C5E9000100210846BDE8F087B3FA83F121
:10444000002948D1BB4202D3824200F20781841A7C
:1044500067EB030201209446002DE4D0C5E9004C2F
:10446000E1E7002A00F09280B2FA82F3002B40F0DC
:10447000A8808A1A4FEA164E1FFA86FC0121200CEA
:10448000B2FBFEF70EFB172240EA02420CFB07F0DC
:10449000904207D9B21807F1FF3802D2904200F2D9
:1044A000E2804746121AA4B2B2FBFEF00EFB1022C5
:1044B00044EA02440CFB00FCA44507D9341900F17E
:1044C000FF3202D2A44500F2CB801046A4EB0C04CC
:1044D00040EA0740A2E7C1F120068B4022FA06FC21
:1044E0004CEA030C07FA01F420FA06F3F7404FEA0E
:1044F0001C49234300FA01F81FFA8CFEB7FBF9F0C0
:104500001C0C09FB107744EA074400FB0EF7A74296
:1045100002FA01F20AD91CEB040400F1FF3A80F020
:104520009B80A74240F2988002386444E41B9FB20B
:10453000B4FBF9F309FB134447EA044403FB0EFE02
:10454000A64509D91CEB040403F1FF3780F08280F3
:10455000A6457FD9023B644443EA0040A4EB0E0425
:10456000A0FB02E7BC427346B94663D360D05DB19D
:10457000B8EB030264EB090404FA06F622FA01F32D
:104580001E43CC40C5E9006400214CE7620848089E
:1045900042EAC1710B0C43EA00438AB242EA034289
:1045A000B3FBF6F1E407B4463746B6461F23B0FB2B
:1045B000F6F0D21B41EA004161E7614614E710467C
:1045C00028E7C3F1200120FA01F29E4027FA01F109
:1045D0009F403A434FEA164E1FFA86FCB1FBFEF7A6
:1045E0000EFB1710110C41EA004107FB0CF888453F
:1045F00004FA03F43AD9711807F1FF3001D2884563
:104600001FD8A1EB0801B1FBFEF808FB0CF70EFB6D
:10461000181192B242EA0142BA422FD2B21808F1FE
:10462000FF31C6D2BA42C4D2A8F102013244C0E777
:10463000F0459CD2BEEB020367EB0C070138B9468C
:1046400095E7A6EB08084144B81EB1FBFEF808FB4D
:104650000CF7DCE73B467FE7504667E70846FBE69A
:104660003444023832E7023F32441BE7A1EB080131
:104670003846B1FBFEF808FB0CF7C8E7414698E75F
:1046800003685A004CBF43F0004323F00043184432
:10469000704700BF2DE9F04759B301F1FF380546D7
:1046A000164647464FF0000A0AEB070101EBD171AD
:1046B000491005EBC1094846FFF7E2FF88454FEA7C
:1046C000C104034610D004F10800B342284407D8BF
:1046D000FFF7D6FF0138B04208D201F1010AE3E743
:1046E0008A4506D04F1EDFE7B042F9D84846BDE8FC
:1046F000F0874FF000094846BDE8F087012806D052
:10470000022802D028B9044870470448704704487A
:1047100070470020704700BFED4D0108FD4D0108B6
:10472000F54D010830B5224B83B004468D1E43B3CE
:1047300001A92846AFF30080F0B101992A46FFF79E
:10474000A9FF0146C0B1FFF79BFF4B68A064012B96
:104750002BD0002B01F1040025DBFFF791FF002394
:1047600023650368E064002B12DBFFF789FF034633
:104770000020236103B030BD00230920236103B072
:1047800030BD0C4B0C49C91AC91018460191D5E728
:10479000C3F30360FFF7B2FF031E0CBF0920002024
:1047A000236103B030BD0123DAE700230520E0E7F1
:1047B00000000000EC6601086C6F01080368DA076E
:1047C00010B5044606D49B0700F1500009D5EBF75D
:1047D0002FFE2368590709D51A070ED5DB0613D516
:1047E00010BDEBF71DFE23685907F5D404F1D8007E
:1047F000EBF726FE23681A07F0D404F5AC70EBF74C
:1048000027FE2368DB06EBD404F5EC70BDE810400E
:10481000EBF762BE0346006800B11844704700BF62
:10482000704700BF70B504460E46316C2046FFF756
:1048300079FF054688B9326C6261236932462146A8
:10484000012098470828F0D0072806D12846316C67
:10485000FFF7E6FF301DEBF7D7FD00F0E5FD00BFE9
:104860002DE9F04F0D1DD0F80C90D0F818A0074698
:1048700014460FCDADF5777D0DF10C0CACE80F00B3
:104880000FCDACE80F000FCDACE80F0095E80F009E
:1048900002AE4FF0000E8CE80F000DF5F878C6F868
:1048A00000E021E0336C7B614FF4F4723146404606
:1048B000EBF786FC3B694246394658469847D8F89C
:1048C0003830B3642146CDE9006A05463B460120F5
:1048D0003A46C847044618BB4FF4F4724146304686
:1048E000EBF76EFC082D19D1316C3846FFF71AFF33
:1048F000093405465FFA84FB0028D3D0B36BB36458
:104900003A46CDE9006A3B464BF010010120C8470A
:1049100030B928460DF5777DBDE8F08F072D05D01D
:10492000092528460DF5777DBDE8F08F2046316CCE
:10493000FFF776FF03A8EBF767FD00BFF0B5CB6B81
:10494000FBB001F1040C0B640F460546BCE80F00F8
:1049500001AC0FC4BCE80F000FC4BCE80F000FC4CB
:104960009CE80F004FF0FF3E84E80F006E46CDF844
:1049700000E006E02B69324629469847082804469D
:1049800008D1316C2846FFF7CDFE0028F2D009206F
:104990007BB0F0BD3046FFF711FF062CF7D139464A
:1049A0002846FFF73FFF00BFC160D96B82611964E1
:1049B00000221946FFF754BF70B5C66843690B64FF
:1049C000AEB903690A4604460D46014602209847DF
:1049D000072805D008280FD129462046FFF722FFD7
:1049E0003046296CFFF71CFF281DEBF70DFD012257
:1049F000FFF736FF00F018FD00F016FDC26808B59D
:104A000032B1CA6B0A64BDE808400022FFF728BF34
:104A1000FFF794FF092008BD052915D8DFE801F04C
:104A20000A031403030501207047009A436C1360C6
:104A30000020704743B90F2A06D800EB82020020FD
:104A40005368009A136070470220704700B585B024
:104A50000A46002303A900911946FFF7DDFF0398DA
:104A600005B05DF804FB00BF052915D8DFE801F0AB
:104A70000A031403030501207047009B1B6843646D
:104A80000020704743B90F2A06D8009B00EB820232
:104A90001B685360002070470220704710B584B037
:104AA000002303AC039200940A461946FFF7DCFF8B
:104AB00004B010BD2DE9F041D36BADF5107D02F1CE
:104AC000040C136407460E46BCE80F000DF15C0EA3
:104AD000AEE80F00BCE80F00AEE80F00BCE80F0026
:104AE000AEE80F009CE80F0016AC4FF0FF388EE8E0
:104AF0000F006D46C4F8008010E0FFF7CFFF31468D
:104B00002046B847034622460820294683B92B6928
:104B10009847052880460DD0092809D0216C2846E1
:104B2000FFF700FE03460C212A462046002BE4D066
:104B30004FF009082046FFF741FE40460DF5107D75
:104B4000BDE8F0812DE9F04F1646CA6C89B00D46DC
:104B500052F8041B069200F0030CE3B10C0C8DF824
:104B60001D400904E4B2059102EB840202218DF894
:104B70001C10296DBCF1020F08BFAA6B11F00108CF
:104B80000FD005A9304600F0CFFA002839D108200F
:104B900009B0BDE8F08F090205918DF81D300321A1
:104BA000E5E71768002FECD000F008010191E3461B
:104BB000CDF808809A46BAF1020F26D0178854889B
:104BC00002F10409AA6C24F001030F21304603EB23
:104BD0000208FFF73BFF804515D827F0010202EBE2
:104BE0000803834294BF00230123640004F00204FD
:104BF00007F001072743012F0BD0022F50D0002FC1
:104C000045D00920C4E70023EFE7546802F1080902
:104C1000D8E7BBF1000F73D1CBB1D9F80430D9F884
:104C20000020991C4FEAD272EBD005F158040133F1
:104C3000049400F0CC8009F10400FFF7EBFD04AB15
:104C400001462846AFF30080002840F0978009F124
:104C500008021768002FAED105A93046DDF808809C
:104C600000F062FA0028CCD1B8F1000F8FD00F21EC
:104C70003046FFF7EBFE0E2102463046FFF70EFFEF
:104C8000594A0F213046FFF709FF072080E7BBF1A3
:104C9000000F02D0002B40F0878009F10402D8E712
:104CA000D9F8004024F00048BBF1000F0FD12BB120
:104CB000019B002B3CD0B8F1000F39D0002C01DA59
:104CC00009F1040908F1010209EB8202C1E70D2193
:104CD0003046FFF7BBFE2F6A8742EFD1AB6A99459A
:104CE000ECD100240423C5E90B434B44C5F82880CC
:104CF0006B63D9F80030A34270DB01230293E1E734
:104D00000D213046FFF7A2FE2C6A84429FD1AB6A88
:104D100099459CD14846FFF7B3FC0F210246304627
:104D2000FFF7BCFE2A4600213046FFF7B7FEACE78E
:104D300005F15803CDF80CB009F10407B34600247F
:104D40001E460BE038460496FFF764FD002201463C
:104D500004AB2846AFF300800437F8B9444504F1AA
:104D60000104EFD10D215846FFF770FE049BC5F8F2
:104D700028900246C5E90823062009E704460D21CC
:104D80003046FFF763FE049E2862022C04BFEE62E9
:104D900005F12C06C5E909690620F9E65E46D9F851
:104DA0000040DDF80CB089E74846FFF769FC09F1DF
:104DB00004030446AB632846AFF3008000283FF4A9
:104DC00020AF22460F213046FFF768FE5DE73046F0
:104DD0000D21FFF73BFE26462862DBE708F10102C2
:104DE00009EB820097E700BF000000000023FFF7F7
:104DF000A9BE00BF0123FFF7A5BE00BF0223FFF736
:104E0000A1BE00BF2DE9F0410646C4B014460529F5
:104E100008D8DFE801F016300773980B3A19102A0A
:104E200040F2B780022044B0BDE8F081836B002CD3
:104E3000F8D153F8042B42648363002044B0BDE8EA
:104E4000F081002BEED1856B1FFA84FC012006F166
:104E5000040E00FA03F111EA0C0F2A4604D052F8AE
:104E6000041B4EF8231015460133102BF1D1A0047A
:104E7000E3D4B563E1E7012B4FEA1447A4B2CDD0E8
:104E8000052BCFD107EB0408B8F1200FCAD80F2F9C
:104E900040F2BD80002CD0D002685107A04600F13E
:104EA0001B81019302AC2046EBF7CEFAD6F838C04E
:104EB000019B102F4FF0FF3239464FF0020E38BFE2
:104EC000102118FB0E2E04EBC10184397246604696
:104ED00050F8045B41F8045F013A551CF8D10CF11D
:104EE000040C012B0CEB8E0200F0D5800F2FB26367
:104EF00040F2FA802046EBF7A3FA9EE7032B91D10C
:104F0000A7B207EB1443102B4FEA14448AD8036866
:104F1000190700F1A38022AD2846EBF7BBFA7A000F
:104F2000B06B05EBC404531E42B1011B625844F838
:104F3000042B013B5A1CF9D100EBC700B063284693
:104F4000EBF786FA79E7002B7FF46CAF102C3FF675
:104F500069AF0368D80679D422AD2846EBF7C6FAC4
:104F6000B76B294600234FF0010C0CFA03F22242E2
:104F7000384603F1010303D050F8042B0A600746BA
:104F8000042B01F10401F0D1B7632846EBF7A4FA32
:104F900053E7102F3FF446AF0268D10708D53046DB
:104FA00022F0030240F8502B0193EBF73DFA019BEE
:104FB000019322AD2846EBF737FAD6F838C0002C1B
:104FC0006BD0019B4FF0000802214FF0FF3214FB21
:104FD000012E05EBC70104397246604650F8044BB8
:104FE00041F8044F013A541CF8D10CF1040C0CEBBD
:104FF0008E0CB8F1000F39D1012B4ED00F2FC6F80F
:1050000038C03FF61AAF2846EBF712FA15E70268E8
:10501000B8F1100F02F001012AD851B1304622F048
:10502000010242F0020240F8502B0193EBF704FA20
:10503000019B019322AD2846EBF7FEF9019B002C62
:10504000E1D0D6F838C04FF00008BDE723F01003D8
:10505000336006F5EC70EBF749FA7DE723F00803BF
:10506000036000F5AC70EBF715FA54E702AC20E7EB
:10507000D1B9550726D422AD28460193EBF7DCF9C8
:1050800002A8EBF7E1F9A8F11008D6F838C0019BA7
:10509000C7F1100498E7944622AD0CF10403B36302
:1050A0002846EBF7BDF9C8E622F0010242F0020201
:1050B00040F8502B0193EBF7BFF93268019B12F0D7
:1050C000040FD8D0304622F0040240F8D82B0193C8
:1050D000EBF7BAF9019BCEE722F0040240F8D82B97
:1050E0000193EBF7B1F9DDE622A8EBF7A1F901E7AF
:1050F000027A03467AB9427AA2B14168013A10B401
:105100004272086803220C1D1A7202025C60000ED3
:1051100010BC1A6070470068013A1A7202021A60E5
:10512000000E7047B02070472DE9F043064685B069
:105130000D4600272846FFF7DBFFB028044600F0A5
:10514000218103065ED500F0F003A02B1DD033D8DB
:10515000802B00F08780902B2AD100F00D030D2BBF
:1051600026D00DF10808002300F00F021946CDF8F3
:1051700000803046FFF750FC0023CDF800800D2260
:1051800019463046FFF770FCD4E7C34303F007032A
:105190004FF47F621A41010702F47F6201D542F4A5
:1051A0008042002319463046FFF72CFE0028C1D06C
:1051B000092005B0BDE8F083B02B68D0C02B3FD1EB
:1051C000C62800F0CC80C72800F0DF8000F0F8038C
:1051D000C02B00F0EC80C82800F0F780C928E7D188
:1051E0002846FFF785FF020300F00F0002F470224B
:1051F00001300243012105233046FFF703FE00285A
:1052000098D0D5E78300DBB203F104080DF108095B
:1052100000231946CDF800900D223046FFF7FCFB25
:10522000029ACDF8009060064CBFA2EB08024244FF
:105230000023029219460D223046FFF715FC79E74C
:1052400000F0F803D02BB3D100F0070201320523A0
:1052500042F4002201213046FFF7D4FD00283FF43C
:1052600069AFA5E72846FFF743FF24022043B0F5C6
:10527000004F9DD004010023A2B219463046FFF72B
:10528000C1FD002894D1C4F3C030074352E7A0F118
:10529000B103042B00F2B580DFE803F05729160CA8
:1052A000030003AA0023009219460D223046FFF79F
:1052B000B3FB3FE700231A4605213046FFF7A2FD66
:1052C00000283FF437AF73E72846FFF711FF0203CA
:1052D00000F00F00013002F470220123024319464E
:1052E0003046FFF78FFD00283FF424AF60E700232E
:1052F0000DF108090D221946CDF800903046FFF750
:105300008BFB2846FFF7F4FE0206029C4FF00208D2
:105310000CD500F07F0000FA08F0044428460294FF
:10532000FFF7E6FE030608F10708F2D400FA08F0DA
:1053300004F50174204400230290CDF800900D2262
:1053400019463046FFF790FBF4E62846FFF7D0FEFB
:10535000431EDBB20E2B02467FF623AF28E728461A
:10536000FFF7C6FE020300F00F00013002F47022C6
:105370000323024319463046FFF744FD00283FF45B
:10538000D9AE15E76FB3002013E72846FFF7B0FE4C
:10539000431EDBB20E2B02463FF60AAF0023042168
:1053A0003046FFF72FFD00283FF4C4AE00E700F0C1
:1053B0000F020132032342F4202219463046FFF740
:1053C00021FD00283FF4B6AEF2E62846FFF790FE36
:1053D00000F0F00200F00F031032013343EA023212
:1053E00008E702AC3B46394600940E223046FFF7F0
:1053F00013FB0F2200943B4639463046FFF734FB3F
:10540000C1E700F0FC03B42B3FF4D2AE00F007027A
:105410000132012342F4002219463046FFF7F2FC24
:1054200000283FF487AEC3E608B5062000F004F874
:10543000012000F055F800BF38B5144B1F281D6837
:105440001ED8D5F83821044662B152F820304BB14D
:10545000012B05D0591C0FD0002142F8201098478D
:10546000002038BD284600F029F82246014628468B
:10547000BDE8384000F00CB816232B60012038BD81
:1054800016232B604FF0FF3038BD00BF8C03002087
:1054900070B50C46084D03460026204611461C46B2
:1054A0002E6000F015F8431C00D070BD2B68002B57
:1054B000FBD0236070BD00BF8C20002000F000B83E
:1054C000024B58221A604FF0FF3070478C200020AA
:1054D000024B58221A604FF0FF3070478C2000209A
:1054E000FEE700BF0004004800000048000000483C
:1054F0000004004800040048000400480008004878
:105500000040010200080048002001020008004895
:105510000080010200000048100001020000004865
:10552000200001020000004840000102000000408D
:10553000000400480004081C01020A0100000040A9
:105540000004004800080C1C01020B010000004090
:10555000000000480200041C01020101000000409C
:10556000000000480100001C01020001002C014065
:10557000000000480001001B000A0806C5950066EF
:105580009C4C4544424C494E4B00312E302E30004D
:10559000332E302E300031363A35383A3132003041
:1055A000392D30392D3230323600302E302E300049
:1055B0005052494D55535F58325F7631004D414747
:1055C0004953563200414554523132333400475921
:1055D000524F5F43414C4942524154454400525856
:1055E0005F4C4F53545F4C414E44494E4700525814
:1055F0005F4C4F53540044495341524D494E47006C
:1056000041524D494E475F4750535F46495800420B
:1056100041545F435249545F4C4F57004241545FDD
:105620004C4F570052585F534554004143435F432A
:10563000414C4942524154494F4E004143435F431C
:10564000414C4942524154494F4E5F4641494C00FA
:1056500052454144595F42454550004449534152E7
:105660004D5F5245504541540041524D454400253F
:105670007320666F722025730042792044524F4E8A
:1056800041204156494154494F4E0046573A2573EF
:10569000207C204150493A2573004275696C642092
:1056A0003A202573007C2025642E2564004445564D
:1056B000207C00202020207C00525820207C007C70
:1056C0002041524D007C20202020002041434320D7
:1056D00043414C2000204D41472043414C200020B5
:1056E0004C4F57204241542000205258204C4F53D9
:1056F000532000202043524153482020004E4F5455
:10570000205245414459002020524541445920200F
:1057100000494E20464C4947485400202020202074
:1057200020202020002530326C75203A00253032B0
:105730006C750050203A2025642020200052203A29
:105740002025642020200059203A20256420202094
:105750000070203A2025642020200054203A202583
:1057600064202020004D41474953205632005052BA
:10577000494D55532058322076310041524D3B005F
:10578000414E474C453B00484F52495A4F4E3B0013
:105790004241524F3B004D41473B00484541444642
:1057A0005245453B004845414441444A3B00434142
:1057B0004D535441423B0043414D545249473B00F5
:1057C00047505320484F4D453B0047505320484FCA
:1057D0004C443B0050415353544852553B004245C2
:1057E000455045523B004C45444D41583B004C45CB
:1057F000444C4F573B004C4C49474854533B0043A3
:10580000414C49423B00474F5645524E4F523B0098
:105810004F53442053573B0054454C454D4554523B
:10582000593B004754554E453B00534F4E41523B68
:1058300000534552564F313B00534552564F323B71
:1058400000534552564F333B00424C41434B424F6D
:10585000583B004641494C534146453B000C010230
:105860000005040300000000815501088A55010865
:1058700090550108965501089F550108AA55010841
:10588000B0550108BD5501080000803F000080BFF1
:105890000000803F000080BF0000803F000080BF0C
:1058A000000080BF0000803F0000803F0000803F7C
:1058B0000000803F0000803F0000803F0000803FEC
:1058C000000080BF000080BF070101020202050343
:1058D000080406050A060907010000009859010896
:1058E000CE55010802010000C1590108DE5501082A
:1058F00003020000D4590108EE550108040300001A
:10590000E1590108F655010805040000EB590108AA
:10591000F955010806050000B859010800560108AC
:1059200007060000D75901080F56010808070000B4
:10593000DA5901081C5601080908000067240020F4
:10594000000000000A090000F0590108245601086F
:105950000C0A0000A45901082B5601080D0B000089
:105960009F5901083B5601080E0C0000A959010877
:10597000505601080F0D00006724002000000000B1
:105980000B0E0000DD5901085B560108100F0000E6
:10599000E659010869560108140A140A140AFF148A
:1059A0000F2305FF05050505FF0405040508050F80
:1059B00005080504050405FF05050F0505050F1E6F
:1059C000FF0A0A0A0A0A28280A280A28280A0A0AAC
:1059D0000A0A46FF3232FF3202FF1932FF00640A20
:1059E000FF0F050F05FF00F50A05FF1E050505FF62
:1059F0000A0AFF0100010200010300010400010581
:105A000000010600010700010800010900010A0069
:105A1000010B00010C01030D00010E00010F00013C
:105A20001000011100011200011300011400010017
:105A30000000000080250000004B000000960000E0
:105A400000E1000000C201000084030090D00300C8
:105A500000010000524F4C4C3B50495443483B59C5
:105A600041573B414C543B506F733B506F73523B1B
:105A70004E6176523B4C4556454C3B4D41473B565B
:105A8000454C3B00000000007B570108000000006F
:105A90000100000080570108010000000200000022
:105AA000875701080200000003000000905701081A
:105AB00003000000040000009657010805000000E4
:105AC000050000009B5701080600000006000000CA
:105AD000A55701080700000007000000AE570108A5
:105AE0000800000008000000B75701080900000086
:105AF00009000000C05701080A0000000A00000069
:105B0000CA5701080B0000000B000000D457010821
:105B10000C0000000C000000DE5701080D00000022
:105B20000D000000E65701080E0000000E00000006
:105B3000EE5701080F0000000F000000F6570108A3
:105B40001000000010000000FF57010811000000C5
:105B500011000000065801081200000012000000A9
:105B60001058010813000000130000001858010825
:105B70001400000014000000235801081500000064
:105B8000150000002A580108160000001600000049
:105B900031580108170000001700000039580108AB
:105BA000180000001800000041580108190000000A
:105BB00019000000495801081A0000001A000000EE
:105BC000535801081B0000001B00000000000000EB
:105BD000FF000000414552543132333435363738F6
:105BE000616263646566676800000100020004008A
:105BF000060008000A000C00100020004000800091
:105C00000001000000000000000000000000010290
:105C10000304010203040607080900000000000055
:105C2000004F00000007000700147F147F14242A8F
:105C30007F2A122313086462364955225000050357
:105C40000000001C2241000041221C0014083E08F4
:105C50001408083E0808005030000008080808082A
:105C6000006060000020100804023E5149453E00DB
:105C7000427F400042615149462141454B31181451
:105C8000127F1027454545393C4A49493001710981
:105C900005033649494936064949291E003636006A
:105CA0000000563600000814224100141414141485
:105CB00000412214080201510906324979413E7E11
:105CC0001111117E7F494949363E414141227F41B0
:105CD00041221C7F494949417F090909013E414947
:105CE000497A7F0808087F00417F41002040413FFA
:105CF000017F081422417F404040407F020C027F18
:105D00007F0408107F3E4141413E7F090909063E5C
:105D10004151215E7F09192946464949493101010E
:105D20007F01013F4040403F1F2040201F3F40383F
:105D3000403F631408146307087008076151494520
:105D400043007F41410002040810200041417F00D0
:105D500004020102044040404040010204000020CF
:105D6000545454787F484444383844444420384498
:105D700044487F3854545418087E090102064949A2
:105D8000493F7F0804047800447D40002040443DA2
:105D9000007F1028440000417F40007C0418047CF0
:105DA0007C0804047838444444387C1414140808EB
:105DB0001414187C7C080404084854545420043FEC
:105DC0004440203C4040207C1C2040201C3C403073
:105DD000403C44281028440C5050503C4464544CDF
:105DE00044000836410000007F00000041360800F2
:105DF00002010204023E555541220000000000004D
:105E0000007900001824742E24487E4942405D2207
:105E100022225D15167C161500007700000A5555E4
:105E200055280001000100000A0D0A0408142A1474
:105E300022040404041C00080808000101010101F7
:105E4000000205020044445F444400000402017E55
:105E50002020103E060F7F007F0018180000004031
:105E6000502000000A0D0A0022142A1408170834D2
:105E70002A7D1708046A59304845402042004200F4
:105E8000427E420042007E7E0042007E7E7E4200D4
:105E90007E7E7E7E007E7E7E7E7E5A0000005A5A86
:105EA0004040405A7A6060607A7A7070707A7A788E
:105EB00078787A7A7C7C7C7A7A7E7E7E7A000000A2
:105EC000C5C80008C1C80008C9C800080004080106
:105ED000000000480001000000000200000400482B
:105EE000040000000000040000040048400000001E
:105EF00000000400000400488000000000000400CE
:105F00000004004800800000000004000004004875
:105F100000400000000004000004004800200000D1
:105F2000000004000004004800100000000004000D
:105F300000000048100000000000020000000048BF
:105F400000200000000002000000004800400000A7
:105F500000000200000400481000000000000400DF
:105F60000004004820000000000004000000004879
:105F700020000000000002000004004808000000AB
:105F80000000040000000048008000000000020043
:105F90000000004808000000000002000000004867
:105FA0000400000000000200C01200008025000074
:105FB00040380000004B00000096000000E10000A7
:105FC00000C2010000F4010000E803000005060023
:105FD000F0180020010908008817002002040F00B3
:105FE0002016002003070E00B814002004FF0D0047
:105FF00050130020086001081E60010804600108B9
:1060000006600108FFFFFFFF000301030203030313
:10601000040205030603070308040903FFFF000346
:106020000103020303030401050306030703080435
:10603000FFFF0000250F0108350D0108790C01084C
:10604000690D0108290D01089F0C01082F0D010899
:10605000000000000000004B000000CB00000080AA
:10606000DB0F4940DB0F49C0DB0F49BFE4CB1640D3
:10607000E4CB16C0000FC93F000F494000CB96404B
:10608000000FC9400053FB4000CB164100ED2F41EB
:10609000000F49410031624100537B41003A8A417F
:1060A00000CB9641005CA34100EDAF41007EBC41B6
:1060B000000FC94100A0D5410031E24100C2EE41CC
:1060C0000053FB4100F20342003A0A4200831042AF
:1060D00000CB164200141D42005C234200A5294259
:1060E00000ED2F4200363642007E3C4200C742425D
:1060F000000F4942A2000000F900000083000000E8
:106100006E0000004E00000044000000150000007A
:1061100029000000FC0000002700000057000000DC
:10612000D1000000F500000034000000DD00000098
:10613000C0000000DB0000006200000095000000CD
:10614000990000003C0000004300000090000000A7
:1061500041000000FE00000051000000630000004C
:10616000AB000000DE000000BB000000C500000026
:1061700061000000B7000000240000006E00000075
:106180003A000000420000004D000000D200000074
:10619000E000000006000000490000002E000000A2
:1061A000EA00000009000000D10000009200000099
:1061B0001C000000FE0000001D000000EB000000BD
:1061C0001C000000B100000029000000A700000032
:1061D0003E000000E80000008200000035000000E2
:1061E000F50000002E000000BB000000440000008D
:1061F00084000000E90000009C0000007000000026
:1062000026000000B40000005F0000007E000000D7
:10621000410000003900000091000000D60000009D
:106220003900000083000000530000003900000026
:10623000F40000009C000000840000005F000000EB
:106240008B000000BD000000F900000028000000E5
:106250003B0000001F000000F80000009700000055
:10626000FF000000DE0000000500000098000000B4
:106270000F000000EF0000002F00000011000000E0
:106280008B0000005A0000000A0000006D000000B2
:106290001F0000006D000000360000007E000000BE
:1062A000CF00000027000000CB0000000900000024
:1062B000B70000004F000000460000003F00000053
:1062C000660000009E0000005F000000EA00000081
:1062D0002D0000007500000027000000BA0000003B
:1062E000C7000000EB000000E5000000F100000026
:1062F0007B0000003D0000000700000039000000A6
:10630000F70000008A000000520000009200000028
:10631000EA0000006B000000FB0000005F000000CE
:10632000B10000001F0000008D0000005D000000B3
:1063300008000000560000000300000030000000CC
:1063400046000000FC0000007B0000006B00000025
:10635000AB000000F0000000CF000000BC00000017
:10636000200000009A000000F40000003600000049
:106370001D000000A9000000E300000091000000E3
:10638000610000005E000000E60000001B0000004D
:106390000800000065000000990000008500000072
:1063A0005F00000014000000A00000006800000072
:1063B000400000008D000000FF000000D800000039
:1063C000800000004D000000730000002700000066
:1063D000310000000600000006000000150000006B
:1063E00056000000CA00000073000000A800000072
:1063F000C900000060000000E20000007B00000017
:10640000C00000008C0000006B0000006937AC3158
:1064100068212233B40F14336821A2333863ED3E70
:10642000DA0F493F5E987B3FDA0FC93F0000C93F52
:106430000000F0390000DA370000A2330000842E9B
:106440000000502B0000C2270000D0220000C41F13
:106450000000C61B000044170400000007000000F5
:04646000090000002F
:1064640008B10181B0B000840000000008B10181CE
:10647400B0B000840000000008B10181B0B0008415
:106484000000000008B10181B0B0008400000000E9
:10649400C9080181B0B0AF800000000008B10181DB
:1064A400B0B000840000000008B10181B0B00084E5
:1064B4000000000080C90181B0AF08B100000000F5
:1064C40008B10181B0B000840000000008B101816E
:1064D400B0B000840000000008B10181B0B00084B5
:1064E4000000000008B10181B0B000840000000089
:1064F40084030181B00EB1000000000080C9018155
:10650400B0A908B10000000008B10181B0B0008456
:106514000000000008B10181B0B000840000000058
:1065240008B10181B0B000840000000008B101810D
:10653400B0B0008400000000C90C0181B0B0AF808D
:1065440000000000C90C0181B0B0AF800000000061
:10655400C9060181B0B0AF8400000000C906018102
:10656400B0B0AF8300000000C9080181B0B0AF80B3
:106574000000000080C90181008408B1000000000F
:1065840008B10181B0B000840000000082C901811B
:10659400B0A908B100000000C9040181B0B0AB8209
:1065A4000000000081C90181B0AB08B10000000007
:1065B40080C90181008408B10000000008B1018194
:1065C400B0B000840000000008B10181B0B00084C4
:1065D40000000000C9200181B0B0AF8000000000BD
:1065E40008B10181B0B000840000000008B101814D
:1065F400B0B000840000000008B10181B0B0008494
:106604000000000008B10181B0B000840000000067
:1066140008B10181B0B000840000000008B101811C
:10662400B0B000840000000008B10181B0B0008463
:106634000000000008B10181B0B000840000000037
:10664400C9020181B0B0AD800000000008B1018131
:10665400B0B000840000000080C90181B0AF08B16F
:106664000000000008B10181B0B000840000000007
:1066740008B10181B0B000840000000008B10181BC
:10668400B0B000840000000008B10181B0B0008403
:106694000000000008B10181B0B0008400000000D7
:1066A40008B10181B0B000840000000008B101818C
:1066B400B0B000840000000008B10181B0B00084D3
:1066C4000000000008B10181B0B0008400000000A7
:1066D40080C90181B0AD08B10000000008B101819A
:0866E400B0B0008400000000CA
:1066EC00D49AFE7F01000000E69EFE7F6CFDFF7FCA
:1066FC00F09EFE7F01000000F09EFE7F68FDFF7F94
:10670C00FA9EFE7F01000000609FFE7FB0AB06800A
:10671C00BCA2FE7F5CFDFF7FC0A2FE7F01000000DB
:10672C00DCA2FE7F58FDFF7F40A3FE7F5CFDFF7F58
:10673C00A0A7FE7FB0B0A88080A8FE7F58FDFF7F89
:10674C0044A9FE7F01000000FCA9FE7FB0B0A88028
:10675C00C8AAFE7FB0B0AA8040ABFE7FAD08B18066
:10676C00E0ADFE7FB0AD0280B0AEFE7FA908B18077
:10677C00E8AFFE7FB0AC0180BCB1FE7F0100000031
:10678C0080B3FE7FB0B0A8809CB3FE7FB0A902801E
:10679C006CB4FE7F0100000068B4FE7FAB08B180D2
:1067AC00FCB4FE7F010000001CB5FE7FF4FCFF7FF3
:1067BC0048B5FE7F0100000078B5FE7FF0FCFF7F3E
:1067CC00DCB8FE7F01000000F8B8FE7FECFCFF7F18
:1067DC0090B9FE7FB0B0A88010BAFE7FE8FCFF7FB6
:1067EC0018BAFE7FECFCFF7F20BAFE7FB0B0A88009
:1067FC003CBAFE7F010000004CBAFE7FB0B0A8800E
:10680C0080BAFE7F01000000D8BAFE7FB0B0AC8029
:10681C00B8BCFE7FC8FCFF7FD4BCFE7F010000002B
:10682C00B0C0FE7FAD08B18000C1FE7F010000004A
:10683C0010C1FE7FB0AE0780D4C2FE7FACFCFF7FE0
:10684C00F8C2FE7F010000007CC4FE7FAF08B1805F
:10685C0018C6FE7FA908B18084C6FE7F0100000027
:10686C00ACC6FE7FAC80C98024C8FE7F010000004E
:10687C00DCC9FE7F80FCFF7F18CAFE7F0100000090
:10688C001CCAFE7FB0B0A88078CAFE7FAC81C980DC
:10689C00A8CCFE7F0100000084CDFE7F64FCFF7F4E
:1068AC0094CDFE7F68FCFF7FACCDFE7F6CFCFF7F40
:1068BC00C4CDFE7FB0AF028044CFFE7F68FCFF7F6B
:1068CC00D0CFFE7F6CFCFF7FACD2FE7F70FCFF7FD5
:1068DC00C8D5FE7FB0AF0A8074D8FE7F6CFCFF7FFA
:1068EC00BCDDFE7F70FCFF7F94E0FE7F74FCFF7FBD
:1068FC0030E3FE7F010000007CE5FE7FB0B0AA8093
:10690C00C0E5FE7F0100000070E8FE7FB0AB0A809E
:10691C0054EAFE7F0100000000EDFE7F50FCFF7F7B
:10692C0050EDFE7F0100000064EEFE7F4CFCFF7F0B
:10693C0034EFFE7F0100000048F0FE7F48FCFF7F33
:10694C00D0F1FE7F4CFCFF7F0CF5FE7F50FCFF7FEF
:10695C0004F7FE7F54FCFF7F94F7FE7F01000000DC
:10696C00D0F7FE7FAB08B180FCF7FE7F0100000082
:10697C0028F8FE7FB0B0AA805CF8FE7F0100000012
:10698C007CF8FE7F30FCFF7FA4F8FE7F0100000046
:10699C00A8F8FE7FAF08B180A4FAFE7F01000000CA
:1069AC007CFDFE7F1CFCFF7FA0FDFE7F0100000034
:1069BC00DCFDFE7FB0B0AA8084FEFE7F01000000EB
:1069CC003C03FF7FA908B1808003FF7FB0AD02803C
:1069DC00E405FF7F010000000006FF7FA908B180DD
:1069EC004406FF7FAB08B1807406FF7F01000000F6
:1069FC009C06FF7FB0B0AA80E809FF7FB0B0A880EA
:106A0C00040AFF7FB0AF0480F40AFF7FB0B0AA8005
:106A1C00200BFF7F010000005C0DFF7FB0AC0180FC
:106A2C00C40DFF7F010000001C0EFF7FB0B0A880DA
:106A3C002C0EFF7F01000000740EFF7FB0B0A88009
:106A4C00900EFF7FA908B180C80EFF7F01000000E7
:106A5C00C80EFF7FB0B0A880E80EFF7F01000000D9
:106A6C00E80EFF7F68FBFF7F381BFF7FB0AE018015
:106A7C00B01BFF7FAB08B180E01CFF7F0100000062
:106A8C00EC1CFF7FB0AF0A80DC25FF7F010000000B
:106A9C00F025FF7F44FBFF7F0026FF7F01000000F5
:106AAC00FC25FF7F40FBFF7FFE25FF7F01000000E0
:106ABC002826FF7FB0AA03806826FF7F34FBFF7F68
:106ACC007826FF7FB0AF04804C27FF7F00840480C2
:106ADC009427FF7FAB08B180B827FF7FB0B0A880A8
:106AEC00CC27FF7F01000000C827FF7FB0B0A88033
:106AFC001428FF7F010000003428FF7F00FBFF7F7C
:106B0C00C028FF7FAD08B180C029FF7F01000000C5
:106B1C00FC29FF7FF4FAFF7F242AFF7FF8FAFF7F1E
:106B2C003C2AFF7FA908B180342BFF7F01000000B5
:106B3C00482BFF7FB0AF0480742DFF7F0100000055
:106B4C00A82DFF7FDCFAFF7F042EFF7F01000000E1
:106B5C005C35FF7FB0AA0180E035FF7F01000000AB
:106B6C000036FF7FB0B0AC80A836FF7F010000007C
:106B7C00D836FF7FB0B0AC807438FF7F01000000C6
:106B8C008C38FF7FB0B0A880DC38FF7F010000009C
:106B9C00EC38FF7FAB08B1809839FF7F90FAFF7F0C
:106BAC00F039FF7FB0B0AC80D83AFF7FB0A902803B
:106BBC00743CFF7F84FAFF7FB83FFF7FB0A803804F
:106BCC000040FF7F010000000C41FF7F78FAFF7F3F
:106BDC001C41FF7FB0B0AE800843FF7F0100000076
:106BEC002843FF7F6CFAFF7F4044FF7FB0B0A88042
:106BFC006844FF7F010000008844FF7FAF08B1802C
:106C0C005445FF7F58FAFF7F8845FF7F0100000045
:106C1C00984AFF7FB0B0AA80844EFF7F010000002D
:106C2C000450FF7FB0B0AA804851FF7FAC80C98070
:106C3C00A053FF7F010000005855FF7FB0A90280D0
:106C4C001856FF7FA908B1802856FF7FAB08B1808A
:106C5C009056FF7FB0B0A8800457FF7FAB08B1807F
:106C6C00B057FF7FB0B0A8800C58FF7F0100000028
:106C7C004058FF7FB0B0A8807058FF7FB0AC19802F
:106C8C00CC59FF7F00841280445AFF7F008414800B
:106C9C00E05AFF7F00841280545BFF7F00841480D5
:106CAC00F45BFF7FC4F9FF7F0C5CFF7F01000000E9
:106CBC00185CFF7FB0A902805C5CFF7F01000000C4
:106CCC00885CFF7F00840280B05CFF7FA8F9FF7FA7
:106CDC00D85CFF7F01000000DC5CFF7FA4F9FF7F24
:106CEC00605DFF7FB0B0A8809C5DFF7F010000005D
:106CFC00C45DFF7FAF08B180B85EFF7F010000006C
:106D0C00E45EFF7FAF08B1808861FF7F0100000067
:106D1C009061FF7FAB08B1800C63FF7F0100000026
:106D2C002863FF7FA908B1804864FF7F008402803C
:106D3C007C64FF7F010000009A89FF7F50F9FF7F80
:106D4C00A889FF7F01000000AC89FF7FB0AB0480F5
:106D5C00F48AFF7FB0A90280948BFF7F01000000B2
:106D6C009C8BFF7F34F9FF7FA88BFF7FB0A801803D
:106D7C00688CFF7F01000000CC94FF7F28F9FF7F17
:106D8C00D294FF7FB0A801801895FF7F010000000E
:106D9C001495FF7F1CF9FF7F3495FF7FB0A902800B
:106DAC008495FF7F01000000C896FF7FB0B0A880DB
:106DBC00EC96FF7FB0A801803097FF7FB0B0AA801F
:106DCC004897FF7F008402802098FF7FF0F8FF7FB8
:106DDC003C98FF7F008402808498FF7F01000000B4
:106DEC009C98FF7FB0A90280F498FF7F01000000FF
:106DFC00F498FF7FB0B0AE808899FF7F010000004F
:106E0C00289AFF7FB0AF0680449BFF7F01000000F3
:106E1C00749BFF7FAD08B180A89BFF7F0100000031
:106E2C00AC9BFF7FB0B0A880209CFF7F01000000CE
:106E3C00649DFF7FB0AA03801C9EFF7F01000000B1
:106E4C00E4A4FF7FB0B0AC8066A5FF7F010000001A
:106E5C0028A6FF7F0084028040A6FF7FB0AA038093
:106E6C007CA6FF7FB0B0A8809EA6FF7F010000002B
:106E7C00A4A6FF7FAD08B18008A7FF7F010000002A
:106E8C0078A7FF7FA908B180E4A7FF7F010000006D
:106E9C0014A8FF7FB0A801806CA8FF7FB0AC038062
:106EAC0060A9FF7F01000000A0AAFF7FB0AA0380A9
:106EBC0044ABFF7F0100000064ABFF7FB0B0AA8041
:106ECC00ACABFF7F0100000044ACFF7FFCF7FF7F01
:106EDC0010ADFF7F0100000040D8FF7FB0A90280F9
:106EEC00D0D8FF7FB0B0A88020D9FF7F0100000070
:106EFC0028D9FF7FB0B0AA805CD9FF7FAF76B28073
:106F0C0030DAFF7FAB3F3A8094DAFF7F010000005C
:106F1C009CDAFF7FB0B0AA80D8DAFF7FB8F7FF7F8A
:106F2C00ECDAFF7F0100000080DBFF7FAC0FB2804A
:106F3C0008DCFF7FB0AF0880A8DEFF7F01000000F7
:106F4C00B8DEFF7FAC3F03809CE1FF7F01000000B7
:106F5C00CCE1FF7FB0AD0480C4E4FF7F01000000F2
:046F6C00F9600008C0
:106F70005300000000A24A0401000000F4010000D8
:106F80006400000000000040FFFF00000F00000050
:106F9000010000000A000000FFFF01009D3800080A
:106FA0000AD7233CCDCC4C3E728A0E3CCDCC4C3E15
:106FB0000000803F00000000000000000000000012
:106FC0000000803F00000000000000000000000002
:106FD0000000803F0200000001000000B99200089C
:106FE000010100016400000000005C420000803FDD
:106FF0000000803F0101010001010100FFFF0000CE
:107000000000C03FFF00140578000000B603000038
:1070100001010200FFFFFFFF0100FFFFFFFFFFFF75
:10702000FFFFFFFF01010100A08601000101FF0039
:1070300001800101FF0101000001FF01014F020178
:10704000FF0E01000301018401020A010303010490
:10705000080105C801060301078D0108080109C6DA
:10706000010A01010B02010C00010DD5010E1801EE
:107070000F120110010111820112000113D5011438
:107080001801151301160301178601180A011909C1
:10709000011A08011BC2011C03011D8F011E0A01F8
:1070A0001F060120010121020122000123D5012434
:1070B000180125220126010127820128000129D576
:1070C000012A18012B0B012C28012D78012E2801F3
:1070D0002F9101300001310B01320001330B0134DB
:1070E000000135A10136000137A001380001390443
:1070F000013A28013B30013C0C013D04013E0F01E7
:107100003F7901402801411E01422F01438701447C
:107110000001450B01460001470B0148000149A74A
:10712000014A00014BA6014C00014D04014E010132
:107130004F000150000151800152090153080154D0
:107140000101550001560F015779015809015905F0
:10715000015A00015B60015C05015DD1015E0C011B
:107160005F3C0160000161D001620B0163030164B7
:107170002801651001662A01673901680B0169025F
:10718000016A28016B10016C2A016D61016E0C010E
:107190006F0001700F01717901720001730B0174AE
:1071A0000001750B0176000177A10178000179A03B
:1071B000017A00017B0401FF0401791D017B270195
:1071C000960E0197FE0198030199EF019A02019B27
:1071D0004401730701700101FF0101000101FF007B
:1071E00000000001FF0101000001FF000109000192
:1071F00010000111000124010125FF01750001FFAC
:1072000001014E2C01480001302001FF000130092E
:10721000015400013104013203014083014625017C
:1072200060000127000150060151000152960156ED
:10723000080157300161000162000164000165002E
:107240000166A001FF010122320147140149FF013B
:107250004A0001FF00017A0A017B0001782101FF49
:10726000010123340142000144FF01452601460586
:10727000014040010E0601201A01434001FF0001B8
:10728000340301354401FF01013104014B09014C74
:1072900005014D0401FF000144000145200147089C
:1072A0000148280167000170040171010172FE01AB
:1072B000760001770001FF01010D0101FF0001804F
:1072C000010101F801FF01018E0101000101FF0030
:1072D00001800000000000000A000000050000001E
:1072E0000000000005000000000000000001000098
:1072F00000000000000000000100000090030020DA
:1073000000000000541F0020BC1F0020242000208B
:10731000000000000000000000000000000000006D
:10732000000000000000000000000000000000005D
:10733000000000000000000000000000000000004D
:10734000000000000000000000000000000000003D
:10735000000000000000000000000000000000002D
:10736000000000000000000000000000000000001D
:10737000000000000000000000000000000000000D
:1073800000000000000000000000000000000000FD
:1073900000000000000000000100000000000000EC
:1073A0000E33CDAB34126DE6ECDE05000B000000B1
:1073B00000000000000000000000000000000000CD
:1073C00000000000000000000000000000000000BD
:1073D00000000000000000000000000000000000AD
:1073E000000000000000000000000000000000009D
:1073F000000000000000000000000000000000008D
:10740000000000000000000000000000000000007C
:10741000000000000000000000000000000000006C
:10742000000000000000000000000000000000005C
:10743000000000000000000000000000000000004C
:0400000508000000EF
:00000001FF
