:020000040800F2
:1000000000A00020050600086D0600086D06000827
:100010006D0600086D0600086D060008000000006F
:100020000000000000000000000000006D06000855
:100030006D060008000000006D060008E564000879
:100040006D0600086D0600086D0600086D060008C4
:100050006D0600086D0600086D0600086D060008B4
:100060006D060008DF6400086D0600086D060008D4
:100070006D0600086D060008B11101086D06000844
:100080006D0600086D0600086D0600086D06000884
:100090006D0600086D0600086D0600086D06000874
:1000A00045160108FD15010855160108ED15010852
:1000B0000116010811160108211601086D06000835
:1000C0006D0600086D0600086D0600086D06000844
:1000D0006D060008711201087D1201086D06000806
:1000E000D96400086D0600086D0600086D0600085A
:1000F000411601086D060008311601086D0600085A
:100100000000000000000000000000006D06000874
:100110006D0600086D0600086D0600086D060008F3
:100120006D0600086D0600086D0600086D060008E3
:100130006D0600086D0600080000000000000000C9
:100140006D0600086D0600086D060008000000003E
:10015000000000000000000000000000000000009F
:1001600000000000000000006D0600086D06000899
:100170006D06000800000000000000000000000004
:08018000000000006D060008FC
:1001C000844641EA000313F003036DD1403A41D362
:1001D00051F8043B40F8043B51F8043B40F8043B21
:1001E00051F8043B40F8043B51F8043B40F8043B11
:1001F00051F8043B40F8043B51F8043B40F8043B01
:1002000051F8043B40F8043B51F8043B40F8043BF0
:1002100051F8043B40F8043B51F8043B40F8043BE0
:1002200051F8043B40F8043B51F8043B40F8043BD0
:1002300051F8043B40F8043B51F8043B40F8043BC0
:1002400051F8043B40F8043B51F8043B40F8043BB0
:10025000403ABDD2303211D351F8043B40F8043B50
:1002600051F8043B40F8043B51F8043B40F8043B90
:1002700051F8043B40F8043B103AEDD20C3205D360
:1002800051F8043B40F8043B043AF9D2043208D058
:10029000D2071CBF11F8013B00F8013B01D30B88CA
:1002A00003806046704700BF082A13D38B078DD0A8
:1002B00010F003038AD0C3F10403D21ADB071CBF7A
:1002C00011F8013B00F8013B80D331F8023B20F8E4
:1002D000023B7BE7043AD9D3013A11F8013B00F81D
:1002E000013BF9D20B7803704B7843708B788370A5
:1002F00060467047000000000000000000000000A1
:1003000030B490F800F020F007016FF0000C10F00E
:10031000070491F820F040F048804FF000046FF09F
:100320000700D1E9002391F840F000F1080082FABB
:100330004CF2A4FA8CF283FA4CF3A2FA8CF34BBB86
:10034000D1E9022382FA4CF200F10800A4FA8CF2FF
:1003500083FA4CF3A2FA8CF3E3B9D1E9042382FACD
:100360004CF200F10800A4FA8CF283FA4CF3A2FAE2
:100370008CF37BB9D1E9062301F1200182FA4CF21A
:1003800000F10800A4FA8CF283FA4CF3A2FA8CF381
:10039000002BC6D0002A04BF04301A4612BAB2FAA3
:1003A00082F200EBD20030BC7047D1E9002304F0A8
:1003B0000305C4F100004FEAC50514F0040F91F8DD
:1003C00040F00CFA05F562EA05021CBF63EA05037A
:1003D00062464FF00004AAE753B94AB9002908BFA2
:1003E00000281CBF4FF0FF314FF0FF3000F0E2B8A3
:1003F000ADF1080C6DE904CE13F0F6FFDDF804E072
:10040000DDE9022304B0704700F1340191E83800BF
:100410009C46A6464CF8045D90E8FF0FE54600BDFB
:1004200090EC210B704700BF80EC210B704700BFA0
:1004300090EC200B704700BF80EC200B704700BF92
:10044000D0EC200B704700BFC0EC200B704700BF02
:10045000F0EC0201F0EC0211F0EC0221F0EC0231C0
:10046000F0EC0241F0EC0251F0EC0261F0EC0271B0
:10047000F0EC0281F0EC0291F0EC02A1F0EC02B1A0
:10048000F0EC02C1F0EC02D1F0EC02E1F0EC02F190
:10049000704700BFE0EC0201E0EC0211E0EC022149
:1004A000E0EC0231E0EC0241E0EC0251E0EC0261F0
:1004B000E0EC0271E0EC0281E0EC0291E0EC02A1E0
:1004C000E0EC02B1E0EC02C1E0EC02D1E0EC02E1D0
:1004D000E0EC02F1704700BFB0FC0181B0FC01917B
:1004E000B0FC01A1B0FC01B1704700BFA0FC0181CC
:1004F000A0FC0191A0FC01A1A0FC01B1704700BFCC
:10050000EC4600B52DE900502DE9FF1F4FF0000328
:100510002DE90C0001A914F041FADDF840E012B019
:10052000704700BFEC4600B52DE900502DE9FF1FD4
:100530004FF000032DE90C0001A914F06DFADDF86D
:1005400040E012B0704700BFEC4600B52DE9005006
:100550002DE9FF1F4FF000032DE90C0001A914F055
:100560007DFADDF840E012B0704700BFEC4600B500
:100570002DE900502DE9FF1F4FF000032DE90C007D
:1005800001AB14F041FADDF840E012B0704700BF53
:10059000EC4600B52DE900502DE9FF1F4FF0000398
:1005A0002DE90C0001AA14F0B5FADDF840E012B014
:1005B000704700BF704700BF002103200BF07CBFD5
:1005C000012103200BF078BF9FED010A0CF0D8B990
:1005D0000000C84200200CF06DBD08B5FFF7ECFF2D
:1005E000BDE8084096200CF02FBA022100200BF045
:1005F00063BF08B569200CF03DFABDE80840FFF77D
:10060000DFBF000011481249026800608A4218D01A
:10061000002103E00F4B5B58435004310E480F4B51
:1006200042189A42F6D30E4A02E0002342F8043BF5
:100630000C4B9A42F9D301F081F900F0CBF97047E5
:10064000FEE70948D0F800D040680047FC9F002032
:10065000EFBEADDEEC6F010800000020D0040020EA
:10066000D0040020402A002000D8FF1FFEE7000031
:10067000F0B5C24EC24FC34C87B002F061FA01F030
:10068000C1FA01F00FFD01F06FFD337843F0010373
:100690003370BD4B4FF47002C3F8882001F082F92B
:1006A000386005F047FF01F02BFB0FF09BFE0CF0CC
:1006B00095FD402001F02EFB0146B44807F096F866
:1006C000607904F1100105F035FD1422002101A824
:1006D00013F070FD4FF4802001F01CFB10B9AC4BFF
:1006E00001221A703378AB48AB4D43F004033370EA
:1006F0000FF04AFDA9480FF047FD00200FF0FCFA6B
:10070000A7480AF039FA00232B8094F8EF2094F8D8
:10071000F730B4F8F010A3480AF0B6FC18B92B88EB
:1007200043F002032B8094F8F8000AF017FD18B983
:100730002B8843F020032B8011F09CFA18B12B88F2
:1007400043F480732B8010F070F818B92B8843F0B5
:1007500080032B803B68012B02BF2B8843F04003B2
:100760002B80288808B105F03BFF33788E4D43F08D
:10077000020333704FF400532B854FF48043AB6179
:100780000F27AB8A9BB283F40053AB82AB8A9BB238
:1007900083F48043AB82AB8A9BB283F40043AB8289
:1007A000192005F012FF013F192005F00EFF17F088
:1007B000FF07E6D14FF48043AB614FF40053AB61C8
:1007C0004FF40043AB61082001F05EFD08B10AF070
:1007D00085FA04F099FA6D4807F026FFB4F8DE10A8
:1007E000724802F0F1FE724B704819687D3108F0D2
:1007F000EBFD0FF0BFFE08F04FFD05F07BFE6D4BEB
:1008000018606379052B03D14FF47A7009F00EFD5F
:1008100002F0A6FC4FF47A700AF06CFBC82011F0CD
:1008200025F911F02FF911F011FA10F055FF624A75
:10083000137843F008031370604A137840F60200FF
:1008400023F00203137001F065FA10B15C4809F05F
:1008500073FE01F055FA4E4B01221A70337863F0A3
:100860007F0333700BF09CF90CF048FBFFF7ACFEF4
:1008700010F0F6FD4FF4967005F0A7FE10F0F2FEB2
:100880006279182A9DBF4F4BD34003F00103002328
:1008900002208DF80E3006F067FF8DF80900022067
:1008A00001F038FA8DF80A00402001F033FA8DF893
:1008B0000C004FF4005001F02DFA8DF804004FF4B5
:1008C000004001F027FA8DF807004FF4006001F0B6
:1008D00021FA20B194F82B01C31E584258418DF8DB
:1008E00008004FF4803001F015FA8DF80D0001205A
:1008F00001F010FA8DF80500082001F00BFA8DF8D0
:1009000006004FF4802001F005FAB4F8E0308DF8CD
:100910000B00ADF810304FF48050B4F8D430ADF87F
:10092000123001F0F7F918B1B4F8DC30ADF812303C
:10093000BDF8103094F87C01B3F5FA7F84BF002332
:10094000ADF8123010F048F901A80FF001FF05F0E2
:100950000DFC1D4B1B780BB105F074FF0BF09EFFD7
:100960000CF0DEF8194B93F9000088BB06210BF060
:10097000EFFF02210A200BF0ABFF29E04424002006
:10098000D80400203405002000ED00E0C40600205B
:100990005124002000300140902000200038004009
:1009A0001C060020180600200008004864060020ED
:1009B000300500201005002055240020562400207A
:1009C0005C06002000410001202600209400002049
:1009D00007B0F0BD08B5FFF74BFE00F0C1FEFCE725
:1009E000074B01881B68B3F85C200A44A3F85C201D
:1009F0004188B3F85E200A44A3F85E2001F000BCF1
:100A00003005002008B5174BB3F9082142B1B3F9FE
:100A10000A212AB1B3F90C3113B1134B1B78BBB9BE
:100A2000012001F043FC09F007FCA8B10AF068FAC4
:100A300090B1002001F044FC002001F04BFC78B99B
:100A40000A4B1B6801205BB9BDE8084001F042BCBD
:100A5000012001F035FCE6E7002001F027FCEBE780
:100A600008BD00BF3405002086000020B00D002026
:100A70002DE9F04FB54AB64B1768B3F906307A89BD
:100A80002DED028B934289B0C0F25B81B3F5FA6F12
:100A9000FC79BDBF9B1A13FB04F3C2F5FA62C4F1E3
:100AA0006404BCBF93FBF2F3C3F16404A94BAA4DE9
:100AB000B3F83E81A94BD3F800E0A54B0693A84BB1
:100AC0000593A84B0493A84B03933B1DF4460020C9
:100AD00064220793069B33F9029B0693A9EB080354
:100AE00003F2F31140F2E636B14200F22C81002B02
:100AF000B8BF5B42022800F059819EF8151119B168
:100B00009942B4BF5B1A00239849B3FBF2FB0E462F
:100B100031F91BA00BF1010136F911104FF69C764B
:100B20001BFB0636A1EB0A01714391FBF2F1514424
:100B300029800799095C11FB03F38D4993FBF1F3BD
:100B400064339BB2634393FBF2F31CF8011F059ED1
:100B5000594391FBF2F106F8011B9CF80B10059626
:100B6000049E594391FBF2F106F8011B9CF8161004
:100B700004965943039B91FBF2F103F8011B039385
:100B80007C4B022814BF1C549A70C145B8BF2B88F7
:100B900000F10100BCBF5B422B80032805F1020578
:100BA00098D102F0DDFC6A4D30B1B5F9062040F273
:100BB000DC539A42C8BFEB806F4B1B7813B16F4B6D
:100BC0001B88EB80634CB5F90600B4F84011624E07
:100BD0004FF4FA6201F007FDB4F840314FF47A7235
:100BE000C01A64245043C3F5FA63B0FBF3F0644BBE
:100BF00090FBF4F2571C33F9121033F917306FF0F1
:100C000063075B1A07FB0200434393FBF4F30B44B7
:100C1000F3805C4B5C4C1B78002B00F0F180237858
:100C20005B0740F1ED800AF045FF30800AF048FF95
:100C30007080564B1B885F062FD5554B1888554B37
:100C40001B88C01A00B201F033FDF0EE408A01F0BB
:100C5000B3FCB0EE408AB0EE680A01F04BFCB6F986
:100C6000023006EE903AB6F9003007EE103AF8EE90
:100C7000E66AB8EEC77A67EE007A20EE660AE6EE1C
:100C8000887AA7EE080AFDEEE77ABDEEC00A10EEFC
:100C9000103A338017EE903A7380022001F03AF850
:100CA0003D4E50B13D4A3168136845F20720CB1ADA
:100CB000834202DD116009F06FFC4FF4006001F027
:100CC00029F868B1364A3068136845F20721C31A1B
:100CD0008B4205DD21781060C1F3800109F0D4FC5E
:100CE0003068A0F5A443083B45F2072293420BDD90
:100CF000B5F90620237829490092294A0968126823
:100D0000C3F3800309F092FD05F044FD23785D07ED
:100D10004FF008007BD501F0C9FA072001F0D0FAA6
:100D2000062001F0CDFA06F08FFD1E4B9B680BB13B
:100D30001D48984709B0BDEC028BBDE8F04F0BF0A1
:100D400087BF6424B2E64FF4FA73D3E62805002087
:100D5000C42100203405002024210020300500207B
:100D6000612400205E2400205B240020522100200A
:100D70000CFEFFFF58240020F625002096000020DE
:100D80002C2100201826002056240020AE20002010
:100D9000D82000200000002014050020F8040020C6
:100DA000F404002030120020A82000209EF8161124
:100DB00019B19942B4BF5B1A0023B3FBF2F63D4967
:100DC00006F1010B31F916A031F91B104FF69C7B8F
:100DD00016FB0B36A1EB0A017143374E91FBF2F182
:100DE00096F9EE605144764211FB06F1334EB18024
:100DF000B97911FB03F3324993FBF1F36433A4E6B1
:100E00000AF064FE4FF0FF300BF038FB11E701F001
:100E100057FA2C4B1B68D80710D42B4A237812782A
:100E2000110702D5294A1278CAB923F00103072015
:100E3000237001F045FA062001F038FA022001F093
:100E400049FA234D00B32A789AB11F4B1B781A0731
:100E50001DD5022001F034FA00232B7017E043F077
:100E600001030720237001F021FA062001F028FA7F
:100E7000E4E718484FF496710BF018FE20B10123F7
:100E800014482B700BF034FE2B78002BDDD1FFF7CC
:100E9000B9FD30B108F0ECF8237823F0010323709A
:100EA00041E72378DB0702D508F0E1F83BE708F0DB
:100EB000DFF838E7442100203405002024210020F9
:100EC0000CFEFFFF3C0F0020552400204F24002083
:100ED0004E240020880B002010B5234A13785907B0
:100EE00005D523F005030420137005F031FC1F4BDA
:100EF0001B7813B11E4B00221A701E4B1E4A002491
:100F00001C701E4B1C70012313701D4A14701D4A67
:100F100014701D4A13701D4B1C701D4B1C701D4B13
:100F200040F2B6321A601C4B78221A801B4B40F2FA
:100F300014521A801A4B1C601A4B1C601A4B042066
:100F40001C6001F0BDF9052001F0BAF9174B1C70C7
:100F5000174B1C70174B1C70174B1C70174B1C70D9
:100F6000BDE810400AF0A4BD56240020F72500205B
:100F7000A20000204C240020A1000020F625002023
:100F8000F5250020F4250020A0000020F3250020F6
:100F9000F22500209C0000209800002096000020F0
:100FA0004C12002000050020FC040020E825002051
:100FB000E7250020502400209A24002099240020B6
:100FC00008B525490B7813F0010F03F0040203D193
:100FD00022480068012838DC21480078002834D0F5
:100FE0001AB1BDE8084010F033BE1E4A1268500125
:100FF00031D49A072AD443F004030B701A4B1A78A1
:101000002AB901221A7005F08FFA184B1860184B94
:101010001B78C3B1174B184AB3F90030138005F0A1
:1010200083FA164B186005F07FFA154B93F8882168
:101030004FF47A7302FB0300124B1860BDE80840BE
:10104000052005F085BB104BE5E722B9BDE8084057
:10105000012005F083BB08BD56240020B40D0020FC
:101060004F2400203C0F00204C240020FC040020D2
:101070000C2600200824002000000020000500208D
:10108000340500200C050020D8200020094B1A78D8
:101090002AB100221A70084B01221A707047074AC1
:1010A000137883F00103137013B10C2005F050BBCB
:1010B0000D20FBE74A240020492400204B24002077
:1010C000194A1A4B11781B6810B591B11849097863
:1010D00049070ED51749B1F906001749B1F8401173
:1010E000884206DD13F0010101BF1448117032245B
:1010F0000480DB030BD5124B1A782AB9114A1278F7
:1011000012B90E4A3221118001221A7010BD0D4A07
:101110001378002BFAD0064B1B7813F00403F5D19B
:101120001370094BF0E700BF4B2400203C0F002058
:1011300056240020C421002034050020A4200020D3
:10114000482400204A240020492400202B4BB3F9D6
:10115000043040F2DC529342D4BFD31AA3F2DC53E2
:10116000B3F5967F10B5264A41DA264B1B8803F06B
:101170004403002B3BD013786BB1234BB3F90430FD
:10118000032B2EDD9B10452B2ADC002313701F4BF5
:101190001A881F4B1A801D4B18881D4B1B88C01ABC
:1011A00083B200B210F1B30F02DA03F5B47318B2D0
:1011B000B328C4BFA0F5B47000B21E226FF01D01A9
:1011C00001F011FA134B144C1B6814495B7A13FBA2
:1011D00000F000B24FF4C872A08001F004FAA080C1
:1011E00010BD002BB8BF03339B105B42CBE701233C
:1011F0001370064B1A88064B1A80F1E7C4210020B1
:1012000047240020AE200020BE230020D82000204C
:10121000AA200020300500202421002070FEFFFFBE
:1012200070B51A4C23685A1C012B226010D0022B77
:1012300018D03BB9082001F027F818B11449881FCD
:1012400009F058FD2368042BC4BF0023236070BD40
:10125000042001F019F80028F4D00E4B186810F0A3
:101260003BFCEFE7FFF7CEFB0B4D68B9094E30684A
:1012700002F04AF8094B93F9003013B930680AF0CC
:101280007BFD01232B70DDE70023FBE7F00400204A
:101290003C060020140500204F240020940000206C
:1012A0002DE9F843974C984D206808F0E9F94FF480
:1012B000805000F02FFD20B12B68DA0701D4FFF732
:1012C0000BFE206808F046FB4FF4807000F022FD12
:1012D00050B122688D4B9A4204D902F085F908B9C1
:1012E00002F08EF902F0CAF9894CB4F8DE1004F568
:1012F000987005F007FD064618B903F095FC03F059
:10130000A1FCDFF8409299F800305B0725D510204A
:1013100000F000FD08B37F4B1B78DF061DD405F0FD
:10132000EBFC7D4F002800F0858094F88831002E7A
:101330006ED14BB1794BD3F8008005F0F5F8A8EBEE
:101340000008B8F1000F05DB102005F001FA0123B9
:101350003B7002E0FFF7C0FD3E7094F8873194F8CF
:1013600086216F48003B18BF0123003A18BF0122B5
:10137000314605F0EDFC042000F0CCFC08B1FFF78D
:101380009FFE684E30687D3005F050FE664B1B783E
:1013900043B93068CD3006F0B5F8644B6049186841
:1013A00006F034F82B689E0747D5022000F06CFF4A
:1013B00000284DD1012000F057FF01232A68510772
:1013C00052D5002B50D0012000F04EFF584B1B8807
:1013D0009A0704D403F028FC022000F037FF99F8A4
:1013E00000305B0708D4524B1B8803F044031BB149
:1013F000504B1A88504B1A80022000F045FF0028FD
:1014000036D02B68DF0649D4042000F02DFF50E0D1
:101410004BB105F089F894F888214FF47A7302FBF8
:1014200003003E4B18603B78002B96D005F07AF90C
:1014300000238DE7002EF6D186E74FF4807000F090
:1014400069FC0028B6D002F0D5F80028ADD1B1E78C
:10145000374B1B88D80701D50023AFE703F0E4FB27
:10146000012000F0F3FEF7E7022000F0FDFEB6E7F2
:10147000082000F009FF0028C3D12B681B054FF49A
:1014800080703AD500F0E2FE6379082B01D00E2B74
:1014900036D1BDE8F843402000F0E6BE244B1B885F
:1014A0005E0706D4042000F0D1FE224B1A88224B9E
:1014B0001A802B68980613D51D4B1B88590602D439
:1014C000402000F0C3FE2B685A0641BF194A11881C
:1014D0001A4A118013F00803194A05D11370CCE79A
:1014E000402000F0C1FEEEE71378002BC5D1114B70
:1014F0001988124B19800123F0E700F0B5FEC3E70D
:10150000BDE8F883140500203C0F0020404B4C0040
:101510003405002055240020462400200C0500201E
:1015200064060020300500209D24002028050020AE
:10153000AE200020D8200020AA200020000000209B
:1015400050240020562400202DE9F7430DF1060019
:1015500008F00CFA2B4B2C481B882C4C00EE103A50
:101560000121B8EE400A04F06DFFBCEEC00ADFF8BE
:10157000ACC0BDF806009CF8002010EE103A9BB2FB
:10158000B0FBF3F0411CB4F9003009B2A2B3DFF8AC
:1015900088801F4F1F4E002538F902EBB6F90090E6
:1015A000B7F9002026F802EBAEEB090901355A43E2
:1015B000042D92FBF1F24A4427F8022BECD10023D0
:1015C0008CF8003003B2002B19DD124F104E124D73
:1015D0002380002037F9024B36F9022B013013FB30
:1015E00002F2042892FBF1F2A4EB020225F8022B8E
:1015F000F0D103B0BDE8F083013B1BB2E3E7002369
:101600002380F6E7A6200020EC0400209220002092
:10161000942000209C200020242100204D24002024
:1016200038B53D4B3D4D1B783D4A35F91330128896
:1016300093422FDB3B4A128893422BDC07F05EFF7C
:1016400020B30123384C394A2370137005F03CFB5A
:101650002478002C48D004F04DFF354B354A1860F3
:101660001368C31A002B17DB334B344C1B6803443D
:101670001360237833B1FEF7B0FF00232370304BA3
:1016800001221A70BDE83840FEF7AFBF07F03CFFFB
:101690000028D6D10023D5E72A4A2B492B4800231E
:1016A0001478ECB1032B06D051F8234020F81340F6
:1016B00001330132F4E7CB68EB80254B1B781BB17B
:1016C000244B1A88244B1A80244D002415F8013B22
:1016D00013B1E0B20BF072F90134062CF6D138BD2B
:1016E0000133042BE5D1E8E7154D2B78002BF6D01C
:1016F000144B154A1C705C709C70DC70144B1460A9
:1017000054609460D4601C70FEF773FF0B4B2C7018
:1017100001221A70E3E700BF23260020C421002025
:10172000102400200E2400202126002081240020E7
:101730000805002004050020B8000020B6000020A5
:101740001B2600201C260020581A002024210020DF
:101750001A2600200A240020AA2000201226002099
:101760002DE9F341614E05F07BF8306807F0FAFE91
:1017700000F0BAFD306807F075FF002800F0A68081
:10178000FFF78EFD5A4B01221A705A4B1B782BB172
:10179000042000F079FD08B101F06AFB564D04F019
:1017A000A9FEAB895549306023B10A68821A002A24
:1017B000C0F29980524C034420680B605C3004F006
:1017C0004DFB04F097FE4F4A4F4913683060C31A2F
:1017D0000B804E4B1060187810F0040003D04C4B77
:1017E0001B6813B1012009F063FF236893F856309A
:1017F000D3B1DFF84481474F0026B8F9003000EE3E
:10180000103A2368384693F85610B8EEC00A04F030
:1018100019FEBDEEC00A013610EE103A032E28F86C
:10182000023B07F10407E8D1FFF722F995F83D31B3
:101830000BB1FFF789FEFFF7F3FE2E4B01220820C4
:101840001A7000F021FD08B1FFF780FC042000F0C1
:101850001BFD00283DD0304B1B8803F40273002B86
:101860003DD105F049FA48B12C4BB3F90620B5F843
:1018700040319A42DEBF2A4B00229A80236893F8B7
:101880001C0148B1244B1B889B0705D004F0E6FBE4
:10189000234BDA881044D880224B206822490093D9
:1018A000224BB5F8FA201C68096800F15C03A047D8
:1018B00004F0C6FC1E4B1B780BB104F071FC01F068
:1018C000A1FF02B0BDE8F0410AF0A6BDFFF7A8FCF9
:1018D00064E7102000F0D8FC0028BCD1C1E715480F
:1018E00001F0F4F9BDE702B0BDE8F0811405002075
:1018F0004D2400204524002034050020E804002069
:101900003005002010050020A620002056240020CD
:101910004C120020DC040020AE200020C421002056
:101920002421002064060020280500202C0000202F
:1019300051240020C2060020BE2300201549D1F802
:10194000883043F47003C1F88830134B1A6842F0B2
:1019500001021A605868114A02405A601A6822F05F
:10196000847222F480321A601A6822F480221A608B
:101970005A6822F4FE025A60DA6A22F00F02DA6232
:10198000186B074A02401A6300229A604FF0006306
:101990008B60704700ED00E0001002400CC07FF843
:1019A000CCFC00FF84B0002301930293039303F166
:1019B000804303F504331A6842F480321A601A68CF
:1019C00002F400320292019A01320192029A1AB98B
:1019D000019AB2F5A04FF2D11A6812F4003218BF82
:1019E00001220292029A012A2BD102220392164A64
:1019F000122111605A685A605A685A605A6842F453
:101A000080625A605A6822F47C125A605A6842F422
:101A1000E8125A601A6842F080721A601A689201DD
:101A2000FCD55A6822F003025A605A6842F002025A
:101A30005A605A6802F00C02082AFAD1039804B0DE
:101A4000704701230393F9E70020024010B50F4BC4
:101A50001A786A2A18D1598840F24C52914213D10F
:101A60001A79BE2A10D193F84A25EF2A0CD1084CD6
:101A7000002213F8011BA342104682EA0102F8D1AA
:101A8000431A5842584110BD0020FCE700F00308FB
:101A90004CF50308002303800023436083604FF06C
:101AA000A063C360704741F62A6303804FF4487314
:101AB00043804FF41673C38070470000F8B52122AD
:101AC00004460021013012F075FB0B48234604F157
:101AD000200505210122002610F9017B9F709971D4
:101AE000DA715E7203F8081FAB42F5D10223A381BD
:101AF00052232370A280F8BDB05A0108014B187818
:101B0000704700BF5224002010B5064C206805F035
:101B100043FD206805F05CFD20680349BDE81040E6
:101B200005F06EBD280500200406002037B5324DB3
:101B3000324CFFF7E9FF05F027FD2A68214602F144
:101B40007D0005F00DFD04F1260009F0CDF92B68AC
:101B5000187803F087F804F1AE0001F01BFD04F1E2
:101B60002C0008F083FC04F1400008F085FC04F12F
:101B70006003009304F1BA0204F1BE03214604F1AC
:101B8000080004F0C5FA638C29681D4891ED190A14
:101B900007EE903AA38CF8EE677A01F16802C0ED87
:101BA000017A07EE903AB1F86030038091F87C300A
:101BB0008370F8EE677A94F8B9300373B1F81A318C
:101BC000C0ED027A03F072F82868234600F215127D
:101BD00000F16C0101F048F8286800F2151109F0D5
:101BE00061FF28680AF0F8F928686C3003B0BDE896
:101BF00030400FF035BF00BF300500200406002044
:101C00001805002070470000F8B507F083FC234B4F
:101C10006A221A7040F24C525A80BE221A71EF2288
:101C2000A3F84A2540F24D5100221846013929D126
:101C300080F84B2509F07EFC032440F24C573420F9
:101C400009F08EFC1648154E09F0B6FC04281DD18B
:101C5000002505F1006056F8041B00F57C3009F002
:101C6000C9FC042812D10435BD42F2D109F070FC40
:101C7000FFF7ECFE10B9042004F0B2FCBDE8F84018
:101C800007F060BC13F8014B6240CFE7013C14F051
:101C9000FF04D4D109F05CFCEDE700BF340500205F
:101CA00000F00308064B042828BF02201870054BDB
:101CB0000C2202FB0033044A1360FFF725BF00BF6C
:101CC000522400205A0A00202805002008B504F0FC
:101CD000B1FA322004F079FC074B1B685A0309D58E
:101CE000064B9B685B0305D4BDE8084040F2DC501E
:101CF00004F06BBC08BD00BF2C050020340500209B
:101D0000024B9A68024B1A60704700BF34050020EE
:101D10002C050020034B1B681840003818BF012019
:101D2000704700BF2C050020024A9368034393606C
:101D3000704700BF340500202DE9F84F40F24C52A7
:101D40002DED028B0021BA48BA4FDFF85483BA4C0C
:101D500012F030FAB64A02F5E2733B60B74B002648
:101D60001E7002F22653C8F800306A2313704FF435
:101D70000060032311465371FFF7D6FF8020FFF761
:101D8000D3FF0220FFF7D0FF4FF40060FFF7CCFF36
:101D90004FF48070FFF7C8FF4FF07E53C1F8103149
:101DA000C1F81431C1F81831C823A1F8FA30A44B96
:101DB00081F824654FF48030C1E93B034FF0000BFC
:101DC000A04BC1F8F43001F59470C1F81CB1C1F812
:101DD00020B1C1F824B1A1F8E46081F8E660C1F84F
:101DE000FC60A1F80061C1F8E86081F8F860FFF7D5
:101DF0005AFE01F5DA70FFF74DFE40F2DC53A1F810
:101E00003E31914BA1F83861C1E950438A460C46F6
:101E10000D464FF01909032ECCBF012300238AF889
:101E200048310CBFB5F84401B5F83E0140F6CA028E
:101E300040F2EE2100F0D7FB0136A0F2EE20122E88
:101E400090FBF9F0C0B28AF849010AF1020AE2D126
:101E50004FF4F0534FF480797C48A5F83A31A5F857
:101E60003C9107F059FA7A4BC5F88831794BC5F89F
:101E7000D030A3F1FA73643BC5F8D43003F5602386
:101E800003F5CB73744AC5F8D830744B7448A5F881
:101E9000869100264FF0C8094FF0010AC5E93723A3
:101EA00085F87C61A5F88C9185F88EA1FFF706FE78
:101EB00040F6AC53AB816B4A3B68AE731A6002F1DB
:101EC0000342A2F51D22A2F29D725A606649674A3A
:101ED000C3F844B0C3E90212654A1A612D225A754B
:101EE00041F61E62DA82634A9A6145F205329A83AC
:101EF00064229A7740F201521A845F4ADA631A64C4
:101F00005E4ADA624FF07E529A635D4ADA644B228F
:101F100083F850205B4919634FF07F504FF4FA72F9
:101F2000B1EE048A5963A3F852205862986283ED97
:101F3000128A5E6540F2DC53A5F8303544F25A133C
:101F4000A5F826353223C5F82835A5F82C6585F87F
:101F50002E6538685C3008F077F93B684A49A3F889
:101F60005A6040F60822A3F8602042F62802A3F83F
:101F70006820152283F86C20444A1A67444A5A673D
:101F8000444A83ED198A9A6783F87CA0424807F097
:101F900091FC3F68282387F817314FF44873A7F85E
:101FA0001A314CF60A0387F8156187F8166187F82D
:101FB000186187F81C61A5F87E3140F21453A5F82A
:101FC000803185F88261A5F884910C23013B44F8A7
:101FD00010BFFBD1314C39464FF490722046FEF7CA
:101FE000EFF84FF49072A0183946FEF7E9F8D8F8E8
:101FF00000301A68C4F84E225A68C4F852229A680F
:10200000C4F856221A68C4F85A225A68C4F85E22E4
:102010009A68C4F86222012385F83C33022385F8CC
:102020005C34BDEC028BBDE8F84FFFF7EDBD00BF9F
:1020300034050020300500204C046C075224002099
:102040002A005802FA00200075034308A006002069
:10205000059601014C04D007B4053200204E320031
:10206000C4060020012828962828783C0A0A460041
:102070000002210A1E321E008FC2F53C00002040E3
:1020800000004040CDCCCC3E640600209A99193F18
:10209000F6287C3F1F856B3F255601081808002055
:1020A0002805002008B5FFF7D1FC18B9BDE80840A5
:1020B000FFF742BE08BD0000024A936823EA00030E
:1020C000936070473405002008B5FEF783FA234972
:1020D0008B6846F209021A4203D14FF40050FFF711
:1020E00023FE8B68DB0703D54FF40050FFF7E4FFB6
:1020F0008B68580409D50820FFF7DEFF4FF4005025
:10210000FFF7DAFF0120FFF7D7FF8B681A0706D524
:102110004FF40050FFF7D0FF0120FFF7CDFF8B6891
:102120009B0402D54020FFF7C7FF012381F8B5319A
:1021300091F886312BB191F88A3113B1002381F8DF
:102140008A31074807F0E2F8064805F0C5FA20B9D9
:10215000BDE808400348FFF7B1BC08BD34050020C6
:1021600064060020C406002010B5FFF76FFC10B90C
:10217000032004F035FA194C07F0CCF9184940F265
:102180004C522046FEF71CF894F824351549022BD2
:1021900088BF00234FF4907288BF84F824355343DE
:1021A00003F5E272234422440A6093F81C22022AB7
:1021B00084BF002283F81C220B4B1A700C2303FBF4
:1021C00002440A4B04F226541C60FFF77DFFFFF720
:1021D000ADFCBDE8104007F0B5B900BF34050020E4
:1021E00000F00308300500205224002028050020BC
:1021F00008B5FFF7B9FFBDE80840012004F0AEBA0A
:1022000008B5FFF701FDBDE80840FFF7F1BF00008A
:1022100010B5074B044683F82405FFF7F5FCFFF7DC
:10222000A3FF601CC0B2BDE8104004F097BA00BF25
:1022300034050020014B00229A60704734050020CD
:10224000014B9868704700BF3405002010B5054C5D
:10225000238818439842208002D0012004F07EFA9F
:10226000208810BDAE20002010B5064C238823EA3C
:1022700000009842208002D0012004F06FFA2088EC
:1022800010BD00BFAE200020034B1B681840003873
:1022900018BF0120704700BF800A0020024A13685F
:1022A00003431360704700BF800A0020034A0123E4
:1022B000118883400B431380704700BFAC2000207F
:1022C000034A01238340108820EA030010807047EE
:1022D000AC200020034B1B8843FA00F000F0010003
:1022E000704700BFAC2000202DE9F041714F724CC7
:1022F00004F01AF93B682268C31A934206462CDBA5
:102300006E4B1B784BB36E4D2B7801332B706D4B9E
:10231000188800F076FA08281CD8DFE800F02E05AF
:10232000BFAB9FB7824B9200DFF8A08198F80050B6
:10233000642323609DB1002101200EF097F8012154
:1023400002200EF093F8012100200EF08FF80023F8
:1023500088F80030236833443B60BDE8F0812946AB
:1023600001200EF083F8294602200EF07FF829465E
:1023700028460EF07BF80123EAE7DFF8508198F851
:1023800000506423236055B1012108460EF06EF819
:10239000002108460EF06AF801210220D5E72946FF
:1023A00001200EF063F8294628460EF05FF8294612
:1023B0000220DEE7444B1B7873B164230021012027
:1023C00023600EF053F8002102200EF04FF8012197
:1023D00000200EF04BF8BDE7782323602B7803F044
:1023E0000303022B14D0032B19D0012B0AD0012197
:1023F00000200EF03BF8002101200EF037F80021FC
:102400000220E6E7012100200EF030F80121F3E779
:10241000012100200EF02AF80121012032E00021E4
:10242000E6E7294B1B78002BD6D00221642308460F
:1024300023600EF01BF8002101200EF017F8002198
:10244000C6E7214B1B78002B84D00121084664236A
:1024500023600EF00BF800210846CEE7642300212C
:10246000012023600EF002F8002108460DF0FEFF67
:102470000221C5E764230021012023600DF0F6FF4F
:10248000002108460DF0F2FF0121B9E76423002185
:10249000022023600DF0EAFF0221CDE764232360D0
:1024A0002B78DB07A3D5002108460DF0DFFF0021C4
:1024B000B3E700BF0C00002010000020A80000209F
:1024C00053240020AC2000205424002008000020C9
:1024D00008B5002102200DF0C9FF022100200DF0F7
:1024E000C5FF022101200DF0C1FF642004F06DF84A
:1024F000EFE70000FDEEC07A17EE903A2033402B54
:1025000043D8DFED237A9FED237AB4EEE70AF1EEAC
:1025100010FA28DCDFED207A9FED1E7AB4EEE70A90
:10252000F1EE10FA22D4DFED1D7AB4EEE70AF1EEF7
:1025300010FA1EDD30EE670A37EEC00A60EE007A50
:10254000DFED176A9FED177AA7EEA67ADFED166A20
:10255000E7EE876A9FED157AA7EEA67A20EE276A46
:10256000A6EE070A704730EE470ACEE730EE070ABC
:10257000D4E79FED0F7AB4EEC70AF1EE10FA44BF2C
:1025800030EE270A37EE400AD8E79FED0A0A704777
:10259000DB0F4940DB0FC940DB0F49C0DB0FC93FF0
:1025A0009A7C2E36FAAF4FB93587083CA4AA2ABECA
:1025B000DB0FC9BF00000000DFED027A30EE270A12
:1025C000FFF798BFDB0FC93F80EAE073A3EBE0732E
:1025D0008B4206DB002801DD401A704702D0084418
:1025E00070470020704703468B42084603DB934246
:1025F000A8BF134618467047F0EE407AF4EEE07A32
:10260000F1EE10FAB0EE600A08D4F4EEC17AF1EE01
:1026100010FAD4BFB0EE670AB0EE410A704700234B
:102620000361704703690133012B036108D1DFEDBA
:10263000117A80ED010A80ED000AC0ED027A704740
:1026400090ED006A07EE903A70EE466AF8EEE77A8F
:1026500086EEA77AD0ED027A37EE067A30EE470A98
:1026600080ED017AE6EE807AB0EE470AC0ED037A9B
:10267000E1E700BF000000000369012BC1BF03F1C7
:10268000FF3307EE903A90ED037AF8EEE77ACCBF8D
:1026900087EE270A9FED010A704700BF0000000087
:1026A00008B5FFF7E9FFBDE8084010F003BA0000E5
:1026B00007EE900A9FED030AF8EEE77A27EE800A0C
:1026C000704700BF35FA8E3C30B5039D441AEB1AB3
:1026D0005C43521A94FBF2F4E41A601930BD90ED99
:1026E000005A08B5B0EE450AFFF766FFF0EE405A13
:1026F000B0EE450AFFF7FEFE90ED015AF0EE404ABB
:10270000B0EE450AFFF758FFF0EE403AB0EE450A4A
:10271000FFF7F0FE90ED023AB0EE405AB0EE430AF9
:10272000FFF74AFFB0EE404AB0EE430AFFF7E2FE81
:1027300025EE806A63EEC07A24EE847AC1ED017AD8
:10274000F0EE467AE5EE077A25EE843A64EE806A8A
:10275000C1ED037AF0EE437AE5EE667AA5EE067AED
:10276000E5EE436A23EE844A64EEE34A65EEA35A3B
:1027700081ED004A81ED025AC1ED047AC1ED054AAE
:10278000C1ED066A81ED077AC1ED085A08BD00B5B2
:102790008BB00246084601A9D2ED001AD2ED012AFB
:1027A00092ED022AFFF79BFFDDED047A9DED017AA1
:1027B00062EEA77AE7EE217A9DED077AE7EE027ADC
:1027C0009DED027AC2ED007ADDED057A62EEA77A20
:1027D000E7EE217A9DED087AE7EE027AC2ED017A02
:1027E000DDED067A62EEA72ADDED037AE7EEA12A97
:1027F000DDED097AE7EE822AC2ED022A0BB05DF820
:1028000004FB00230122104207D101335200092B9F
:1028100092B2F8D14FF6FF70704798B2704700003F
:10282000B4EE400AF1EE10FA0FD6B7EE007AB4EE2D
:10283000C70AF1EE10FA0BDABFEE007AB4EEC70A5F
:10284000F1EE10FA07D910F0D7B89FED040A7047DF
:102850009FED030A70479FED030A704700000000D8
:10286000DB0FC93FDB0FC9BFDFED027A20EE270A7D
:10287000704700BF35FA8E3C00230281016043603F
:102880004381838101EB4202914200D1704721F8DC
:10289000023BF9E78389026830B5058944899D4286
:1028A00001BF32F8145043685B1B43601CBF013307
:1028B000838122F8141043680289194443894160D6
:1028C00001339BB29A4298BF00234381808910B1A3
:1028D000B1FBF0F080B230BD2DE9F843089F002B2A
:1028E00005460E460CBF4FF020094FF030093B461D
:1028F00013F8011B1446013A09B1002CF8DCA0467C
:1029000004E049462846B04708F1FF38B8F1000F07
:10291000F7DC24EAE4743846804618F8011B19B93C
:10292000E41B2044BDE8F8832846B0474046F3E75F
:1029300003685A1C0260197070470000014B186848
:1029400003F0ACBD8C0A00202DE9F04788B00025CB
:1029500006460F4603921C46A846039B5A1C039248
:10296000197869B3252903D03046B8470135F4E713
:102970009A1C0392CDF810805878302802BFDA1CD8
:1029800003929878A0F13003DBB20CBF4FF001093D
:102990004FF00009092B04D804AB0A2203A900F068
:1029A00028F96C2840F08580039B5A1C03921A7802
:1029B000642A4CD00FD8252A75D005D8002ACCD14E
:1029C000284608B0BDE8F087582A4FD0632AC4D102
:1029D00014F8041BC8E7A2F16E03D9B20A29BCD8C7
:1029E0000A2BBAD801A151F823F000BFAB2A000886
:1029F0005B2900085B2900085B2900085B290008A7
:102A00009D2A00085B290008192A00085B29000894
:102A10005B2900086D2A000801220DF1140A54F800
:102A2000040B53467AB100220A2100F097F8CDF842
:102A300000A04B46049A39463046FFF74DFF054447
:102A40008BE70022E9E70A2100F0B9F8EFE701235C
:102A50000DF1140A54F8040B514623B100F0A4F808
:102A6000E5E70023F4E700F0ACF8E0E7A2F1580056
:102A70004242424105AB54F8040B102100F06EF8BD
:102A800005AB0093D5E7A0F158014A424A4154F8FA
:102A9000040B05AB102100F092F8F1E754F8043B69
:102AA00000930023C6E725215EE754F8043B1D6030
:102AB00053E76428D5D00AD82528F4D003D80028B5
:102AC0003FF47EAF49E75828DDD063287FE7A0F1C7
:102AD0006E03DAB20A2A3FF640AF0A2B3FF63DAF4B
:102AE00001A252F823F000BFAB2A00085B290008BE
:102AF0005B2900085B2900085B2900089D2A000863
:102B00005B290008432A00085B2900085B290008AC
:102B1000872A00080EB40FB505AB019053F8042BBB
:102B20000649039301A8FFF70FFF019B00221A70CB
:102B300004B05DF804EB03B0704700BF3129000812
:102B4000034B044A1A60044B00221A60704700BF0E
:102B5000880A00203D290008840A0020F0B50124DD
:102B6000B0FBF4F58D4203D200261CB91C70F0BDF9
:102B70004C43F5E7B0FBF4F5B4FBF1F704FB1500AB
:102B80002EB9002D03DC8C420CD33C46EDE7092D19
:102B900008DD002A0CBF572437242C4403F8014BCE
:102BA0000136F2E73024F8E700280B46BEBF2D229D
:102BB00003F8012B404200220A21FFF7CFBFFFF7A5
:102BC000CDBFFFF7F1BF03463038C2B2092A0FD993
:102BD000A3F16102052A02D8A3F157007047A3F1BF
:102BE0004102052A02D8A3F1370070474FF0FF30A9
:102BF00070472DE9F0410E681546984604460027B7
:102C00002046FFF7E0FF431C05D10E602046C8F8C0
:102C10000070BDE8F081A842F7DC16F8014B05FB17
:102C20000707EDE790ED037AD0ED007A37EE277ACB
:102C3000D0ED017A77EE277AC7EE276AD0ED027AD7
:102C4000C0ED046A30EE676AE6EE867AB0EE670A97
:102C5000C0ED027AF7EE007A77EEE67A67EE877AD1
:102C6000C0ED037A7047000010B50F4C20600F488C
:102C700001600F4802600F4A0F4811600F4A13604D
:102C80000F4B104A1A604FF07C525A604FF07E5141
:102C900000229A60D9601A610B4B186059609A60E3
:102CA000D9601A6110BD00BF3C0B0020400B002012
:102CB000380B0020300B0020CDCCCC3D340B002055
:102CC000740B00200AD7233C600B00202DE9F84F3D
:102CD000544B554C1B78554D13F0100C09D090F9FE
:102CE00000206388B5F9001001FB02336380BDE862
:102CF000F88F4F4BDFF868911A684E4E9178D27872
:102D0000B9F90630DFF85CA1DFF85C81002A4CD00D
:102D1000B6F90000484F1B1A83EAE372A2EBE37294
:102D20008A4230DD01228AF800206FF03101502202
:102D3000062093FBF0F0FFF756FC3B88184400B2E6
:102D4000E08038803D4B1A78002A68D0B9F9061027
:102D500040F2DC52914262DC4FF47A73E380384BEC
:102D6000D8F800201A60374B2A681A60364BB6F93B
:102D700000201A60354B9AF800201A60344BB4F9E1
:102D800006201A60B3E79AF800302BB1314B8AF86D
:102D900000C01B68C8F800302F4B19682B684A88A0
:102DA00009881844FFF71FFCC9E740F2DC52934240
:102DB000CCBFA3F2DC52D21A8A42DFF8B0B0274F60
:102DC00020DDA3F2DC500028BCBF6FF4BB62981872
:102DD000801078226FF06301CBF80000FFF703FC4E
:102DE0000123CBF800003B708AF800301A4BB6F98B
:102DF000000019682B684A8809881844FFF7F3FB1C
:102E0000E0809FE79AF8002000233B70CBF8003069
:102E1000002AEBD00F4A1268C8F80020E4E700222D
:102E20001A709CE75524002024210020580B002014
:102E3000380B0020B2200020B02000209924002070
:102E4000C00A0020BC0A0020B80A0020B40A0020F2
:102E5000B00A0020940A0020340B00202A00002031
:102E6000C421002057240020540B00204C0B0020CC
:102E700038B5124B1B681B0704D4BDE83840082046
:102E8000FFF7F2B90E4B0F4D1C8814F008040DD15A
:102E90000820FFF7DBF90C4B1A680C4B1A6040F264
:102EA000DC532B800A4B1C600A4B1C600A4B2A889F
:102EB0001A800A4BDA880A4B1A8038BD3C0F002072
:102EC000AE200020B2200020940A0020540B0020E5
:102ED0005C0B0020580B0020B6200020242100208D
:102EE000B4200020B0F90030002BB8BF5B429BB289
:102EF000B3F5487F0BD2B0F902000028B8BF4042BA
:102F000080B2B0F5487F2CBF002001207047002020
:102F1000704700002DE9F04180462DED028B4D48B1
:102F2000FFF7E0FFB0EE408AF0EE608A044600282A
:102F300000F08780484F494D3B785B075FBF484BA7
:102F40001A68484B1A60484B1B78002B7ED1454BC2
:102F500046491868424B1B684FF4FA72C01AFFF7D3
:102F600042FB0521FFF730FB414B42491860424BC1
:102F700018602B681B79584348BF7F304FF4967216
:102F8000C011FFF730FB3D4B3A493D4EA0EB08081E
:102F9000C3F800802B68987A4346584348BF1F30D7
:102FA0004FF496724011FFF71EFB3B7830600446E9
:102FB00013F0040018BF2B68324F1CBF5B7D3868CC
:102FC000314918BF08FB03004FF416123860FFF7B1
:102FD0000AFB38600028BCBF00F5FF501F304313C8
:102FE00073602B6893F8203007EE903A38EE288A09
:102FF000F8EEE77ADFED258A67EE887A04EB603435
:1030000067EEA87A9622FDEEE77A6FF0950117EE4B
:10301000900AFFF7E8FA2B6893F8203007EE903A11
:10302000F8EEE77A241A67EE887A962267EEA87A95
:103030006FF09501FDEEE77A17EE900AFFF7D3FAED
:10304000B060BDEC028B2046BDE8F081104B1868E3
:1030500099E700BFE4200020562400203C0B00200C
:10306000940A0020540B00202A0000200CFEFFFFD1
:1030700024000020D4FEFFFFA80A0020A40A00209C
:10308000980A00205C0B00200080DAFF0000003B63
:103090004C0B002070B5174B174D18481C682B8837
:1030A000B0F90020164901331BB2A2421E460BDACA
:1030B0009C42DCBF00231E4601EB86012B8081ED84
:1030C000000A0132028070BD0E482B8002889C42AB
:1030D00002F1010212B204D100232B8081ED000A1B
:1030E000F0E701EB8301944281ED000AEAD100236D
:1030F0000380E8E71C00002018000020BA20002010
:10310000F40A0020BC2000200A4A0B49B2F9003022
:1031100001EB830191ED000A0849013309681BB2F4
:103120008B42138004BF00231380054A1388013BA0
:1031300013807047BC200020F40A00201C000020EF
:10314000BA200020044BB3F90000044B1B68C31ADB
:1031500058425841704700BFBA2000201C00002090
:10316000124B134AD3ED007A12491348F5EE407A18
:10317000F1EE10FA4FF0000303D113600B6003600F
:103180007047F0EE086A86EEA77A80ED007A27EEA7
:10319000A77A67EE877A86EE876AF7EE006A86EE90
:1031A000A77A81ED006A82ED007A70471400002052
:1031B000E00A0020E40A0020E80A002008B5BDEE7D
:1031C000C07A1D4B83ED007AB6EE007AF4EEC70AA2
:1031D000F1EE10FAF0EE407A2DDCFFF7B3FF18B3F2
:1031E000FFF792FF154B164993ED007A154B164ADF
:1031F00030EE070A77EEC07AC3ED007AB1F90030FD
:10320000002BB8BF5B429BB21E2B07D8B1F902302E
:10321000002BB8BF5B429BB21E2B09D90B4B13602E
:10322000BDE80840FFF79CBF094B93ED000AD9E7C2
:103230004FF08043F3E708BDAC0A0020D80A002015
:10324000DE200020CC0A0020140000200000A04056
:10325000DC0A002038B50E4D2DED028B0EF03EFC41
:103260002B68834204460FD0C31A08EE103ADFEDF4
:10327000097AB8EE488A28EE278A0EF07BFCF0EE39
:10328000480AFFF79BFF2C60BDEC028B38BD00BFE6
:10329000440B00206F12833A014B1868704700BF3F
:1032A000940A0020104B10B5012000241C6001F08E
:1032B00065FD0E4A002313700D4A40F2DC51118067
:1032C0000C4A0D4913600D4A13600D4B4FF07E52AE
:1032D0001A6059609C60DA601C610A4B1A60596080
:1032E0009C60DA601C6110BDD00A00202000002024
:1032F000B22000205C0B0020CDCCCC3D580B002030
:10330000740B0020600B0020704B2DE9F0411C680D
:1033100042F20F72041B94422DED048B42D91860C7
:1033200044F620639C4202D9012001F027FD684D3C
:103330002B782BB1674B1B785B0701D4FFF7B2FFEB
:10334000FFF788FF644B654E1B68654F9FED651A5C
:10335000DFED650A002BC9BF644ADFED657AD2ED67
:10336000026A07EE903AC4BFF8EEE66AB8EEE77A72
:10337000604BC8BFC6EE877A93ED000AC6ED007AAF
:1033800027EE800AC7ED007AFFF736F9012086EDB7
:10339000000A01F0F3FC584AB2F90030052B05DCB5
:1033A00001331380BDEC048BBDE8F08107EE904A39
:1033B000DFED526A524B534ADFF88081F8EE677AAC
:1033C00087EEA67AD3ED006A4F4B93ED006A4F4B20
:1033D00026EE866AD3ED007AE6EE077AC3ED007A30
:1033E0004B4B93ED006A4B4B26EE866A93ED000A39
:1033F000A6EE070A92ED006A474A66EE866A92EDEB
:10340000008AA6EE878AD6ED006A82ED008A77EE02
:10341000A67AB6EE006A67EE877AF0EE406AE7EECB
:10342000866A3E4A3E4ED2ED008AE6EE878A30EE4C
:10343000270A38EE288AC2ED008A3A4A83ED000A4C
:1034400082ED008A0FF0D8FBB0EE480A09EE100AB0
:103450000FF0D2FBB0EE680A05EE100AFFF71AFE75
:103460003148B8EEC90AFFF7DDFB3048F0EE405AAC
:10347000B8EEC50AFFF7D6FBB0EE408AB0EE650A9B
:103480000FF0BAFBB0EE480A044630600FF0B4FB10
:10349000274BD8ED000A186097ED000A2046FFF789
:1034A00039FD244B052118603B683068C8F80030AE
:1034B000FFF78AF8204B18603368002BB8BF5B42D7
:1034C000C82BC4BF01232B706CE700BF900A0020FB
:1034D0002000002056240020E00D0020C40A002017
:1034E000F00A002000004844000048C4F40D002009
:1034F00000000000D80D0020B820002000247449EE
:10350000CC0A0020E80A0020E00A0020D40A0020AB
:10351000E40A0020D00A0020D80A0020DC0A00209B
:10352000480B0020C80A0020600B0020740B00200C
:10353000940A0020580B0020500B0020EC0A0020B9
:10354000024B034A1B68034413607047940A00202F
:10355000540B0020014B1868704700BF480B002037
:10356000094BB3F900305A1C0CD0084A106810F00F
:10357000080008D0064A1068323B8342CCBF0020C6
:103580000120704700207047280000203C0F0020D9
:10359000940A0020094B02781860C821084B642067
:1035A00012FB00125A6007480022C3E90222C3E955
:1035B0000422C3E906221A8409F09ABA980B002063
:1035C0009C0B0020880B0020044B1860044B05481E
:1035D00000221A809A7009F08BBA00BF940B002069
:1035E0009C0B0020880B0020014B9878704700BF8F
:1035F0009C0B0020014BD878704700BF9C0B00202B
:10360000014B01229A7070479C0B0020044A4FF432
:103610007A73B0FBF3F0936803449360704700BF84
:103620009C0B002008B502F07FFF034B012298603D
:1036300083F8212008BD00BF9C0B002008B502F0D4
:1036400073FF054BDA689860801AC82884BF01228E
:1036500083F8212008BD00BF9C0B002008B502F0B4
:1036600063FF054B9A68D860801A5A68904284BFFD
:10367000002283F8212008BD9C0B00202DE9F74F84
:10368000DFF878B19BF80220002A00F0AA80564E9D
:103690009BF82140DFF868813578D8F80030DFF8F2
:1036A00058A10193012C05F0040514BF032700273E
:1036B0004FF000099BF8201005290DD8DFE801F034
:1036C0000323274A627E85B1012C05D00520FEF731
:1036D000EDFD464B02221A70002F00F08280384622
:1036E00003B0BDE8F04F03F033B8019B5A014FF42B
:1036F000806005D5FEF7AAFD0022CBF81020EBE78D
:10370000FEF7B2FDF8E7012CD4D105221FE0012C11
:1037100004BF05228BF8202065B1354A1268B2F942
:103720000E00344A508090801080334800684088F2
:10373000D0800F4602F0F8FEDBF81420904201D84A
:10374000002D4AD142F21072CBF81C2003228BF8D4
:103750002020AFE7327842F002023270FDF7BCFB66
:1037600002F0E2FEDBF81C200244CBF81820042211
:103770008BF820204FF48060FEF776FD0520FEF7E1
:103780009FFD97E7012C11D102F0CEFEDBF8182047
:103790008242A1D203F0B0FA18B9D8F80020D307BA
:1037A0009AD4327822F002023270AEE702F0BCFE08
:1037B000DBF81C200244CBF818208DE702F0B4FEA1
:1037C000DAF800208BF82090D2888BF803906423DD
:1037D00003FB0200CBF81000CCE7012C3FF46AAFEA
:1037E0007AE703B0BDE8F08F56240020F7250020CB
:1037F000940B0020C4210020980B00209C0B00207B
:103800003C0F002008B51E4B1B785A0737D51D4BBF
:103810001B78002B33D01C4B1B88DB072FD51B4A92
:10382000B2F90030002BB8BF5B429BB2B3F52F7FDB
:103830001BD8B2F90230002BB8BF5B429BB2B3F584
:103840002F7F12D81249B1F90030002BB8BF5B426C
:103850009BB242F6E062934207D8B1F90230002BE6
:10386000B8BF5B429BB2934209D90A4B1B6833B97C
:103870000220FEF71BFDBDE80840FDF72DBB08BD8B
:1038800056240020B4000020AE200020E4200020B8
:10389000EC2000204C1200202DE9F04F2DED028B82
:1038A000A549DFF8CC92DFF8CC82DFF8CCA28DB04E
:1038B000CDE90923B1F90030B1F90220002BB8BFDE
:1038C0005B42002AB8BF52429BB292B2934238BFC9
:1038D0001346B3F5FA7F28BF4FF4FA730593974B5D
:1038E0000293974B08930025964B0793CDE9035518
:1038F000954B0693431C064601938B462F462C4658
:10390000924B1B889B0730D0022C2ED0099ABBF912
:10391000000051424000FEF766FE8D4B0A9A33F9D3
:103920001430B17F32F91420C31A307A1344C1EB3A
:10393000817CA1EB8C025843C1EB8C014FF0640CED
:1039400090FBFCF00493FEF74EFE049B0390DAF824
:1039500000008049184442F21072FEF744FECAF893
:103960000000F37C43431B130493784B1B88D80758
:1039700003D5990701D4022C39D1BBF90070019B02
:1039800075491B7807EB8700000190FBF3F0B9F94C
:103990000030002BB8BF0333A0EBA300D8F80030F1
:1039A0004FF47A521844FEF71EFEB9F90030C8F8F9
:1039B0000000002BB8BF5B429BB2B3F5206F0AD862
:1039C000022C0BD15C4BB3F90430002BB8BF5B4227
:1039D0009BB2642B02D90020C8F800007D2390FB25
:1039E000F3F0019BDD7A454348BF3F35AD11574B9E
:1039F0001B889A0740F18E80022C00F08B80059B7B
:103A00000498C3F5FA7203FB07F1039B03FB021151
:103A1000059B6B434FF4FA7C00FB023391FBFCF1F6
:103A200093FBFCF3B9F900204C48002A005DB8BFB5
:103A30000332921012FB00F26FF04F0092FBF0F293
:103A40000A4496F8551008EE102A51B144480B93D9
:103A5000B8EEC80A00EB840002F0F4FC0B9BBDEE4C
:103A6000C08A089939F9022B31F902CB08910899DB
:103A7000B2EB0C0C21F8022C079A1168069A126816
:103A800048BF0CF1030C0A4402EBAC0200EE102A12
:103A9000069A42F8041B0692079A4FEAAC0042F8D5
:103AA000040B96F85410079251B12E480B93B8EEC0
:103AB000C00A00EB840002F0C5FC0B9BBDEEC00AFF
:103AC00018EE102A91B2284A10EE100A125D5043E7
:103AD0000246264800789BB248BF1F32C2F34F12FD
:103AE0000B4408BB9B1A029A1380029B0233029379
:103AF000019B01340133032C019308F104080BF1FD
:103B0000020B0AF1040A7FF4FBAE0DB0BDEC028B90
:103B1000BDE8F08FDB0701D5022C02D12B463946D8
:103B200080E7DDE903137DE7022C01D01344DAE7D7
:103B30009B1A024A9380D8E724210020D22000203B
:103B4000C6200020FC0B0020F00B0020AE2000203F
:103B5000DE200020F0D8FFFF80C1FFFF612400209D
:103B6000380C00202C0C00205B240020192600209B
:103B7000BE2300208C0C0020780C00202DE9F04F93
:103B80002DED028B8DB0CDE90921B2490B93B1F92E
:103B90000030B1F90220DFF8FC82DFF8ECA2DFF898
:103BA000FC920291002BB8BF5B42002AB8BF524280
:103BB0009BB292B2934238BF1346B3F5FA7F28BF47
:103BC0004FF4FA730593A44B0893A44B0793A44BAB
:103BD0000693002400F10C03054601932746264670
:103BE0000494A3469F4B1A8892072CD0029B099AF3
:103BF000B3F9000051424000FEF7F5FC9A4BA97F53
:103C000033F91B200B9B861A33F91B20287A1644A4
:103C1000C1EB817CA1EB8C027043C1EB8C014FF0B6
:103C2000640C90FBFCF0FEF7DEFC0490D9F8000079
:103C30008E49304442F21072FEF7D5FCC9F80000FC
:103C4000EE7C46433613874B1A88D30701D590077D
:103C50002ED5029BDAF80000B3F90070019B84496D
:103C600013F80B2C07EB8704240194FBF2F4B8F94A
:103C70000020002AB8BF0332A4EBA20420444FF472
:103C80007A52FEF7B0FCB8F90020019B002AB8BFB9
:103C9000524292B2B2F5206F88BF0020CAF80000ED
:103CA0001C787D2290FBF2F0444348BF3F34A411BE
:103CB0006C4B1A88910740F1C580059BC3F5FA71DA
:103CC00003FB07F0049B03FB0100059B03FB04F2CD
:103CD0004FF4FA7C06FB012292FBFCF3039390FB6A
:103CE000FCF0B8F90010634B002913F80BC0B8BF03
:103CF0000331891011FB0CF16FF04F0C91FBFCF1BB
:103D00000B1895F8551008EE103A41B15A48B8EE24
:103D1000C80A00EB8B0002F095FBBDEEC08A089B41
:103D200038F9021B33F9020B0893089A081A22F893
:103D3000021C079A06991268096848BF03301144AB
:103D400001EBA00100EE101A069941F8042B079A26
:103D50000691831042F8043B95F85410079241B144
:103D60004648B8EEC00A00EB8B0002F06BFBBDEEDC
:103D7000C00A039B424918EE102A11F80B101A448E
:103D800010EE103A4B431946029B48BF1F31A2EB7D
:103D900061124FEA4B0002333A490293019B0A52E7
:103DA0000BF101020133022A0AF1040A09F10409A4
:103DB00001934FF0010B7FF415AF0A9B254A9B79C5
:103DC0009488314E314AB06831490F3314FB03F403
:103DD000304BB3F90430002B4FEA2414B8BF03333F
:103DE000A4EBA307AB7B07FB0300B060FEF7FBFB74
:103DF000002CB8BF6442332CA8BF0020264BB06013
:103E0000EC781B787C43032B4FEAA41409D9B5F84E
:103E10005220B2F5FA7F04D220465142FEF7E3FB6E
:103E20000446B0684FF480726FF0FF0140F34F30EA
:103E3000FEF7D9FB134B04449C800DB0BDEC028B04
:103E4000BDE8F08FD30747BF049803960394384624
:103E500047E700BF24210020BE200020D80B00200F
:103E6000D00B0020AE200020DE200020F0D8FFFF85
:103E700080C1FFFF61240020380C00202C0C0020A2
:103E80005B240020D22000208C0C0020FEFFFF0FBE
:103E9000020000F0BE23002064240020780C0020E3
:103EA0002DE9F04F8BB0CDE906210893964B974A48
:103EB0001B8813F00203064613D0B2F90030B2F9A2
:103EC0000220002BB8BF5B42002AB8BF52429BB20F
:103ED00092B2934238BF1346B3F5007F28BF4FF428
:103EE00000730193894B0593894B0493894B03938A
:103EF000DFF84C92DFF850B2DFF850A2DFF85082C2
:103F000006F10B0302930027059B834933F9024B0B
:103F10000593049B53F8040B049339F9023B002BDF
:103F2000B8BF03336400A4EBA3034FF47A521844E0
:103F3000FEF759FB39F9023C029A002BB8BF5B42ED
:103F40009BB2B3F5206F049B88BF002043F8040C9C
:103F500012F8013F0292C5115D4312F80B3C5C431D
:103F6000694B1B889B074FEAA5154FEAA41433D071
:103F7000059B069A33F9020C51424000FEF733FBD1
:103F8000664B089A33F9173032F917206449C31A7F
:103F9000D8F800001344184442F210720993FEF757
:103FA00022FBC8F80000099BB27F307A02EB820244
:103FB00058435142C011FEF716FBD8F80020F37C9D
:103FC0005343019AA5EB23355543241A6D125443EC
:103FD00005EB233500EB642439F9023C514A96F88D
:103FE0005510D25D002BB8BF03339B1013FB02F3B7
:103FF000A4EBA31461B107EE904A4B48B8EEE70A70
:1040000000EB870002F01EFAFDEEC07A17EE904A30
:10401000039A39F9023C32F9020B0392181A039AF7
:1040200048BF033022F8023C8110DBF80020DAF8A8
:1040300000304BF8041B4AF8042B134496F8541034
:1040400003EBA00300EE103A41B13848B8EEC00AC5
:1040500000EB870002F0F6F9BDEEC00A344B10EE1B
:10406000102ADB5D2C445343A4EB6314314B23F83B
:1040700017407B1C022B08F104084FF001077FF466
:1040800043AF079B214A9B799488214D2A4AA8680F
:104090002A490F3314FB03F4294BB3F90430002BE6
:1040A0004FEA2414B8BF0333A4EBA307B37B07FB89
:1040B0000300A860FEF797FA002CB8BF6442332CC7
:1040C000A8BF00201F4BA860F4781B787C43032B0B
:1040D0004FEAA41409D9B6F85220B2F5FA7F04D2F7
:1040E00020465142FEF77FFA0446A8684FF48072DA
:1040F0006FF0FF0140F34F30FEF775FA0D4B0444AB
:104100009C800BB0BDE8F08FAE2000202421002061
:104110008C0C0020C220002080C1FFFFDE20002088
:10412000F0D8FFFF61240020380C00202C0C002068
:104130005B240020D2200020FEFFFF0F020000F0D1
:10414000BE23002064240020E80B0020E00B0020A8
:10415000780C00202DE9F04F2DED0A8B044687B036
:1041600090F854000593CDE90321002800F0068261
:1041700032220121FEF737FA07EE900A9FEDD57A39
:10418000F8EEE77A87EE278AD34BD44A18880121C4
:10419000FEF729FAD24B1B880AEE100ADFEDD1AAEE
:1041A000B8EECAAA98076AEE2AAA38EE2A8ACAEE98
:1041B00088BA40F1E681CC4AB2F90030B2F9022067
:1041C000002BB8BF5B42002AB8BF52429BB292B2EA
:1041D000934238BF1346B3F5E17F28BF4FF4E17334
:1041E00007EE903A9FEDC17AF8EEE77A87EE87CA3C
:1041F000BF4B0193DFF850B3BE4BDFF85093DFF8AD
:104200005083BD4FDFF8D8A2029304F10C060025BD
:10421000DFEDBA9ADFEDBACAB0EE69BA019B33F9A5
:10422000022B019308EE902AF8EEE88AAE4BF5EEE9
:10423000047A68EEA78A33F91530FDEEE88A00EEBD
:10424000103ABAF80030F8EEE88A990768EEAC8ABE
:10425000B8EEC08A54D078EE087A039AFDEEE77A79
:10426000514217EE900AFEF7BEF9A64B9FEDA66AE3
:1042700033F91530C01A059B33F915301844A37F64
:1042800007EE103A07EE900A237AB8EE477AB8EEB6
:10429000E79AF1EE047A27EE277A07EE903AF8EEE5
:1042A000677AF1EE476A67EE897ABDEEC77A67EE04
:1042B000867A17EE102AFDEEE77ABDEEE67A17EE63
:1042C000900A17EE101AFEF78EF997ED000AB3EE7A
:1042D0000E1AAAEE890AFBEE0E0A0BEE100AFEF782
:1042E0008BF987ED000AE37CDFED887A09EE903ADE
:1042F000F8EE699AB8EECBBA69EE809A69EEA79AA1
:10430000BAF80030DA0700F14281019B33F9023C30
:10431000002BB8BF5B429BB2B3F5206F00F2348133
:1043200016F80B3CDFED7A6A98ED000A9FED791ADA
:10433000DFED790A07EE103A68EE266AB8EE477AA2
:10434000C6EE877A77EEE87AAAEEA70AFEF754F966
:1043500088ED000A3378DFED717A09EE103AB8EE95
:10436000499ABAF8003029EE009A9B0729EE279A5D
:104370000BD578EE4B7AB0EE4B8AA7EE8C8A79EEAD
:10438000697AB0EE699AA7EE8C9A029B94F8551060
:1043900013F8012B9FED627A029307EE902AF8EE54
:1043A000E77AB0EE480A68EEE77AA7EE870A21B10D
:1043B0005C4800EB850002F045F89BED007AEBECE1
:1043C000018A78EEC78AD9ED007A574B88EEAA7A2F
:1043D0005B5D08F104080437013630EE090A37EE58
:1043E000677AE7EE2B7A07EE103AB8EEC77AE9EC77
:1043F000017A67EEC77A9FED4D7AA7EE870A0EF035
:10440000FBFB4B4B23F815006B1C022B4FF00105F7
:104410007FF404AFBDEECAAADFED467A94F8577078
:10442000454E1AEE103A23F003030AEE103A2E4BD3
:10443000B3F90480049B9D792D4BB3F90430B8EE99
:10444000CAAA00EE103ACAEE279ABAEECF0A002F97
:1044500000F0C58088EAE879E778A9EBE8790EF002
:10446000CBFB1FFA89F9354BDFED356A05FB09F502
:1044700095FBF3F5643507EE100A7D43642395FB45
:10448000F3F307EE903AB8EEC77AF8EEE77A80EAEF
:10449000E07367EE877AA3EBE07387EEA67AB3F555
:1044A000207F07EE908AB8EEE78A38EE478A02DC72
:1044B000B9F1640F70D90023B36094F85510002946
:1044C00048D0B0EE480A1F4801F0BCFFB0EE408A69
:1044D00040E000BF83F9223EA6200020A086010014
:1044E000AE200020BD378635242100200000E143A6
:1044F000BE23002061240020700C0020000000007A
:10450000CDCC4C40DE2000206F12033C0AD7A33DE7
:104510000000A04300004043000040C30AD7233CF2
:10452000A69B443B380C00205B240020F7CC92383B
:10453000D220002000803B458C0C00200CFEFFFFA9
:104540000000A042400C0020C80B0020C00B00203F
:10455000800C002038EE090ABDEEC00A10EE103AB9
:104560001BB200EE103AB8EEC00A0EF045FB464B07
:10457000988007B0BDEC0A8BBDE8F08F9FED438AB1
:1045800002E69FED43CA33E69FED410AE0E6B0EE56
:10459000699AB0EE4B8AF8E608EB88031B0193FB9F
:1045A000F7F31B1A07EE903AF8EEE77AB368394949
:1045B00067EEA97A4FF47A52FDEEE77A17EE900A89
:1045C0001844FEF710F87D23B06090FBF3F0A37B56
:1045D0005843801107EE900AB8EEE79A6DE76D0038
:1045E0000EF00AFB283515FB08F56D11281A002D71
:1045F00007EE900AB8BF6D42322DF8EEE78A40DC34
:10460000A37B254A254907EE903AF8EE677AB3680E
:1046100067EEA87A67EEA97AFDEEE77A17EE900AC0
:104620001844FDF7E0FFB0604FF480726FF0FF01B7
:104630004013FDF7D8FFFDEEE87AE27817EE903AE6
:1046400053439B1107EE903A154B1B7809EE100A65
:10465000032BB8EEC99AB8EEE78A7FF62EAFB4F80E
:104660005220B2F5FA7FBFF428AFFDEEC87A51426E
:1046700017EE900AFDF7B7FF08EE100AB8EEC88AE9
:104680001BE73846CFE700BFD2200020AF4C593C93
:104690000000000080C1FFFFFEFFFF0F020000F0DE
:1046A000642400202DE9F04F2DED088B87B0DFED5D
:1046B0009D7A05939C4B189E1B88049109EE103A35
:1046C0009A4B02921B88B8EE499A13F0020F29EE1A
:1046D000279A0546F7EE009A00F0E980F18900205C
:1046E00002F02AFFF1890446012002F025FF95F827
:1046F0005020002A00F0DE80002CB8BF6442002861
:10470000B8BF40428442B8BF0446C4F5FA7407EE0D
:10471000904ADFED876ADFED870AF8EEE77A6423D7
:1047200087EEA67AB3FBF2F307EE903A37EE697A9A
:10473000F8EEE77AB0EE690AA7EE270AB0EE691A3A
:10474000FDF75AFFB0EE40AA7B4BDFF828B2DFF846
:1047500028A2DFF82892DFF82882784EDFED78AAC9
:10476000019305F124070024049B0433022C1B5DF4
:10477000B2EE04BA40F0A180704ADFED726A92880E
:104780000A3312FB03F207EE902AB8EEE77AC7EE7F
:10479000267A6D4B95F8551033F9143007EE103A20
:1047A0006A4BB8EEC77AD3ED036A019B0393E7EE39
:1047B000667A1B78B7EC017AB0EE678A07EE903A1A
:1047C00027EE087AF8EEE77A67EE877AC7EEAA8ACC
:1047D00041B15F4800EB8400B0EE680A01F032FEA0
:1047E000F0EE408A97ED027A9BED000A9FED591A90
:1047F000DFED590A69EE087A67EE877AA7EE8B0A31
:10480000FDF7FAFE89EE897ADAED007AD9ED006AD1
:10481000ABEC010A78EE677AAAEC018A27EE277AD8
:10482000D8ED007AA9EC017AE8EC016A76EEA77A75
:1048300095F85410B0EE40BA37EE870A21B14748D8
:1048400000EB840001F0FEFDB0EE087AC0EE077ABE
:10485000019B01330193039B1B78023697ED057A88
:104860009FED3F1ADFED3F0A67EE877A07EE103AB9
:10487000B8EEC77A67EE877A87EEAA0AFDF7BCFE24
:1048800078EE8B8A38EE800A0EF0B6F936494FF48E
:104890007A72FDF7A8FE354B23F814000134032C7F
:1048A0007FF462AF07B0BDEC088BBDE8F08FB0EECF
:1048B00069AA49E79FED1FAA46E7029AB6F90000E8
:1048C00003935142FDF78FFE294B33F91420059BCA
:1048D000801A33F91420039B1044144A07EE900AFF
:1048E0001188F8EEE77A11F0010FC7EE8B6A04D059
:1048F000D5ED127A66EEA77A4BE732889FED116A02
:10490000143312FB03F207EE902AB8EEE77A8B0716
:10491000C7EE067A42BF95ED137A66EE876AE6EE39
:104920008A7A36E7BD378635A6200020AE200020E3
:104930000000FA4300000000582400202421002039
:104940000000C84200004842BE2300203012002070
:10495000380C002000007A4300007AC32C0C0020A1
:1049600000009643000096C318FCFFFFD2200020F1
:10497000DE200020800C0020200C0020140C0020E1
:10498000080C00202DE9F04F2DED028B89B0CDE908
:1049900004210693924B149E1B889907054640F10B
:1049A000EC80F189002002F0C7FDF1890446012066
:1049B00002F0C2FD002CB8BF64420028B8BF4042DC
:1049C0008442B8BF04460523C4F5FA7090FBF3F0A7
:1049D000AB7F40B2DB1064226438584300210A23C5
:1049E00090FBF3F01044FDF7FEFD43B27D4C0393C2
:1049F00001F09AFD23689FED7C7ADFF824A27B4EBC
:104A0000DFF820927A4FDFF8F881C31A07EE903A68
:104A1000F8EE677A774B67EE877AC3ED007A01F09C
:104A200083FD754B0293754B206000950193002424
:104A3000059B1A1D022C12F804B040F0A080704AA9
:104A40006B4992880BF1140B12FB0BF252118A6026
:104A5000019B57F8042BB3F90010009B3078002914
:104A6000B8BF0331A2EBA10213F8011F0093514319
:104A70004143642091FBF0F1CB1195F8551008EEFD
:104A8000103AB34651B15F480792B8EEC80A00EB3E
:104A9000840001F0D7FC079ABDEEC08A5A48009BFB
:104AA0000088D9F800105043DA7AC01250433278A7
:104AB0005043642290FBF2F0084449F8040B534938
:104AC0004FF40012FDF78FFD4A4A019BD2ED007AA8
:104AD00049F8040CF5EEC07A4113F1EE10FA33F9FF
:104AE000020B019317DD029BDAED006AB3F9002097
:104AF000831A07EE903AF8EEE77AB1EE087A77EE8D
:104B0000E67AB2EE046A67EE877A87EE867A77EE07
:104B1000267ACAED007A029BBAEC017A23F8020BDE
:104B20000293009BDFED3A6A9B7D07EE903A9BF87B
:104B30000030F8EEE77A013667EE877A07EE103A32
:104B4000B8EEC77A18EE103A67EE877A08F10208D5
:104B500087EEA67ABDEEC77A17EE102AA3EBA21055
:104B60002C4A084422F814000134032C7FF460AF6F
:104B700009B0BDEC028BBDE8F08F642336E7049AE0
:104B8000B8F90000244B5142400043F82400FDF7DF
:104B90002AFD224B33F91420069B801A33F9142086
:104BA0000F4B19881044CA0715D4B8F800200BF130
:104BB000140B12FB0BF212118B073A607FF548AF12
:104BC000E97C039B41435943642091FBF0F102EBE4
:104BD00021123A603CE72A7A42431211F9E700BFFA
:104BE000AE200020440C00206F12833A582400208D
:104BF000580C0020480C0020CC200020BE230020B0
:104C000024210020380C0020A62000200000E0FF16
:104C10000000C842D2200020640C0020DE200020CA
:104C20004C0C00208C0C0020044B0022C3E9002215
:104C3000034B00221A605A60704700BF780C0020B6
:104C4000700C0020054B0022C3E900229A60044B3F
:104C500000221A605A609A60704700BF8C0C0020D6
:104C6000800C00200138042810D8DFE800F003078A
:104C7000090B0D00064B074A13607047064BFAE715
:104C8000064BF8E7064BF6E7064BF4E7064BF2E770
:104C9000854900082C000020A5460008A13E000818
:104CA0007D3B000855410008993800089FED0F7AB8
:104CB00020EE070AF6EE006A86EE807A07EE903A5A
:104CC0000B4BDFED0C6A18600B4B1A600B4B83ED3E
:104CD000007AB8EEE77A0A4BC6EE877A9FED097A3A
:104CE00067EE877AC3ED007A704700BFDB0F49405B
:104CF000BC0D002000006144B80D0020D00D002044
:104D0000D40D00204C3D0F44124BDFED136A1B689D
:104D10001A7B124B1A80124B1B8807EE103AB8EE22
:104D2000C77A104BC6EE877A9FED0F7A67EE877AC7
:104D30009FED0E7AC3ED007A0D4BD3ED037A0D4B48
:104D400067EE877A9FED0C7A67EE877AC3ED007A7B
:104D5000704700BFBC0D00200AE81C41EA2000207B
:104D600072000020D80D00200000C84235FA8E3CA9
:104D700030120020CC0D0020BD378635094B58B9C4
:104D8000C3E90000084BC3E900009860074B1860B6
:104D9000074B00221A60704700229A60054B1A6088
:104DA000F6E700BFF40D0020E80D0020DC0D002028
:104DB000E40D0020E00D002008B52DED068BF0EE8F
:104DC000409AB0EE600AF0EE41AAF0EE608A0DF073
:104DD00093FEB0EE408AB0EE680A0DF0CDFEB0EE64
:104DE000409AB0EE690A0DF0C7FEF0EE408AB0EED0
:104DF000690A0DF081FEB0EE40AAB0EE6A0A0DF02D
:104E0000BBFEF0EE409AB0EE6A0A0DF075FE1A4B4A
:104E100028EE007A29EE286A83ED007A29EECA7A14
:104E200069EE0A6AA6EE007A60EE687A83ED017A8E
:104E300028EEA97A68EE288AA6EE807AB1EE499A21
:104E400083ED027A28EE297A28EE0A8A83ED037A26
:104E50002AEE007AE6EEA97AA6EE297A83ED069A82
:104E6000C3ED078A83ED088ABDEC068B83ED047AD7
:104E7000C3ED057A08BD00BF4000002070B50546AF
:104E800014460E4641B10F4B93ED060AFDF7C8FCE0
:104E9000B1EE400A86ED000A45B10A4BD3ED080A8F
:104EA00093ED070A0DF0D4FD85ED000A44B1054BE2
:104EB000D3ED000A93ED030A0DF0CAFD84ED000A5C
:104EC00070BD00BF440D0020324BD0ED016A93ED60
:104ED000023AD3ED054A93ED086A90ED027AD3EDDC
:104EE000012A93ED044A93ED030AD3ED075AD3ED5B
:104EF000061AD0ED007A2DED048B26EEC32A93ED31
:104F0000009A64EEE63A26EE665AA2EE872AE7EEAB
:104F1000043AA7EE255A69EE478A60EE470A21EE69
:104F2000C77AE3EE278AE7EEA40AA7EE867A27EE91
:104F3000E28A24EE671A65EEE77AA6EE898AA6EE83
:104F4000801AE6EEA17A72EE096A72EEA82AC3ED23
:104F5000006A73EE806A33EE083A34EE204A74EE4B
:104F6000814A75EE875A36EE276AC3ED036A75EEFD
:104F7000216ABDEC048BC3ED012A83ED023A83ED77
:104F8000044AC3ED054AC3ED066AC3ED075A83ED33
:104F9000086A7047400000201C4BD0ED017A93ED69
:104FA000037AD0ED006A93ED006A27EE877A024615
:104FB000A6EE267AD0ED026A93ED066A1448A6EEB4
:104FC000267A93ED016A80ED007A93ED047A67EE1C
:104FD000877A92ED007AE6EE077A93ED077A93ED01
:104FE000026AE6EE877AC0ED017A92ED017AD3ED9E
:104FF000057A67EE877A92ED007AE6EE077A93ED0E
:10500000087AE6EE877AC0ED027A70474000002009
:10501000CC0C0020134BD0ED017A93ED017AD0ED4A
:10502000006A93ED006A27EE877A0246A6EE267A9A
:10503000D0ED026A93ED026A0B48A6EE267A93ED54
:10504000036A80ED007A93ED047A67EE877A92ED39
:10505000007AE6EE077A93ED057AE6EE877AC0ED00
:10506000017A704740000020C40C002010B53F4B6F
:105070002DED048B93ED018AD3ED009AB0EE480A32
:1050800004460DF039FDB0EE409AB0EE480A0DF03E
:1050900073FDF0EE408AB0EE690A0DF06DFDB0EEE2
:1050A000408AB0EE690A0DF027FD9FED316A314B61
:1050B000314883ED009A68EE885A68EE804AB0EE77
:1050C000407AA5EE867AF0EE656AB0EE644AF0EEBC
:1050D000485AA8EE064AD4EE865AE0EE466A29EE11
:1050E000065A29EE088A69EE007AF1EE688AC3ED65
:1050F000016A83ED024A83ED047A83ED078A83ED2A
:10510000035AC3ED055AC3ED068AC3ED087A1B4B5B
:10511000226894ED026A1A6062685A6083ED026A3E
:10512000D4ED014AD4ED003A66EEA46A27EE247A63
:10513000E3EE896AE4EE066AC0ED006AD4ED006A27
:10514000A5EE267AA5EE867A80ED017A94ED017AB5
:1051500028EE078A94ED007AA8EE878AA7EE868A61
:1051600080ED028ABDEC048B10BD00BFC00D002095
:10517000000000008C0D0020B80C0020680D0020FD
:10518000F0B56A4B6A4AD3ED007AB2F900209FED80
:10519000697A8BB0F1EE677ACDED017AD3ED017AC1
:1051A000654BB3F90030F1EE677A9B1ACDED027AC8
:1051B00007EE903A614BF8EEE77AB3F9002067EE1C
:1051C000877A06EE902AB3F90220B3F90430CDEDC8
:1051D000037A07EE102A07EE903AB8EEC77AF8EE97
:1051E000E66AF8EEE77A044601A904A88DED057A8F
:1051F0008DED087ACDED046ACDED067ACDED076A26
:10520000CDED097AFDF7C3FA4D4B9DED067A1B688B
:105210009B78012B40F086804A4B4B491B7813F05A
:10522000040F15D14948026892B10B68002B1D4646
:10523000B8BFDD1DA3EBE50307EE903AF8EEE77A81
:10524000013A77EE877A0260FDEEE77AC1ED007AE7
:105250000B68002BB8BF0733DB1007EE903AF8EE6F
:10526000E77A3B4E9DED040A3A4D37EE677A8DEDB5
:10527000067A0DF0C1FC33681978FDF7A5F92B68A3
:105280009DED050A03442B600DF0B6FC33681978D8
:10529000FDF79AF96B689DED060A03446B600DF00B
:1052A000ABFC33685978FDF78FF9AB68034407A866
:1052B000AB60FFF7DBFED0ED007A3368264D19783E
:1052C000FDEEE77A074617EE900AFDF77DF92B68A9
:1052D000D7ED017A03442B60FDEEE77A336817EED1
:1052E000900A1978FDF770F96B68D7ED027A0344DC
:1052F0006B60FDEEE77A336817EE900A5978FDF798
:1053000063F9AB68154A0344AB6013682344136028
:10531000134A136801331360124A13680133136090
:105320000BB0F0BD104B1B8897E700BFC00D0020ED
:105330000000002035FA8E3CD8200020EC20002010
:10534000BC0D002056240020A80C0020B00D002029
:10535000B80D0020F40D0020E80D0020E40D002021
:10536000E00D0020DC0D0020720000201FB52A4B4C
:105370009FED2A6AB3F9022007EE902AB3F90420C0
:10538000B3F9003005EE902A07EE103A244A254B77
:10539000D2ED006AB8EEC77AF8EEE77AE7EE066A71
:1053A00001A892ED017AC3ED006AA7EE867AF8EEC5
:1053B000E55AD2ED027A1C4A83ED017AE5EE867A4F
:1053C00092ED006AC3ED027A184B76EE866A93ED91
:1053D000006A76EE866A66EE806ACDED016AD2EDED
:1053E000016A37EE267AD3ED016A37EE267A27EE88
:1053F000007A8DED027A92ED027A77EE877A93ED5C
:10540000027A77EE877A27EE800A8DED030AFFF79E
:105410005BFD05B05DF804FBBE230020487D8B3AA0
:10542000200D0020040D0020380D00202C0D002040
:10543000154A0023136053609360144A136053604D
:105440009360134A136053609360124A1360536071
:10545000936090B1104B93ED000AB4EE400AF1EE68
:1054600010FA0AD693ED021AB4EE411AF1EE10FAD0
:1054700003D6D3ED010AFFF79FBC9FED081AF0EEAB
:10548000410AB0EE410AF6E7200D0020380D002059
:105490002C0D0020040D0020C00D00200000000095
:1054A00090ED010AD0ED007A20EE000A38B5A7EEA3
:1054B000A70A04460D46D0ED027AA7EEA70A0DF022
:1054C000F9FAB7EE007AC7EE007A1E4B1E4A93ED4A
:1054D000007A37EE277A83ED007A1388B0EE007AEF
:1054E000F4EEC77A0133F1EE10FA138021D5B6EE4F
:1054F000007AF4EEC77AF1EE10FA06DC9FED137A2B
:10550000F4EEC77AF1EE10FA1ADD94ED007A27EE88
:10551000277A012085ED007A94ED017A27EE277A2B
:1055200085ED017A94ED027A67EE277AC5ED027A6D
:1055300038BD9FED077AF4EEC77AF1EE10FAE4D4A5
:105540000020F5E7000D0020DC200020BD37863567
:105550000024744910B5314CD4ED013A94ED046A3D
:1055600094ED003A94ED037A94ED024AD4ED056A85
:1055700063EE867AF6EE005AE3EE077A8AB02146A9
:10558000B0EE635AE4EE267A01A8F0EE444A67EEE4
:10559000A57AF0EE435AA6EE675AE6EEE74AA3EE86
:1055A000E76AE7EE675AE4EE676AA3EE677A66EEAB
:1055B000647ACDED066AE5EE267A66EEE56A8DED53
:1055C000047AE4EE876A27EE457ACDED015AA5EE1E
:1055D000867A8DED025ACDED034A8DED056ACDED4B
:1055E000077ACDED086A8DED097AFFF759FF28B9E2
:1055F00001200AB0BDE81040FFF71ABF04F10C010A
:1056000004A8FFF74DFF0028F2D004F1180107A805
:10561000FFF746FF0028EBD00AB010BD4000002085
:1056200008B52DED028BB0EE408A9FED110AFDF713
:105630001BF9B4EEC80AF1EE10FA13DC9FED0D0A67
:10564000FDF712F9B4EEC08AF1EE10FA0DDC9FED11
:10565000080AFDF709F9C8EE007ABDEC028BB0EE3E
:10566000670A08BDF7EE007AF7E7F2EE047AF4E78E
:10567000000048420000FA4310B5354CD4ED007AE2
:10568000F4EE677AF1EE10FA41D6D4ED017AF4EE39
:10569000677AF1EE10FA3AD6D4ED027AF4EE677A30
:1056A000F1EE10FA6CBF01230023D4ED037AF4EE7F
:1056B000677AF1EE10FA2CD6D4ED047AF4EE677A1C
:1056C000F1EE10FA25D6D4ED057AF4EE677AF1EE14
:1056D00010FA68BF43F00103D4ED067AF4EE677A5E
:1056E000F1EE10FA0ED694ED077AB4EE477AF1EEA9
:1056F00010FA07D694ED087AB4EE477AF1EE10FA74
:1057000000D643B1BDE810400120FFF791BE012350
:10571000CBE70123E0E7B7EE007AF4EEC77AF1EECB
:1057200010FA06D5BFEE007AF4EEC77AF1EE10FA61
:105730000CDCFFF70FFFD4ED067AB2EE047AF0EE40
:10574000E77AF4EEC77AF1EE10FADBDC10BD00BFA9
:10575000400000200C4A0D4B1168196051685960D7
:1057600091689960D168D96011691961516959616D
:1057700091699961D169126A1A62054AD961A2F1E7
:105780000800111FFFF77ABB40000020440D0020E5
:10579000C80D002008B52D4B2D4AB3F90210D2EDEB
:1057A000087AD2ED074A92ED065A07EE101AB3F9BD
:1057B0000410B3F9003006EE901AF8EEE66AB8EE7F
:1057C000C77A67EEA60A24EEE60AB7EE006AA7EEED
:1057D000270AF0EE607AE7EE247A05EE903AA5EE1D
:1057E000456A67EEC50AF8EEE55AB1EE400AE5EE05
:1057F000860A0DF02DF99FED171ADFED170AFCF759
:10580000FBFE164BD3ED007AB0EEE77AB5EEC07A28
:10581000F1EE10FA0CDD30EE270ADFED117AB4EE6E
:10582000E70AF1EE10FA04DDDFED0E7A30EE670ADA
:1058300008BDDFED0D7AB4EEE70AF1EE10FA44BFD1
:10584000DFED087A30EE270AF2E700BFB22300202E
:10585000400000209A9949409A9949C0DC110020E3
:10586000DB0F4940DB0FC940DB0F49C000B52F4BB0
:105870002DED068BD3ED009A2D4BB3F9002007EEEA
:10588000902AB3F90220B3F90430F8EEE77A85B034
:10589000CDED017A07EE902AF8EEE77A01A8CDED7A
:1058A000027A07EE903AF8EEE77ACDED037AFFF749
:1058B000B1FB90ED019A90ED008A29EE09AAB0EEB5
:1058C0004A0AA8EE080A0DF0F5F8C8EE008AB0EE14
:1058D0004A0AA8EEA80A0DF0EDF8DFED167AB0EE50
:1058E000E87AB4EE677AF1EE10FA1BDC89EE008AF2
:1058F000B0EEC87AB4EE677AF1EE10FA12DCB0EED0
:10590000690A0DF039F9B0EE409AB0EE690A0DF06F
:10591000F3F828EE400AA9EE280A05B0BDEC068B84
:105920005DF804FB9FED040AF7E700BFDC110020DF
:10593000B2230020FFFF7F7F0000000008B50F4B5F
:1059400093ED010AD3ED007A20EE000AA7EEA70A34
:105950000DF0B0F8F1EE007AB4EEE70AF1EE10FACD
:105960009DBFF1EE027A37EEC00ADFED057A9FEDBA
:10597000050A98BF20EE270A08BD00BFF00C0020E2
:10598000CDCC4C3ECDCCCC3D38B55349534B544C8B
:105990001A680B689A422DED068B16D19FED517A4D
:1059A000D4ED007A67EE877AC4ED007AD4ED017AFF
:1059B00067EE877AC4ED017AD4ED027A67EE877AD2
:1059C000C4ED027ABDEC068B38BDD31A09EE903ACD
:1059D000454DDFED467A2B780A60F8EE699A69EE5C
:1059E000A79A83B9FFF7D6FE414BB0EE401AD3ED2C
:1059F000010A93ED000AFFF7DFF9002323606360DB
:105A0000A36001232B70FFF731FF3A4B3A4D93ED22
:105A1000089A3A4B20EE099AF0EE408A93ED010A7B
:105A2000D3ED007A20EE000AA7EEA70AD3ED027AA2
:105A3000A7EEA70A0DF03EF8DFED317A95ED007A7A
:105A4000B4EEE77AF1EE10FA48BFC5ED007AB0EE99
:105A500040AAFFF7E5FD95ED007A69EE007A27EEA2
:105A6000878AFFF76BFF274B1B6868EE007ADB071E
:105A700058BFB2EE007AC4ED027A5CBF67EE877A57
:105A8000C4ED027AF0EE007AF4EEE79AF1EE10FA45
:105A900014D5B3EE040AFCF7E7FEB4EEC0AAF1EEAB
:105AA00010FA0BD5184BD3ED007A184B29EE279A34
:105AB000D3ED027AE9EE297AC3ED027A144B154A46
:105AC000D3ED007AF0EEE88A78EEA78AC3ED008A7B
:105AD00013880133138075E7DC0C0020D8110020F7
:105AE0002C0D0020EC51783FE5250020BD37863590
:105AF000C00D00204000002034000020040D0020D4
:105B0000CDCC4C3D3C0F002030000020140D002077
:105B1000FC0C0020DA200020F0B52DED068B85B0BE
:105B2000F0EE409AFFF730FFBB4ABC4FB2F90030AD
:105B3000BB4DBC4EBC4C5B4207EE903AB2F9023012
:105B4000B2F904205B4208EE103AB84BB8EEC88AAE
:105B500093ED019AD3ED026AD3ED048AB8EEE77AA9
:105B600028EE099AD3ED007A5242A7EE879A07EE03
:105B7000902AF8EEE77A68EE288AA6EEA79AAC4A51
:105B8000D3ED036A82ED009AE7EE268AD3ED056A2B
:105B9000E7EEA68AD3ED076AC2ED018A28EE268ACF
:105BA000D3ED066AA7EE268A93ED087AA7EE878AD8
:105BB000D7ED007A82ED028A37EEA90ADFED9D7AF1
:105BC00087ED000A68EEA78A29EE279A28EEA8AA90
:105BD00028EE278AB0EE4A0AA9EE090A85ED009A56
:105BE000A8EE080AC5ED018A85ED028A0CF062FF75
:105BF000C9EE009AB0EE4A0AA9EEA90AA8EE080A70
:105C00000CF058FF88EE809A29EE090AA9EEA90A3D
:105C1000A8EE080A0CF04EFFC8EE007A01A89FED2E
:105C2000868AB0EE497A97EEC87A28EE499A8DEDC9
:105C3000017AB0EE697AA7EE887AA9EE889A8DED9E
:105C4000027A8DED039AFFF7A7F97C4B90ED00AA3D
:105C500093ED010AD3ED007AD0ED019A90ED029A0E
:105C60008DED01AA20EE000ACDED029AA7EEA70A5B
:105C7000D3ED027A8DED039AA7EEA70A0CF01AFF76
:105C800096ED007ADFED6E7AB4EEE77AF1EE10FA77
:105C900048BFC6ED007AF0EE408AFFF7C1FCD6EDB2
:105CA000007A2AEE000A20EE270A84ED000AB0EE00
:105CB000680AFFF7B5FCD6ED007A29EE800A20EEDF
:105CC000270A84ED010AB0EE680AFFF7A9FC5D4BD4
:105CD00096ED007A1B6869EE007ADB0767EE877A3B
:105CE000C4ED027A11D4D4ED006AB2EE007A66EE09
:105CF000876A67EE877AC4ED006AD4ED016AC4ED65
:105D0000027A66EE876AC4ED016AB3EE040AFCF714
:105D1000ABFDF4EEC08AF1EE10FA4B4E23D54B4B9F
:105D2000D7ED007A93ED007A494B96ED006AD3EDFA
:105D3000006A2AEE07AA69EE879AEAEE276A29EE38
:105D4000079AC3ED006A93ED027AD3ED016AA7EEDC
:105D5000897AE7EEA96A77EE867AC3ED016A83ED68
:105D6000027AC6ED007AD6ED008AF1EE047AF4EEFE
:105D7000E78AF1EE10FA42DB364B354CD3ED007A70
:105D800094ED000A68EEA78AB1EE689AB0EE681A40
:105D9000F0EE490AFCF730FCB0EE681A84ED000A18
:105DA000F0EE490A94ED010AFCF726FCB0EE681A01
:105DB00084ED010AF0EE490A94ED020AFCF71CFC9E
:105DC000254B94ED007AD3ED007A84ED008A77EECE
:105DD000877A94ED017AC3ED007AD3ED017A84EDF0
:105DE000018A77EE877A84ED028AC3ED017AD3EDDA
:105DF000027A86ED008A77EE807AC3ED027A85ED2D
:105E0000008A85ED018A85ED028A87ED008A05B05A
:105E1000BDEC068BF0BD00BF78220020E00C002016
:105E2000E40C00203C000020380D00204000002041
:105E3000F00C00200000803900000000040D00205C
:105E4000CDCC4C3D3C0F0020100D00203800002030
:105E5000140D0020D80C0020200D0020F8B52DEDE9
:105E6000048B044605F054F800F044FB664ADFED6D
:105E7000678A13681060C31A07EE903AF8EE677AE3
:105E800087EEA88ADFED627AB4EEE78AF1EE10FAC7
:105E900009DD604A00231360536093605E4A13601B
:105EA000BDEC048BF8BD0220FCF7EEF95B4B00283B
:105EB00000F0A580204604F0ADFA594E9FED599AA6
:105EC000594CB0EE480AFFF751FAFFF743FBB0EE2A
:105ED000480AFFF721FEFFF7CFFBFFF73BFC96EDEB
:105EE000000A20EE090A0CF087FE96ED010A05B2C1
:105EF00020EE090A25800CF07FFE96ED027ADFED98
:105F00004B7ADFED4B6A4B4B4B4E27EE677A00B274
:105F1000C7EE267A6080494C2580608093ED007A38
:105F200077EE877AB2EE040A87EE800A0CF064FE00
:105F300003B2002B424ADFF8E4C0BCBF00F5B470E6
:105F400003B213803F4B40481B681F783F4B002231
:105F50001D881146B7EE007A3CF9023BC7B107EE47
:105F6000907AF8EEE77AC7EE276A07EE903AF8EEF5
:105F7000E77A37EE666A67EEA67AD0ED006AE6EE5B
:105F8000867AC0ED007AFDEEE77A17EE903A1BB202
:105F90000131C9B2032926F8023B00F1040003FBDA
:105FA00003F3B3FBF5F31A44D6D128EE288A642311
:105FB000FCEEC87A5A43264B92FBF5F217EE900A94
:105FC0001A60FFF7DDF8B4F90220224B2249B3F939
:105FD00000000B78002AB8BF524292B282420BDA1C
:105FE000B4F90020002AB8BF524292B2904203DDB9
:105FF00043F008030B7053E723F00803FAE7188017
:10600000588098804CE700BFA40C002000247449FD
:10601000CDCC4C3EE40C0020E00C00207822002087
:10602000C00D00204C3D0F44E42000200000E1445E
:10603000DB0F4940DC110020EC200020DE20002096
:10604000D8200020BC0D0020980C002072000020F9
:10605000B40D0020EA2000205524002008B5214B73
:1060600093ED010AD3ED007A20EE000A2DED028BAC
:10607000A7EEA70AD3ED028AA8EEA80A08EE100A36
:106080000CF018FDC8EE807A9FED177AF4EEC77A0F
:10609000F1EE10FA23D9B0EE670A0CF081FC134B35
:1060A000D3ED007A20EE270A0CF0A6FDB0F5617F53
:1060B000A8BF4FF4617007EE900AB8EEE70ADFED73
:1060C0000C7A80EE270AFCF715FAB8EEC88A28EE9B
:1060D000000A0CF091FD00B2BDEC028B08BD00205F
:1060E000FAE700BFAC0C00208FC2753CD40D002035
:1060F000EFB6B04408B59FED040AFCF7B5FB034BBF
:1061000083ED000A08BD00BF8988083CD80C002038
:10611000044B1860044B1960044B1A60044B009A3E
:106120001A607047C80E0020C40E0020CC0E00205C
:10613000C00E002070470000F8B5094D094E0A4F07
:1061400000244FF48050FBF7E5FD38B13B689B8895
:1061500025F8023B01340C2CF3D1F8BD3368F6E787
:10616000F2200020C40E0020C80E002030B4094BDD
:10617000094D0A4C04221A700FCD0FC40FCD0FC465
:106180000FCD0FC495E80F0084E80F0030BCFFF777
:10619000D3BF00BF64240020E8580108000E00208F
:1061A00070B50C4D0C4E00242B78E0B2834209D818
:1061B0004FF48020FBF7AEFD50B12878BDE8704069
:1061C0000AF016BC36F810100AF0F6FB0134EBE7C3
:1061D00070BD00BF642400200A21002010B4074BCA
:1061E000074A1C780023D9B28C4203D85DF8044BCF
:1061F000FFF7D6BF22F8020B0133F4E76424002036
:106200000A21002008B54FF48050FBF783FD50B100
:10621000064B1B68988800B2FFF7E0FFBDE8084016
:10622000322000F0D2B9024BF3E700BFC80E0020C5
:10623000C40E0020014B18780AF0CABB6424002069
:106240002DE9F84F724EDFF8F4813378714D724CBE
:10625000032B14D9D8F800305A88B2F5FA7F0ED241
:10626000B5F90430002BB8BF5B42504299B2411AD5
:1062700012FA83F2B4F90400FCF7B5F9A080B4F97E
:1062800002A0B4F900B0B4F904E0644CB5F906908A
:106290003778D8F800C0624A2046002125462BE016
:1062A00007EE909AB8EEE77A07EE90AA52ED026AEE
:1062B0009CF90130F8EEE77A5B4267EEA67A52ED80
:1062C000046AE7EE267A0EFB03F3013107EE10BAFB
:1062D00052ED036AB8EEC77AE7EE267A07EE103A77
:1062E00052ED016AB8EEC77AE7EE267AFDEEE77A5C
:1062F00017EE903A20F8023B8F4202F11002CFD8FD
:10630000484B1B785B0778D5FDF774F9464B43493A
:1063100018700746B5F9003030780122904212D843
:10632000424DDFF81CB12A6852889342C6BF9B1ABF
:106330001FFA83FA4FF0000A4FF0000933784B45FB
:1063400008D8BDE8F88F31F9025FAB42B8BF2B46E1
:106350000132E3E72388A3EB0A0323804FF4805044
:10636000FBF7D8FC38B3324BD8F80010B3F906C0AD
:10637000DBF800300978DA892E4B1B6831B9D988EF
:10638000501A604502DA114461450FDC2968B4F9FE
:1063900000009445CBBF4A881A8859888988FCF741
:1063A00022F9208009F101090234C7E7944522DD72
:1063B0005B882380F6E72B68B4F900005A880FB198
:1063C0009988ECE71988FCF70EF9194B2080B3F98E
:1063D0000620DBF800301B8A9A42E3DA1020FBF734
:1063E00099FC10B12B689B88E3E7D8F800301B7844
:1063F000002BD7D12B681B88DBE70F4B074A03F133
:10640000100153F8040B42F8040B8B42F9D198E7C2
:106410006424002024210020D22000200A21002012
:10642000000E00205624002065240020C40E002009
:10643000C4210020C80E0020F2200020CC0E002035
:10644000C00E002006EE901A9FED116A114B9FEDD1
:10645000127A1B88F8EEE66AF7EE005A66EE866A54
:1064600007EE903A85EEA66AF8EE677A67EE877ACD
:1064700090ED007A76EE276A87EEA66A70EE477A8C
:10648000A6EE277AB0EE470A80ED007A704700BF8B
:10649000DB0FC940A6200020BD37863503681B6886
:1064A000184703685B6818470368DB681847036888
:1064B0005B69184738B5074D044600236A6895F9AB
:1064C000001003B138BD002AFCD0A142FAD1904798
:1064D0000123F3E7DC0E00202820FFF7EBBF0920A3
:1064E000FFF7E8BF024A136801331360704700BF2B
:1064F000D40E002010B50A4B4FF0E02019688469D3
:1065000000BF1A688A42F9D1064B19684FF47A70B5
:1065100000FB01F31B1BB3FBF1F300FB023010BDCA
:10652000D40E0020D80E0020014B1868704700BF21
:10653000D40E002000B54FF4A06095B005F084F8AB
:10654000154B5A6A154B1A6004F0ECFF0AF0B4FEC2
:10655000684604F021FE124A009BB3FBF2F3114A95
:106560001360114B0021C3E90011104B4FF47A72F4
:106570001B68B3FBF2F3013BB3F1807F09D24FF00C
:10658000E022F02053610A4B83F823000723916136
:10659000136115B05DF804FB00100240D00E00201E
:1065A00040420F00D80E0020DC0E00200400002026
:1065B00000ED00E038B50446FFF79CFF0546FFF705
:1065C00099FF431BA342FAD338BD10B5044604B962
:1065D00010BD4FF47A70FFF7EDFF013CF7E70000C4
:1065E0002DE9F04700233A4A86B01D46117840FA5B
:1065F00001F1C90713D501AE0021CCB2A5425478F0
:1066000007D805F118016944013501F8144CEDB2C1
:1066100005E016F8017BBC4201F10101EDD1013327
:10662000082B02F10202E1D1002D4ED0294E4FF489
:1066300000472C46B846C820A6F82880FFF7C5FFBB
:10664000013CB761C820FFF7C0FF14F0FF04F2D18E
:10665000C820FFF7BAFF0DF104090134E4B219F8BC
:10666000017BA0464FF4005A08F1FF385FFA88F822
:10667000B8F1FF0F0FD1C820FFF7A7FF4FF48048F4
:10668000AFB9C820FFF7A1FFA542E6D140F2EE2046
:10669000FFF79BFFCBE7A6F828A0C820FFF795FFE0
:1066A000C6F818A04FF4AF70FFF78FFFDCE7C820E3
:1066B000A6F82880FFF789FF013FC6F818804FF43D
:1066C000FA70FFF782FFFFB2DAE706B0BDE8F087A5
:1066D00028590108000800480E4B70B500220C250F
:1066E00005FB02F1CC185E5C864203D00132102A11
:1066F000F6D170BD084A106818B1647840788442B9
:10670000F7D20B441360054A00231380044A136038
:10671000EFE700BF38590108E40E002022210020D5
:10672000EC0E002008B502F0A2FC054A002313700D
:10673000044A1360044A1380044A136008BD00BF72
:1067400066240020EC0E002022210020E40E002010
:1067500008B9FFF7E7BFFFF7BFBF000043000C4ACF
:10676000142B70B4A8BF142300211446022614254C
:10677000023199421670557002F10202F8DB0028CE
:1067800008BF0223FF22E2540F2070BCFFF7A4BF12
:1067900067240020254B1B68DB0470B502D50A2056
:1067A000FFF79AFF224D2B682BB3224EFFF7BCFE5A
:1067B000336883421FD82A681F4C52682388D25CF2
:1067C0001E4B1978C1B90121197062B102F04EFC5B
:1067D000238843B92B681B78053B012B03D8FFF7AF
:1067E00089FE174B18602A6823885268D35CFE2BF9
:1067F00009D10023238070BD00211970002AF2D036
:1068000002F035FCEFE7FF2B03D1BDE87040FFF746
:1068100089BFFFF789FE2A6823885268D15C0A2263
:1068200001FB020030600133E4E700BF3C0F0020B1
:10683000E40E0020EC0E002022210020662400201F
:10684000E80E002008B505F050FC034B1870FFF768
:106850006BFE024B186008BD7F240020000F002053
:10686000254B1B7810B5002B3ED0FFF75DFE234B68
:10687000234C1860234B1B68C01AB0F5FA6F34D252
:106880000021022005F0F7FB1F4B204A1B6812680D
:106890001F492048FCF73EF91E4805F01DFC022167
:1068A000084605F0E8FB1C4805F016FC0421002012
:1068B00005F0E1FB194B1A4A1B6812681949154883
:1068C000FCF728F9134805F007FC0621022005F023
:1068D000D2FB154B15491A680E48FCF71BF90D48F9
:1068E00005F0FAFB0123237010BD2378002BFBD0A9
:1068F00005F0AAFB0023F6E77F240020040F002008
:106900007D240020000F0020E0580108E458010811
:10691000CF56010882240020D9560108CC5801081E
:10692000D0580108EB560108D8580108FA5601085A
:1069300008B50021102005F09EFB084B08481B8875
:106940000A21B3FBF1F201FB12339BB20549FCF7BC
:10695000E1F8BDE80840024805F0BEBB8A220020ED
:106960008224002005570108002108B5084605F0DB
:1069700082FB064B064A1878064B002818BF1A46B9
:106980001046BDE8084005F0A7BB00BF81240020E9
:10699000135701080D57010808B50721002005F01D
:1069A0006AFB02F0ABFD10B902F0AEFD20B1034866
:1069B000BDE8084005F090BB0148F9E71957010808
:1069C0001357010808B51020072105F054FB064BAA
:1069D00006481B6813F0010F054B18BF1846BDE8A9
:1069E000084005F079BB00BF3C0F00202557010887
:1069F0001F57010838B52C4A2C4D12682B682C4CB7
:106A0000934243D10020FBF765FC48B1294B23603A
:106A10000021062005F02FFB206805F05DFB3FE01C
:106A20000120FBF757FC08B1234BF0E70420FBF7EC
:106A300051FC08B1214BEAE70320FBF74BFC00288F
:106A4000F8D10520FBF746FC08B11D4BDFE702F04B
:106A500055FD18B902F058FD0028F6D00220FBF7CA
:106A600039FC08B1174BD2E70620FBF733FC08B11D
:106A7000154BCCE70720FBF72DFC08B1134BC6E7FD
:106A80000820FBF727FC40B1114BC0E7052B04D1D0
:106A9000104B236000232B60BAE72368002BB7D18B
:106AA0002B6801332B6038BD64000020F00E0020FD
:106AB000080F00202B570108355701083F570108E0
:106AC00049570108535701085D57010867570108E6
:106AD000715701087B57010870B5FFF725FD214B61
:106AE000214E1B683278214D13F00103044631D04A
:106AF0005ABB08202A60FBF7EDFB18B10123337065
:106B00001B4B1C60072108464FF47A732C68B4FBBA
:106B1000F3F43C2605F0AFFAB4FBF6F51549164838
:106B20002A46FBF7F7FF144805F0D6FA07210C2098
:106B300005F0A1FA06FB154210490F48FBF7EAFFE2
:106B4000BDE870400C4805F0C7BA094B1B68C31A72
:106B50002B60D7E7002AD5D03370054B1B68C41AC9
:106B60002C60CFE73C0F002080240020F40E002092
:106B7000F80E002085570108822400208D57010857
:106B800008B5094B1B786BB9FFF7EEFEFFF732FF34
:106B9000FFF7CEFEFFF700FFFFF79EFFBDE80840BE
:106BA000FFF710BF08BD00BF7D24002070B53A4D2F
:106BB0002B78002B66D1394B1B78002B62D1384ED5
:106BC0000221012005F057FA0A243649B6F90220BD
:106BD000354892FBF4F2FBF79DFF334805F07CFA51
:106BE0000321012005F047FA3049B6F900202E486C
:106BF00092FBF4F2FBF78EFF2B482D4C05F06CFA5C
:106C00000421012005F037FA2A4B2B49B3F9002063
:106C10002548FBF77FFF244805F05EFA02210B2090
:106C200005F029FAB4F9022024491F48FBF772FF46
:106C30001D4805F051FA03210B2005F01CFAB4F9A8
:106C400000201A491848FBF765FF174805F044FA79
:106C500004210B2005F00FFAB4F90420164912485C
:106C6000FBF758FF104805F037FA05210B2005F017
:106C700002FAB4F9062012490B48FBF74BFF0A4809
:106C800005F02AFA0F4C2B7822789A4201D005F0B1
:106C9000DBF92B78237070BD812400207D24002037
:106CA000E420002093570108822400209D5701080A
:106CB000C4210020D8200020A7570108B15701089F
:106CC000BB5701087E24002038B5084B1B7863B100
:106CD000074D084C2B6822689B1AC72B05D9FFF774
:106CE0004FFFFFF763FF2B68236038BD7F24002030
:106CF000040F0020FC0E0020014B1878704700BFE5
:106D00006800002038B504464FF480500D46FBF76C
:106D100001F848B10D4BB3F90620E389591B8A42AB
:106D200002DD2B449A420DDB4FF48050FAF7F2FF5C
:106D300050B9064B228AB3F906309342B4BF002003
:106D4000012038BD0020FCE70120FAE7C421002023
:106D50002DE9F7431646994600228B4B048A458A53
:106D60008846104633F9021B8008A142C4BF60F078
:106D70007F00C0B20132A942B8BF40F04000042AEF
:106D8000F0D1824D824C2B78834253D12278F92A5C
:106D900001D8013222707F4F28703B789BB97E4B1F
:106DA0001B68DB0762D5B8F1000F46D17B4B1B781F
:106DB000D80708D5590704D4794A01231370794AB2
:106DC0001370FAF7FDF82378142B30D13B78DFF8F5
:106DD000CC91A3B12B785F2B06D199F8003013F03A
:106DE000040855D0FAF778F84EB12B787D2B06D1F0
:106DF00099F8003013F0040850D0FAF76DF899F8BC
:106E000000305B0713D42B78572B4DD14FF47A7099
:106E100004F070F80420FBF737FA10B10A200AF0EA
:106E200025FE0820FBF730FA08B95F4B188003B045
:106E3000BDE8F08300232370ADE75C4B1B680A2B91
:106E4000C1DC0220FBF746FA0028BCD1584B1B7866
:106E5000002BB8D1FDF7E8FEFDF7F4FEFAF7B0F825
:106E6000544A012313704F4A1370ACE74B4B1B7805
:106E70005A07A8D502F042FB0028A4D0B9F1000FB0
:106E800002D0FAF729F89EE7B8F1000F9BD1F8E796
:106E90000B20FFF75DFC84F80080A5E70B20FFF7CF
:106EA00057FC84F80080AAE70420FAF733FF2B7818
:106EB00008B15A2B11D0563B082B19D8DFE803F044
:106EC0001618181818141805120001200138C0B23D
:106ED00003B0BDE8F043FBF79BB903B0BDE8F04356
:106EE000FAF7D4B80320F1E70220EFE7FBF788F9BF
:106EF0003A782B784AB16F2B04D103B0BDE8F04348
:106F0000FAF75EB80EB17E2BF7D0972B06D14FF46F
:106F10007A7003B0BDE8F04303F088B9A72B05D120
:106F2000254A137843F00403137080E70022B73B2F
:106F30000192072B3FF67BAF01A252F823F000BF6E
:106F4000736F00082F6E00082F6E00082F6E000868
:106F5000616F00082F6E0008816F0008796F0008CC
:106F60000223ADF8063001A8F9F73AFD002323709B
:106F70005DE74FF6FE73F4E70223ADF80430F2E765
:106F80004FF6FE73F9E700BFC421002097240020CC
:106F900098240020680000203C0F00205624002088
:106FA00099240020F3250020D8200020B40D0020D3
:106FB000F62500209A2400205524002010B500F169
:106FC000500302788A4203D18478C278944204D371
:106FD00004309842F5D1002010BD0120FCE70000EC
:106FE00038B50A784B789A420C4601D3002038BD58
:106FF0000D4B043040F6330233F910004FF4617149
:10700000FBF7F1FA2278192540F2833183B212FBA3
:1070100005129A42EADA607810FB05109842B4BF74
:1070200000200120E3E700BFC4210020F8B50C4E8A
:1070300000233360851C00F15204012715F8010C70
:107040002946FFF7CDFF30B115F8023C326807FA48
:1070500003F3134333600435A542EFD1F8BD00BFFD
:107060003C0F002070B50C23084D4343EC186668B4
:1070700096420AD0E954064962600023A3600122C7
:107080000B78824023EA02030B7070BD0C0F0020C6
:107090009624002070B5141E05460E46CCBF022073
:1070A0000120FFF75BFB731E132B47D8DFE813F0BB
:1070B000140020002800360047004F009800DD0033
:1070C00027014B016D01460036003F004F0098003C
:1070D000DD006B00B200FA002878FA22002120447B
:1070E000FBF781FA28702846BDE8704000F054BADA
:1070F0006878642200212044FBF775FA6870F2E793
:10710000E878002120446422FBF76DFAB14BE87067
:1071100019682846BDE8704000F072BA68796422A8
:1071200000212044FBF75FFA0D2E687106D0287904
:10713000642200212044FBF756FA287170BDA8791B
:10714000FF2200212044FBF74EFAA871F6E7A24D7A
:107150002B681A78022A31D107EE904AB8EEE77A06
:10716000F2EE047A87EE270AD3ED0A7A9FED9B1A96
:10717000DFED9B0A30EE270AFBF73EFA2B6883ED22
:107180000A0A0F2EDAD0944D2B681A78022A1ED1E3
:1071900007EE904AB8EEE77AF2EE047A87EE270A15
:1071A000D3ED097A9FED8D1ADFED8D0A30EE270AB7
:1071B000FBF722FA2B6883ED090ABFE79878C8220B
:1071C00000212044FBF70FFA2B689870D9E7587814
:1071D000C82200212044FBF706FA2B685870ADE75F
:1071E0007D4D2B681A78022A2DD107EE904A9FED2B
:1071F0007B1ADFED7B0AF8EEE77A87EE810AD3EDA2
:107200000D7A30EE270AFBF7F7F92B6883ED0D0AAC
:10721000102E93D0704D2B681A78022A1CD107EEDD
:10722000904A9FED6E1ADFED6E0AF8EEE77A87EE70
:10723000810AD3ED0C7A30EE270AFBF7DDF92B68D3
:1072400083ED0C0A7AE7587BC82200212044FBF723
:10725000CAF92B685873DBE7187BC8220021204449
:10726000FBF7C1F92B68187368E75B4D2B681A7838
:10727000022A32D107EE904AB8EEE77ADFED597A6A
:107280009FED561ADFED560A87EE270AD3ED107AE6
:1072900030EE270AFBF7B0F92B6883ED100A112EA8
:1072A0003FF44CAF4C4D2B681A78022A1ED107EEE2
:1072B000904AB8EEE77ADFED4B7A9FED481ADFEDA2
:1072C000480A87EE270AD3ED0F7A30EE270AFBF73C
:1072D00093F92B6883ED0F0A30E7187EC82200214E
:1072E0002044FBF780F92B681876D8E7D87DC822B0
:1072F00000212044FBF777F92B68D8751EE7364D3F
:107300002B681A78022A15D107EE904AB8EEE77A70
:10731000F2EE047A87EE270AD3ED0B7A9FED2F1A4F
:10732000DFED2F0A30EE270AFBF766F92B6883EDB5
:107330000B0A03E7D878C82200212044FBF753F951
:107340002B68D870FAE6244D2B681A78022A13D1DC
:1073500007EE904A9FED211ADFED210AF8EEE77A59
:1073600087EE810AD3ED0E7A30EE270AFBF744F957
:107370002B6883ED0E0AE1E6987BC82200212044A9
:10738000FBF731F92B689873D8E6134D2B681A7800
:10739000022A15D107EE904AB8EEE77ADFED117AAE
:1073A0009FED0E1ADFED0E0A87EE270AD3ED117A54
:1073B00030EE270AFBF720F92B6883ED110ABDE6B2
:1073C000587EC82200212044FBF70DF92B6858761F
:1073D000B4E600BF440F0020400F00200000C84268
:1073E0000000000000007A440C2810B50C460CD1B7
:1073F000FAF784FBA04208D02046FAF753FC601C41
:10740000C0B2BDE81040FFF7A9B910BD2DE9F04F9B
:1074100085B088460290FFF787F8074602F06EF8BD
:10742000354D364E019007F5FA7300244FF0010AEE
:1074300003936B68002B3DD093F80090B9F1000FD7
:1074400038D0AA68BA1A002A07DB039AAA603278F1
:107450000AFA04F122EA01023270019A52B3287842
:107460005A780430C0B26ABB254A317832F910002C
:10747000B8F80E2002F1C80C60450DDD9A78214164
:10748000CB0717D402984946FFF704FE33780AFA6F
:1074900004F2134333700DE0C83A904202DA9A784E
:1074A0005242ECE70123A34021EA0303337007F5BE
:1074B000FA73AB600134042C05F10C05B9D105B0A9
:1074C000BDE8F08F012AE1D19A784FF49663B3FBBF
:1074D000F2FB0B4B40F6330233F910004FF46171AD
:1074E000FBF781F8A0F56171484691FBFBF1C9B249
:1074F000FFF77AFFCAE700BF0C0F00209624002098
:10750000C421002070B50B4E441C00F1490514F84D
:10751000010C2146FFF764FD40B1A278E1782079A3
:10752000013A02EB42023244FFF79CFD0634AC42C2
:10753000EDD170BD535A0108084B33F91000401AC1
:1075400000F2F31240F2E6339A4203D80028B8BFA3
:10755000404270474FF4FA70704700BFC4210020CA
:1075600008B5064B1960064B00211A60FFF726FD8F
:10757000044B80F00100187008BD00BF440F0020CC
:10758000400F0020680000200248302200210CF04B
:1075900011BE00BF0C0F00200C4970B500226FF027
:1075A000180640F6C414437812FB02656B4303F6D9
:1075B000C413057853430132072A05FB03F393FBF9
:1075C000F4F321F8023BEED170BD00BF5221002040
:1075D0000A4970B500226FF018061924037A12FBCD
:1075E00002656B4303F6C41353430132072A93FB2E
:1075F000F4F321F8023BF1D170BD00BF442100201B
:107600002DE9F0411D4C00220A264FF47A75877847
:10761000A2EB070E0FFA8EFEBEF1000FBC462ADD6C
:10762000C7F16407FFB290F803800EFB0EF308FB6E
:1076300003F3C8F1640817FB07F70CEB8C0C93FB02
:10764000F7F343440EFB03F393FBF6F303EB4C0316
:107650001BB22380B1F800C04F880A32A7EB0C0799
:1076600092B27B43782A93FBF5F39C4424F802CB37
:10767000CDD1BDE8F08108BF0127D4E72C2100203F
:10768000F0B50F4B0F4C1B68217800251E1DCAB2A8
:10769000032A03D905B1227000200DE036F831C06D
:1076A00010EA0C0F01F101074FF0010505D003EBC3
:1076B000C1002A4402302270F0BD3946E7E700BF1E
:1076C000780F00209B240020024B00221A70FFF745
:1076D000D7BF00BF9B240020F0B5014600F1200475
:1076E0000022FF258E88730803F07733B70807F070
:1076F0003337F31ADB1BF70807F01137DB1B03EBFB
:10770000231303F00F33B3FBF5F7C7EB072706F09E
:107710000100DB1B0244012BD2B205DD022B0CD190
:1077200050B116F0BC0007D008318C42DAD1013AD2
:10773000012A8CBF00200120F0BD0020FCE70000E2
:10774000084B10B51B680022991C11F93240844285
:1077500004D00132042AF8D1002010BD03EBC2008E
:107760000230FAE7780F002008B5FFF7E9FF18B1FB
:107770004088003818BF012008BD00002DE9F34102
:10778000DFF864C09DF824700E4611461A469DF835
:10779000203004464FF00C08002008FB00FE0EEBE2
:1077A0000C051CF90EE0A64504D001300428F4D1E4
:1077B000002005E028890028FAD124B1012C0CD042
:1077C00002B0BDE8F0810648009709F015FB0028DB
:1077D000F6D004712E816860F2E702480097F4E762
:1077E0000038014000440040480F002008B5074B16
:1077F0001860074B074804221A70002130220CF051
:10780000D9FC044A0123137308BD00BF780F002080
:107810009C240020480F0020014B1878704700BFBF
:107820009C24002010B5074900230C2202FB03F41E
:107830000C57844204D00133042BF7D1002010BD33
:107840000120FCE7480F002000F094BF10B504466B
:107850002046FEF72CFE00B110BD0A20FEF7B5FE53
:10786000F6E70000034B1B681B788B4201D109F03F
:1078700013BD7047780F0020034B1B68DA79511C49
:10788000D9711344187A70477C0F002010B5FFF7A8
:10789000F3FF0446FFF7F0FF04EB002080B210BDB9
:1078A00010B5FFF7F3FF0446FFF7F0FF04EB0040CD
:1078B00010BD0000064B10B5014604461868FEF7DF
:1078C000EDFD044B1B689A7954409C7110BD00BFBC
:1078D000181000207C0F002038B5054624200C46E7
:1078E000FFF7E8FF4D20FFF7E5FF002D094D0CBF26
:1078F0003E202120FFF7DEFF2B68002220469A71F0
:10790000FFF7D8FF2B6893F84900BDE83840FFF730
:10791000D1BF00BF7C0F002001460020FFF7DCBF75
:1079200010B50446C0B2FFF7C5FF200ABDE81040FD
:10793000FFF7C0BF10B5044680B2FFF7F1FF200C7F
:10794000BDE81040FFF7ECBF00210120FFF7C4BFE6
:107950002DE9F04F2DED028B7C28A1B000F285803F
:10796000002800F0B98001387B2800F28B80DFE826
:1079700010F0A600C5008900FE001101B800D20079
:10798000DF00E400F1008900890089008900890096
:10799000890089008900890089008900890089009F
:1079A000890089008900890089008900890089008F
:1079B0008900890087038900C4048900CA048900FA
:1079C000F0048900F5048900FC048900890089001D
:1079D000890089004B058900CF038900850589004E
:1079E000D90489005A0280038900A0028900890015
:1079F00053058900610589008900DF05B205C505C9
:107A00008900AB0289001C0589002C0589008900CA
:107A1000890089008900890089008900890089001E
:107A2000890089008900890089008900890089000E
:107A3000890089008900890089003001C501890019
:107A4000F801310289008900440251025F02B1024B
:107A5000DC02890051048E04F403740389003204AB
:107A6000890089008900FE050306F02800F02684BD
:107A70000AD8DD2800F06C85DE2800F06F85A0288C
:107A800000F02984002027E0FE284FF0000500F0D8
:107A90000984FF28F6D1BA4BBA4C18882580FAF72A
:107AA000B0FE082800F21481DFE810F01001170181
:107AB00019011B011D0120012201240126010320BF
:107AC000FFF72AFF0120FFF7F5FEFF20FFF7F2FE88
:107AD000FF20FFF7EFFE012021B0BDEC028BBDE8D7
:107AE000F08F0620FFF718FFA74B1D680024285DC4
:107AF0000134FFF7DFFE062CF9D1ECE70820FFF791
:107B00000BFFA24D002415F8010B0134FFF7D2FE44
:107B1000082CF8D1DFE70520FFF7FEFE9C4B1D681F
:107B20000024285D0134FFF7C5FE052CF9D1D2E70A
:107B30000120FFF7F1FE4320CBE70820FFF7ECFE22
:107B4000944B1D680024285D0134FFF7B3FE082C18
:107B5000F9D1C0E70B20FFF7DFFE8F4B1D68002433
:107B6000285D0134FFF7A6FE0B2CF9D1B3E71020F6
:107B7000FFF7D2FE0C20FFF7D3FE884D002415F846
:107B8000010B0134FFF796FE0C2CF8D10020FFF713
:107B9000C7FEA0E71A20FFF7BFFE7F4B1D68002439
:107BA000285D0134FFF786FE0B2CF9D17C4B1D6854
:107BB0000024285D0134FFF77DFE082CF9D1794BB4
:107BC0001D680024285D0134FFF774FE072CF9D1ED
:107BD00081E70B20FFF7A0FE694B1888FFF7A0FE96
:107BE00008F09AF8FFF79CFE0220FAF74DFB0546D5
:107BF0000420FAF749FB06460820FAF745FB840003
:107C00002020FAF741FB44EA46042C4324B244EA1C
:107C1000C0041020FAF738FB24B244EA001080B206
:107C2000FFF77EFE604B614C1A88614B1868614B10
:107C30001B78510001F00201C3F380030B43C2F330
:107C4000400143EA810302F008010B43C2F38001C3
:107C500043EA0113C2F3801143EA411300F4E071D7
:107C60001943C2F3001341EA4321C2F3401341EA2E
:107C70008321C2F3002341EAC32100F47F230B4395
:107C800000F480110B43C2F3402100F0007043EA7E
:107C900041530343C2F3802243EA8263464A0020F1
:107CA000167801250246964205D8FFF743FE434B5E
:107CB00093F824050DE714F8011B05FA01F11942A8
:107CC0001CBF05FA02F108430132ECE701232380CF
:107CD0000220FFF721FE208859E70223F7E740231F
:107CE000F5E78023F3E74FF48073F0E72023EEE716
:107CF0001023ECE70823EAE70423E8E71220FFF764
:107D00000BFE2F4B2F4D1B88B5F90000B3F5806F8C
:107D100094BF0124082490FBF4F080B2FFF700FE2A
:107D2000B5F9020090FBF4F080B2FFF7F9FDB5F968
:107D3000040090FBF4F0244C80B2FFF7F1FD2088A2
:107D4000FFF7EEFD6088FFF7EBFDA0881F4CFFF703
:107D5000E7FD2088FFF7E4FD6088FFF7E1FDA088DC
:107D600015E71020FFF7D8FD194D102415F8010B69
:107D7000013CFFF79FFD14F0FF04F7D1ABE600BF15
:107D8000AC20002060210020CC580108C557010814
:107D9000D0580108C8580108D8580108CE57010822
:107DA000D4580108DC580108AE200020A12400208E
:107DB0003C0F002056240020A02400203405002081
:107DC00072000020EC200020BE230020B2230020FF
:107DD0000A210020BC4DBD4E2878400000F0FE0076
:107DE000FFF79AFD00242B78A3427FF674AE36F895
:107DF000020BFFF795FD0134F5E7B54C0620FFF7C0
:107E00008BFD2088FFF78CFD6088FFF789FDB14B63
:107E10001888BCE60620FFF77FFDFBF73DFAFFF769
:107E200089FDAD4BF4E70420FFF776FD002060E20A
:107E30000A20FFF771FDA94B4FF6FF721888002149
:107E4000FAF7D1FB80B2FFF76BFDA54B4FF6FF723F
:107E500018880021FAF7C7FB80B2FFF761FDA14B3C
:107E60004FF6FF7218880021FAF7BDFB80B2FFF7CA
:107E700057FD9D4B4FF6FF7218880021FAF7B3FBB0
:107E800080B2FFF74DFD994BD3ED007AFDEEE77A16
:107E9000652217EE900A0021FAF7A5FBC0B2FFF7A2
:107EA00009FD934B042218780021FAF79CFBC0B21D
:107EB0000FE6904C0220FFF72FFD94F88801FFF7A2
:107EC000F9FC94F8870104E60220FFF725FD894BB1
:107ED00098895CE6884C0B20FFF71EFD2368187814
:107EE000FFF7E8FC23685878FFF7E4FC236818796B
:107EF000FFF7E0FC23685879FFF7DCFC23689879EA
:107F0000FFF7D8FC2368D879FFF7D4FC236898786A
:107F1000FFF7D0FC2368D878FFF7CCFC236858899A
:107F2000FFF7FEFC2368187AD3E5744D2120FFF794
:107F3000F3FC2B681B78022B4FF000047AD1DFEDA5
:107F4000708A2B6803EB840393ED090AB2EE048A6E
:107F500020EE080A0AF050FEFF220021FAF743FB48
:107F6000C0B2FFF7A7FC2B6803EB840393ED0C0A68
:107F700020EE280A0AF040FEFF220021FAF733FB28
:107F8000C0B2FFF797FC2B68DFED5E7A03EB84034A
:107F900093ED0F0A20EE270A0AF02EFEFF220021A1
:107FA000FAF721FB0134C0B2FFF784FC032CC8D1DF
:107FB000072C2B682CD193ED120A20EE080A0AF048
:107FC0001BFEFF220021FAF70EFBC0B2FFF772FC86
:107FD0002B6893ED130A20EE080A0AF00DFEFF222B
:107FE0000021FAF700FBC0B2FFF764FC2B6893F89E
:107FF000503000EE103AB8EE400A0AF0FDFDFF22C4
:108000000021FAF7F0FAC0B2FFF754FC0824CFE7DA
:1080100023445878FFF74EFC2B682344187BFFF766
:1080200049FC2B6823440134D87DFFF743FC0B2C1B
:10803000BED150E52B6823445878FFF73BFC2B68F2
:108040002344187BFFF736FC2B6823440134D87D8A
:10805000FFF730FC0B2CEDD13DE52F20FFF75CFC4A
:10806000294C14F8010B00283FF435ADFFF722FC32
:10807000F7E70120FFF750FC204B1B68187828E534
:108080005020FFF749FCDFF87480204E00250C27B4
:10809000D8F8004004EB8504013594F87D3007FBE7
:1080A0000363187AFFF706FC94F87E00FFF702FCE2
:1080B00094F87F00FFF7FEFB94F88000FFF7FAFBCF
:1080C000142DE5D107E500BF41250020C421002083
:1080D000DE200020D8200020500B00207E2200202F
:1080E00086220020822200208022002054110020BD
:1080F000E12500203405002028050020300500205F
:108100000000C84200007A44B45A0108E45A010849
:108110004820FFF701FCCF4F002506263C6806FBF0
:108120000544013594F8D200FFF7C4FB94F8CD0064
:10813000FFF7C0FB94F8CE00FFF7BCFB94F8CF002C
:10814000FFF7B8FB94F8D000FFF7B4FB94F8D10028
:10815000FFF7B0FB0C2DE1D1BDE4DFF8048302276B
:1081600000264FF00109DFF8F4A2BB4B1878BB4B97
:10817000AAEB0301884209DC012F3FF4ACACF0B25A
:10818000FFF7CAFB01274FF00009ECE71AF8015B83
:1081900000200C2303FB00F404EB080B18F8044048
:1081A000AC4203D001301C28F3D1DEE7DBF8040039
:1081B000F8F7A6F80546B9F1000F0AD00644D4E74F
:1081C000DBF80400005DFFF775FB0134A542F7DC26
:1081D000CBE74C46FAE7A04DA04E2878A04FFFF71A
:1081E0009BFB00244FF00C082B78A3427FF673AC66
:1081F00016F8010B002308FB03F2D119BA5C824286
:1082000004D001331C2BF6D10134EDE7087AFFF7D7
:1082100051FBF9E7934C1620FFF77EFBB4F83E01C3
:10822000FFF77EFBB4F8D000FFF77AFBB4F8D2007A
:10823000FFF776FBB4F8D400FFF772FBB4F88001C7
:10824000FFF76EFB0020FFF735FB0020FFF732FB46
:108250000020FFF72FFB94F83A01FFF72BFB0020DB
:10826000FFF728FB7B4B1B68B3F95A000A2390FBEE
:10827000F3F080B2FFF754FB94F82901FFF71AFBE3
:1082800094F82801FFF716FB94F82A0121E408204E
:10829000FFF742FB0124E0B20134FFF70BFB092C8E
:1082A000F9D118E40820FFF737FB6F4E36F8020BC0
:1082B0000135FFF735FB042DF8D10CE4654C0420A3
:1082C000FFF72AFB2368B3F85E00FFF729FB23685A
:1082D000B3F85C005BE4654C0C20FFF71DFBD4F8A1
:1082E000AC07FFF727FBD4F8B007FFF723FBD4F860
:1082F000B407FFF71FFBFFF7EEBB0420FFF70CFBF3
:10830000F9F79EFFF5E70620FFF706FB554CB4F89A
:10831000E800FFF705FBB4F8EA00FFF701FBB4F84B
:10832000EC0034E40520FFF7F7FA514B4D4C188868
:108330006423B0FBF3F0C0B2FFF7BCFA94F8290154
:10834000FFF7B8FA94F82A01FFF7B4FAB4F82E014F
:108350001DE40720FFF7E0FAFFF7BDBB0120FFF7A0
:10836000DBFA404B5879FFF7B4BB3E4C0C20FFF7CB
:10837000D3FA94F83801FFF79DFAB4F84201FFF7F9
:10838000CFFAB4F83E01FFF7CBFAB4F84001FFF79B
:10839000C7FA94F83901FFF78DFAB4F84401FFF7F2
:1083A000BFFAB4F84601FFF7F2BB2E4C0420FFF7EA
:1083B000B3FA94F87E01FFF77DFA94F87F01FFF796
:1083C00079FAB4F88001FFF7E2BB2A4E254C3078E9
:1083D00000EB4000C0B2FFF79FFA00253378AB42B4
:1083E00004F102047FF677AB94F84601FFF762FAD6
:1083F00094F8470100EB800000EB800000F2EE20D3
:10840000FFF78EFA0135E9E70120FFF785FA154BF2
:1084100093F83A01FFF75DBB0820FFF77DFA164D90
:10842000002415F8010F0134FFF744FA082CF8D1A5
:10843000FFF751BB0B4C1020FFF76EFA6079FFF786
:1084400039FAF9F7FDFEFFF775FA94F83801FFF7EE
:1084500031FA5CE730050020A0240020A124002090
:10846000E45A0108340500203C24002000F0FF1FDE
:10847000942200204125002063060020FFF7CCF95C
:10848000C0EBC000C0B2FFF747FA404C002594F99A
:108490009201FFF7C7F9B8B194F89201FFF70AFA11
:1084A000B4F89401FFF73CFA94F89601FFF702FA4A
:1084B00094F89701FFF7FEF994F89901FFF7FAF99C
:1084C00094F89801FFF7F6F90135042D04F108043A
:1084D000DDD1FFF700BB0D20FFF71EFA00F0E7FD2E
:1084E000044600F0DDFDFFF7E5F92088FFF722FAEA
:1084F000E068FFF71FFA00F0DDFDFAE6FFF7D0F9BC
:1085000004468420FFF708FA2046FFF713FA2046B6
:108510008022694600F0AAFE6C4606460025AE425F
:108520007FF7D9AA14F8010BFFF7C4F90135F6E774
:108530001320FFF7F1F9164B1D680024285D013464
:10854000FFF7B8F90B2CF9D10020FFF7F3F96DE430
:10855000FFF79CF90F4B1880FFF7BDBAFFF7A0F9A2
:108560000D4C2060FFF79CF96060FFF7B4BA022061
:10857000FFF7D2F9094B4BE40320FFF7CDF9084B85
:108580001878FFF7CDF9074B78E500BF34050020D8
:10859000D85801080C240020681A00202800002068
:1085A000F7250020A20000202DE9F3470120FFF766
:1085B0008BF81B4EDFF86C80002460B14C2308E080
:1085C00003FB04F906EB090797F84A5035B101346B
:1085D000E4B2022CF4D102B0BDE8F087037990F93F
:1085E000000001950322009258F823302A46012109
:1085F000FFF7C4F8824678B1634203F04C030433BA
:10860000F018482229460BF0D5FD01231C4446F8FA
:1086100009A087F84A30E4B20120FFF731F8CCE72F
:10862000800F0020905A0108F8B51A220646FF2153
:108630004648474C0BF0BEFD444A01270023022068
:108640002770551E02F8013CF9F71EFE38B1237859
:108650009A1CEF543B44DBB222700222EA540420FD
:10866000F9F712FE20B123785A1C22700322EA5433
:108670000220F9F709FE002861D023780422EA5489
:108680005A1CD2B20521A954DA1C0233DBB2227083
:108690000622EA542020F9F73DFB20B123785A1C2A
:1086A00022700722EA542B4F7B79082B01D00E2B26
:1086B00004D123785A1C22700B22EA5423785A1CC6
:1086C000227004200C22EA54F9F724FB20B123780D
:1086D0005A1C22701022EA5423785A1C22704FF43C
:1086E00080601222EA54F9F715FB38B197F8B431DB
:1086F00023B123785A1C22701322EA544FF40070DD
:10870000F9F708FB20B123785A1C22701522EA548D
:108710004FF48070F9F7FEFA20B123785A1C2270CA
:108720001A22EA540C4C9822002120460BF042FDFC
:108730003046FFF739FF094B22681A60F8BD082060
:10874000F9F7A2FD002898D1A4E700BFA2240020D9
:10875000A024002034050020800F002018100020E5
:10876000024B02681860024B1A6070477C0F0020B1
:10877000181000202DE9F04FCA4DDFF834838BB07C
:10878000002795F84A30012B40F069822846FFF710
:10879000E7FFC54CC54E2068FDF783FE002800F0BA
:1087A00052822068FDF780FE336893F84820014626
:1087B000052A13D8DFE802F0050B2A2F3A411327C8
:1087C000DFE724294BD1012283F8482006E0A1F1FC
:1087D0004D0041424141490083F84810336893F805
:1087E0004820062AD7D193F84900FFF7B1F80028AE
:1087F00040F02182D6F8009099F849304E2B00F2D3
:108800009580222B33D8FFF79FF814E23C2914BF40
:1088100000220322D8E740294FF000029FBF1A71BF
:10882000DA715971997198BF0422CDE79A7983F86A
:1088300049104A409A710522C6E71A7993F805C093
:108840009879944506D948409871501C1A4418717B
:108850001172C3E781420CBF06220022B4E798F8E8
:1088600000305A07BAD42068FEF7FCFFB6E7233B76
:108870002B2BC8D801A252F823F000BF018C0008AE
:1088800007880008898E000807880008978E00086E
:1088900007880008D98E00080788000807880008A4
:1088A00007880008E58E0008078800080788000888
:1088B000078800080788000807880008978F0008C5
:1088C00007880008A38C000807880008D98F0008D3
:1088D00007880008B38E000807880008078800088A
:1088E000CF8A0008078800088F8A000807880008D8
:1088F00007880008A38F000807880008B98F0008C0
:1089000045900008078800080788000807880008C5
:10891000838E000807880008C58A000807880008B9
:108920002B8F000807880008478F0008F22B5FD8BC
:10893000C72B7FF668AFC83B2A2B3FF664AF01A276
:1089400052F823F0478A000807880008E78A0008E1
:1089500007880008EF8C0008598E00086D8E00080B
:108960007B8D0008498E000807880008198A0008D6
:108970003D8A0008318C000807880008DD8D00085A
:108980000788000807880008F38D00080D8E00088E
:10899000078800080788000807880008078800087B
:1089A000078800080788000807880008078800086B
:1089B000078800080788000807880008078800085B
:1089C000078800080788000807880008078800084B
:1089D000078800080788000807880008078800083B
:1089E000778A00080788000807880008318C00088B
:1089F000FA2B7FF408AF2E4B1B785B073FF503AFD4
:108A0000F9F702F9F9F7B0FB2A4B1B78002B00F0BD
:108A10000F81F9F75DFD0BE1254B1B785B0700F13A
:108A20000781FEF729FF244B032828BF002083F885
:108A30002405F9F7E9F8F9F797FBF9E0FEF726FFC7
:108A40001E4B1880F4E099F80540252C00F2EE80CA
:108A500064080DF1040A4FF00009A14504D3214632
:108A600001A800F0AFFFE3E0FEF710FF09F10109F4
:108A70002AF8020BF1E7124CFEF708FF2368A3F86F
:108A80005E00FEF703FF2368A3F85C00D0E0FEF76A
:108A9000F3FE094C84F88801FEF7EEFE84F88701A6
:108AA000C6E000BF800F0020181000207C0F0020BF
:108AB000562400209E24002034050020AA200020F7
:108AC00030050020FEF7E2FED24B9881B0E0D24C98
:108AD000D4F80090FEF7D0FE89F8000023681878DB
:108AE000FCF7C0F8A4E0DFF83093D9F800301B7829
:108AF000022B4FF000046AD1DFEDC85A9FEDC86A1F
:108B0000F2EE047AFEF7B8FE07EE100AB8EE477AE6
:108B1000D9F80030C7EE276A03EB8403C3ED096A76
:108B2000FEF7AAFE07EE100AB8EE477AD9F8003031
:108B3000C7EE256A03EB8403C3ED0C6AFEF79CFEC7
:108B400007EE100AB8EE477AD9F80030C7EE066A89
:108B500003EB84030134032CC3ED0F6AD2D1072C3D
:108B60001CD1FEF789FE07EE100AB8EE477AD9F855
:108B70000030C7EE276AC3ED126AFEF77DFE07EEEE
:108B8000100AB8EE477AD9F80040C7EE276AC4ED5C
:108B9000136AFEF771FE84F850000824D9F800A08B
:108BA000FEF76AFEA2448AF80100D9F800A0FEF799
:108BB00063FEA2448AF80C00D9F800A0FEF75CFE20
:108BC000A24401340B2C8AF81700C8D130E0D9F840
:108BD00000A0FEF751FEA2448AF80100D9F800A0D7
:108BE000FEF74AFEA2448AF80C00D9F800A0FEF76E
:108BF00043FEA24401340B2C8AF81700E7D117E09A
:108C0000FEF73AFE1328824610D8834CD4F8009021
:108C1000FEF732FE834A0023114692F808C08445CD
:108C200025D001331C2B02F10C02F6D1FEF78CFE8D
:108C30000020FEF771FE33689879FEF73BFE33683B
:108C4000002283F84820784B1B7843B12868FEF750
:108C5000FDFDFDF7D7FAF9F739F808F015FB132FEA
:108C600005F14C057FF4ABAD0BB0BDE8F08F0C22E5
:108C7000534309EB8A09CB5C89F87D30FEF7FCFD94
:108C800089F87E00FEF7F8FD89F87F00FEF7F4FD15
:108C9000226889F88000654902F17D00FEF760FCDA
:108CA000C6E7FEF7E9FD0B280446BFD85A4BD3F8B8
:108CB0000090FEF7E1FD0328B8D8062303FB0494D7
:108CC00084F8D200FEF7D8FD84F8CD00FEF7D4FD7D
:108CD00084F8CE00FEF7D0FD84F8CF00FEF7CCFD7F
:108CE00084F8D000FEF7C8FD84F8D100A0E799F819
:108CF0000530092B9AD94E4CD4F800A0FEF7BCFDE4
:108D00008AF80000D4F800A0FEF7B6FD8AF801004A
:108D1000FEF7B2FD23686428A8BF64201871FEF72F
:108D2000ABFD23686428A8BF64205871FEF7A4FD3A
:108D300023689871FEF7A0FDD4F800A0642828BF2E
:108D400064208AF80700FEF797FD8AF80200D4F83D
:108D500000A0FEF791FD8AF80300D4F800A0FEF70A
:108D600095FDAAF80A0099F805300A2B7FF660AF46
:108D70002468FEF781FD20725AE7FEF787FD6FF445
:108D8000AF6403199BB2234CC62B98BFA4F83E01D5
:108D9000FEF77CFDA4F8D000FEF778FDA4F8D20021
:108DA000FEF774FDA4F8D400FEF770FDA4F880016E
:108DB000FEF762FDFEF760FDFEF75EFDFEF75CFD6F
:108DC00084F83A01FEF758FDFEF760FD124B00EB08
:108DD00080001B684000A3F85A0029E7DFF8649080
:108DE0000024FEF753FD0134082C29F8020BF8D1BA
:108DF0001EE7104B1B78002B7FF41AAFFEF746FDE1
:108E00000D4B18700D4B01221A7011E7FEF73EFD55
:108E10000B4B16E634050020300500200000C84248
:108E200000007A44E45A01089F2400200406002030
:108E300028050020F6250020F7250020A2000020AC
:108E400028000020F2200020814B1B7858073FF5B6
:108E5000EFAEF8F771FFEEE57D4B1B7859073FF554
:108E6000E7AE4FF47A7001F0E1F9E1E6784B1B7858
:108E70005A073FF5DDAE774A137843F004031370C9
:108E8000D6E600F001F9D3E6F9F7D4F9FEF708FDCC
:108E9000F8F74AFFCCE6FEF7F9FC6F4CA4F8E800BF
:108EA000FEF7F4FCA4F8EA00FEF7F0FCA4F8EC00EE
:108EB000BEE6FEF7E1FC684C84F82801FEF7DCFC16
:108EC00084F82A01FEF7D8FC84F82901FEF7DEFCBD
:108ED000624BA4F82E0196E7FEF7CEFC5E4B83F8BA
:108EE0002B01A5E6FEF7C8FC5B4C84F83801FEF7C1
:108EF000CDFCA4F84201FEF7C9FCA4F83E01FEF740
:108F0000C5FCA4F84001FEF7B7FC84F8390199F8D4
:108F10000530082B7FF68CAEFEF7B8FCA4F84401B0
:108F2000FEF7B4FCA4F8460182E6FEF7A5FC4A4C25
:108F300084F87E01FEF7A0FC84F87F01FEF7A6FC12
:108F4000A4F8800174E699F80540382C3FF66EAE1F
:108F5000DFF804914FF0000A4FF0190B0323B4FB24
:108F6000F3F4A24509F10209BFF462AEFEF784FCF6
:108F700089F84601FEF78AFC40F6CA0240F2EE216B
:108F8000F9F731FB0AF1010AA0F2EE2090FBFBF0A9
:108F900089F84701E5E7FEF76FFC2F4B83F83A01AC
:108FA00046E6DFF8C4900024FEF766FC0134082C86
:108FB00009F8010FF8D13BE6FEF75EFCF9F73AF944
:108FC000FEF76EFCF8F7B0FEFEF756FC224C84F874
:108FD0003801FEF75BFC61E799F805300722B3FB27
:108FE000F2F2C2EBC2015B1ADBB2002B7FF41EAEC1
:108FF0005FFA82F909F1FF325FFA82F9B9F1FF0FE6
:109000003FF416AEFEF738FC44B22046FEF798FB5C
:10901000824600283FF40AAE0470FEF737FCAAF837
:109020000200FEF729FC8AF80400FEF725FC8AF806
:109030000500FEF721FC8AF80700FEF71DFC8AF800
:109040000600D7E7064B4FF480421A85054BDAE657
:109050005624002055240020340500209E240020A2
:10906000000800489F2400206306002070477047D6
:1090700070470000024A00231370024A13707047C1
:10908000BD240020BC24002008B507F0E3FAFFF758
:10909000F1FF024B00221A6008BD00BF1C10002027
:1090A00007F032BA08B507F04FFBC06808BD07F0FB
:1090B0004BBB0000074B1878074B1B78984296BFB4
:1090C000181AC0F1800000231844044B1B68184490
:1090D000704700BFBC240020BD2400201C100020CD
:1090E0007FB5FFF7DFFF0026C40AA64202DBE002DD
:1090F00004B070BD351905EBD5756D1010226946A9
:10910000E80207F0F1FA0F28F1DD6A46002352F871
:10911000041B013104D10133042BF8D12C46E4E7C0
:109120006E1C2546FAE7000008B5FFF7BBFF034BAE
:109130001B68834234BF0020012008BD1C100020A2
:109140002DE9F04F85B01C4601EB8203009301909E
:1091500089460B464FF0000A53F8042B9244009ABC
:109160009342F9D1002C52D107F0CEF900284ED10C
:10917000204605B0BDE8F08FDBF8000007F07CFA70
:10918000019EC8462B46424658F8041B002938D099
:109190009942306828D319460392029307F094FA53
:1091A0003168029B039A194431601168C91A116031
:1091B00007F092FADBF800302B447F1BCBF800302D
:1091C0007CB177B19BF80050EB19B3F5807F8CBF71
:1091D000C5F580753D46FFF7A7FF0028CCD0FFF707
:1091E00049FFAAEB0700C4E7029307F06DFA58F8AD
:1091F000041C3268029B0A44326000225B1A48F861
:10920000042C009A904506F10406BCD1D0E7DFF8A3
:1092100008B05746D5E700BF1C1000201FB5104B03
:10922000104A1B781278934216D00F4903EB0100C5
:1092300096BFD31AC3F180030022CDE90001CDE926
:10924000023202A9012302226846FFF779FF05B026
:109250005DF804EBFFF70EBF05B05DF804FB00BF3F
:10926000BC240020BD240020BE240020F8B58718AF
:1092700005460E461446FFF715FF874202D9FFF751
:1092800011FF441BFFF7CAFF224631462846BDE8BE
:10929000F84007F029BA000010B5FFF703FF30B11E
:1092A000FFF71EFF0446FFF7B9FF014B1C6010BD1E
:1092B0001C1000200020704710B5124C226802EBF1
:1092C0004003197E29B1022911D00F4B33F8100049
:1092D0000CE0022809D90328F7D14FF48050F8F7A1
:1092E00019FD60B12368D88900E0D08910BD587E8F
:1092F00000EB800000EB800000F2EE20F6E74FF478
:109300009660F3E720100020C4210020014B186074
:10931000704700BF20100020031D4FF47A711430F5
:109320004FF4FA6223F8041C23F8022C043383421E
:10933000F8D1704708B5037A062B0ED8DFE803F0A2
:10934000041418212A3333001B4B45F2F0521A80C3
:109350001A491B4A00F0E2FD28B90820F8F7ACFED4
:10936000174B184A1A6008BD134B42F6F822EEE775
:10937000114B124942F6F8221A80114A00F08EFB76
:10938000EAE70D4B0D4942F6F8221A800C4A00F02C
:10939000B1FCE1E7084B094942F6F8221A80084A75
:1093A00000F030FDD8E7044B044942F6F8221A8059
:1093B000034A00F07FFECFE7C221002041250020B4
:1093C0006C000020B59200082DE9F843394BDFF816
:1093D000F8801860384BDFF8F490002204460F46FE
:1093E0001A70F8264546022E97BF238AE389643314
:1093F0009BB228F8023BFDF797F80136F6B200F56C
:1094000016700A2E49F8040BEDD14FF48050F8F78E
:1094100081FC00283DD0E389EB80394607F15000FC
:109420000B7883B98A78CB789A420CD29AB3013AF6
:1094300002EB820202EB820202F5617293B24A7879
:10944000043225F8123004318142E9D10820F8F7BE
:1094500061FC10B12046FFF76DFF4FF48040F8F734
:1094600059FC20B1154A1649204600F0CFFA0120D8
:10947000F8F750FCB8B1134B1049114844F620627C
:109480001A8000F07FFA0E4A1378043B5370BDE84F
:10949000F883A38AC0E7013303EB830303EB830361
:1094A00003F56173CBE74FF40050F8F733FC002865
:1094B000E1D1E8E720100020402500206C000020CA
:1094C00041250020C2210020C421002024100020BA
:1094D000037A062B0FD8DFE803F0040406080A0C11
:1094E0000C0000F05BBD00F009BB00F023BC00F0F5
:1094F000A9BC00F091BE002070470000014B187815
:10950000704700BF46250020014B1878704700BF08
:109510004525002008B5FCF7EDFF074B00F5B71017
:1095200000F558701860054B054802221A70BDE816
:109530000840FAF76BB800BF6C10002043250020EC
:1095400060E3160008B5FCF7D5FF044B1860044B28
:1095500002221A70BDE80840FAF764B86C100020C7
:109560004325002038B5374D2B78044643B1364BA0
:109570001B68C31A002BA1BF344A00232B70137041
:1095800042F20100F8F7C6FB08B9314B1870082009
:10959000F8F7C0FB98B12F4B1868FFF799FFC30786
:1095A0000DD52B4B01221A702B4BC0F340001870C5
:1095B000504004F5C333244A2870A03313604FF49D
:1095C0008040F8F7A7FB90B100F018FA204B187014
:1095D00050B101232B70204B00221A701A4A04F557
:1095E000F42303F5907313601C4B2A781A70012042
:1095F000F8F790FB90B107F0D9FA144D58B1012358
:109600002B70174B00221A700F4A04F5C333A03396
:10961000136007F0D7FA114B2A781A704FF40050F4
:10962000F8F778FB68B107F0DDFA50B1074B01227B
:109630001A700B4B00221A7004F5C334024BA0348D
:109640001C6038BD462500207010002045250020F4
:109650004725002020100020710000205424002005
:1096600070000020044A0346107820B9034A1268AB
:109670009B1AD843C00F7047472500207410002064
:109680002DE9F04F774A00F59C43203385B01360F5
:10969000754B1C78002C71D0744A1268824201D23A
:1096A000013C1C7005B0BDE8F08F072D9CBF3368EE
:1096B000595D6F4B88BF29461B6840469847032D6C
:1096C000034617D8B0B1336803EB8503DA8F998F5F
:1096D0004FF4FA6300934FF47A73F8F7F5FF40F212
:1096E000EE239842B8BF184640F6CA039842A8BF76
:1096F000184683B25F4A22F81530013498F80030DA
:10970000E5B2AB42D1D842F20100F8F703FB80F09A
:109710000106FCF709FFF6B2574B824636B9574AA5
:1097200012781A70564A1178564A11701D781DB178
:10973000544B1D7885F00105534BDFF86C91534F66
:10974000DFF868B10F221A704946002498F80030FB
:109750009C4217DB4C4B1B780F2B4D4B0CBF01224F
:1097600000221A706BD14B4B1B685B0167D4F9F771
:1097700065FF494A13780133137093E7DFF83081AE
:10978000464EBBE7002D40D03A4B33F9143098B227
:10979000424B1B689A8A824239D8DB8A834236D38D
:1097A0000AF51673CBF8003003B23EBB3A4A107884
:1097B0000322B0FBF2F202EB420204EB440E821AE7
:1097C0005EFA82F2DFF8C4E02EF81230344A92F8E2
:1097D00000E04FEA440CBEF1000F03D102280DD97E
:1097E000012313703A887B881344BA8813442D4AA6
:1097F0001BB222F80C30032293FBF2F321F8023B58
:10980000013406370BF1040BA0E72B46BFE7DBF86A
:1098100000309A4501D20888C6E7E0B20391FFF70D
:109820004BFD032C0399BFDCDFF85CC001229CF8E0
:109830000030A24023EA02038CF80030B4E7104A5B
:10984000012313700F4A1370F9F708FF002498F8EA
:1098500000309C428DDAE0B2FFF72EFD013429F88A
:10986000020BF4E774100020432500206C10002048
:109870006C000020E821002046250020452500201E
:1098800070000020710000203F2500207A21002078
:10989000442500203C0F00204025002020100020FF
:1098A0003E25002062210020C42100202410002039
:1098B000412500202DE9F843DFF8308004460F46AB
:1098C000054608F108092E4615F8011B09B9BDE83F
:1098D000F88306480AF0BCFC0028F4D048453EBF97
:1098E000A0EB0803361BFE54EDE700BF345C010813
:1098F00008B5134B13491A68937A013B31F91300E9
:10990000137B1BB1C0F53B60083000B24FF47A7294
:109910000021A0F57A70F8F766FE07EE100ADFED79
:109920000A6A0A4BB8EEC77AC7EE267A9FED087A24
:1099300067EE877AFCEEE77A17EE902A1A8008BD68
:1099400020100020C421002000007A440C220020B6
:1099500000C07F44044B1B689B7A0BB1FFF7C8BF64
:109960004FF40040F8F7D6B920100020014B1B88B7
:1099700003807047C2210020084607F0A1B90846BD
:1099800007F0A4B938B505464FF400500C46F8F777
:10999000C1F918B108232B70054B23600120F8F79B
:1099A000B9F918B10C232B70024B236038BD00BFEE
:1099B0007F99000879990008014B33F8110070472E
:1099C0000E2200200B4A30B5002314468B4206DBE2
:1099D0000023122909D1084B01221A7030BD30F83A
:1099E000135022F8025B0133F0E724F81130013103
:1099F000EFE700BF0E22002048250020024B187818
:109A000008B100221A7070474825002012230B70FD
:109A10000AB1014B13607047B9990008094BDFED9B
:109A20000A7A03EB810393ED007AB8EE477AF6EEFB
:109A3000046AE7EE267AFCEEE77A17EE903A98B2DF
:109A4000704700BF7C10002000005C4438B504461D
:109A5000FCF750FD0D490E4D0B6840F6AC52C31A91
:109A600093420C4AC4BF002313701378EC5413B90B
:109A70000F2C09D108600133DBB21370192B064B90
:109A80000CBF012200221A7038BD00BF78100020E0
:109A90004A2500204925002063250020C38913B5ED
:109AA000124C0A201B01B3FBF0F30020A3F5B063B6
:109AB0000130122844F8043BFAD10AB10C4B136070
:109AC00012230B704020FDF7FFFD68B10123072230
:109AD00090F900004021CDE90032064B064AFDF71F
:109AE0004DFE003818BF012002B010BD7C100020D0
:109AF0001D9A0008A08601004D9A00084A4B18786C
:109B000010B5002800F08F8000221A70474B484A99
:109B10009C78597804F0070041EA0021D878116058
:109B200000F03F01490141EAD401516019798900EF
:109B300041EA9011587900F0010441EA84219C79AE
:109B4000916004F00F01C90141EA5001D879D16058
:109B500000F07F01090141EA14111161197A5C7A60
:109B6000490041EAD01104F0030041EA4021987A0B
:109B7000516100F01F01890141EA94019161D97A94
:109B80005C7BC90041EA5011D161197B04F00700E8
:109B900041EA0021987B116200F03F01490141EA4E
:109BA000D4015162D97B890041EA9011187C00F000
:109BB000010441EA84215C7C916204F00F01C90137
:109BC00041EA5001987CD16200F07F01090141EA2D
:109BD00014111163D97C1C7D490041EAD01104F0B5
:109BE000030041EA4021587D516300F01F018901C3
:109BF00041EA94019163997DC90041EA5011D16312
:109C0000D97D40F2147311F0010F0CBFAD2018463E
:109C100011F0020F08BFAD2311F0080F1064536458
:109C200014BF0320012010BD632500204A25002019
:109C30007C100020024B33F81100C008704700BFB1
:109C40003422002010B50446FCF754FC2349244A72
:109C50000B680860C31AB3F57A6F84BF00231370D2
:109C6000137843B9A82C2FD11E490B701E490B80C5
:109C70001E49CC5406E0022B02D11D490C70F7E7B7
:109C8000242BF5D91A4909780133DBB20231B3EB41
:109C9000410F13704FEA410017DA1349088880EA30
:109CA000042080B2082341F2210402B2002AB4BF8A
:109CB00084EA4202400003F1FF33B4BF90B280B2A5
:109CC00013F0FF03F1D1088010BD411C8B42FBD182
:109CD00000231370034B01221A70F5E7C410002013
:109CE000642500208B2500203222002066250020DC
:109CF0006525002007B50AB10C4B136010230B70CB
:109D00004020FDF7E1FC70B10123002290F9000032
:109D10004021CDE90032064A4FF4E133FDF72EFD34
:109D2000003818BF012003B05DF804FB359C000823
:109D3000459C0008174B1A7870B59AB11648174918
:109D40000488174800221A700B7800EB4302D5787C
:109D5000127942EA0522944204D14078012804D0C5
:109D6000812801D0002070BD0320102B88BF102354
:109D70000B4A0C4D88BF0B700021CCB2A34202F1FC
:109D80000202F0D95678947844EA062425F8024B6A
:109D90000131F2E78B2500203222002065250020CA
:109DA000662500203422002007299ABF024B33F891
:109DB00021000020704700BFCC10002010B50446E1
:109DC000FCF798FB0B4A0C4913681060C31A41F268
:109DD00088329342094A84BF002313701378142BEE
:109DE000CC540BBF064B01330122137008BF1A700D
:109DF00010BD00BFC81000208D2500208C2500203C
:109E0000A225002007B50AB10C4B136008230B7084
:109E10004020FDF759FC70B10123002290F90000A9
:109E20004021CDE90032064A4FF4E133FDF7A6FCAC
:109E3000003818BF012003B05DF804FBA99D00089D
:109E4000BD9D0008144B1A7810B51AB300221A7081
:109E5000124B1A78A82A1DD1DA7CDAB910489FED86
:109E6000116ADFED116ADC78197901EB042107EE44
:109E7000901AB8EEE77A0132C7EE067A082A03F1A3
:109E8000020377EEE67AFCEEE77AE0EC017AEAD1BB
:109E9000012010BD0020FCE7A22500208D25002018
:109EA000CC100020CDCCCC400080BB4310B5044684
:109EB000FCF720FB0B4A0C4913681060C31A41F2EF
:109EC00088329342094A84BF002313701378E4B2A6
:109ED0000F2BCC540BBF064B01330122137008BF6C
:109EE0001A7010BDEC100020A4250020A32500202E
:109EF000B525002003788B420AD9064B53F8210080
:109F0000054B1B7803B1400800F5777080B27047AD
:109F100000207047F0100020B425002013B5194B25
:109F20001960037A1BB3012B09D11748032404706D
:109F3000164807240470164803700C230B700AB1EE
:109F4000144B13604020FDF7BFFB70B101230022CA
:109F500090F900004021CDE900320F4A4FF4E1337F
:109F6000FDF70CFC003818BF012002B010BD0648F8
:109F70000224047005480324047005480370072375
:109F8000DCE700BF20110020B7250020B625002007
:109F9000B4250020F59E0008AD9E0008134B1878EC
:109FA000F0B508B300221A70114B12491E78124BFB
:109FB000124C1B681F78124B93F800C002228B5C76
:109FC000334103F00F039F420AD90B2B08D8501CD2
:109FD0008D5C085C05EA0C0500EB052044F82300C5
:109FE0000232102AEBD10120F0BD00BFB5250020C0
:109FF000B7250020A425002020110020F01000200B
:10A00000B625002003788B4286BF024B33F811003F
:10A0100000207047542200200022224970B51346C8
:10A0200041F2210684180C5D83EA042308241DB242
:10A03000002DB4BF86EA45055B0004F1FF34B4BFD0
:10A04000ABB29BB214F0FF04F1D10132192AE9D16D
:10A0500000F119028C5C00F11A028A5C02EB042206
:10A0600092B29A420CD1104B104C1A7800EB42027B
:10A07000D2B24FF4AF65904203D10D4B01221A705A
:10A0800070BD431CDBB20230CE5C0133C0B2CB5C8E
:10A0900003EB06239BB26B431B1303F5487324F8B1
:10A0A000023BE8E7B8250020DA25002054220020F2
:10A0B000DE25002073B5007A05281CD0062817D1AC
:10A0C000164C21250C23164E0B7000213170154EB5
:10A0D0003170154E317015490D7015490B70154BC7
:10A0E00018700AB1144B13604020FDF7EDFA30B937
:10A0F000002002B070BD1B254FF4E134E2E70123DC
:10A10000002290F900004021CDE900320B4A23469D
:10A11000FDF734FB003818BF0120EAE790D00300B8
:10A12000DE250020DD250020DC250020DB250020A9
:10A13000DA250020D925002005A0000869A1000823
:10A1400002460823084682EA000141F3000121F09B
:10A150007301013B81EA500113F0FF03C8B24FEADB
:10A160005202F0D1704700002DE9F0410446FCF79F
:10A17000C1F9234A234D1368234E1060C31AB3F567
:10A18000FA5F82BF00232B7033702B7853B9A12C58
:10A1900008D1012232701D4AE4B2D4540133DBB23B
:10A1A0002B7002E03278002AF5D1194A14789C42CB
:10A1B00008D1184B1B78052B06D0062B07D000239F
:10A1C00033702B70BDE8F0810020FFF725FFDFF82A
:10A1D0003C8098F801301E2BF1D100273846013C15
:10A1E000A74207DB18F804309842E8D10320FFF7B4
:10A1F00013FFE4E718F80710FFF7A2FF0137EFE7B6
:10A2000024110020DC250020DD250020B8250020B9
:10A21000DB250020D9250020034B187810B100223F
:10A220001A700120704700BFDE250020014B188006
:10A23000704700BF76220020024B1888B0FA80F0E9
:10A240004009704776220020002303804380704736
:10A25000214BDFF898C01968204B2DE9F041204CC4
:10A260008D1E01F104081E4600222788BCF900E07B
:10A270002CF8022BB7F57A7F08BF1A601F68774465
:10A2800043F8047B25F8022F4545EED12388012BA6
:10A290001DD133684FF47A7503F5FA7393FBF5F328
:10A2A0000B80736803F5FA7393FBF5F34B80B36887
:10A2B00003F5FA7393FBF5F30A4D2D885B1B8B8036
:10A2C00002804280F7F79CFF074B64221A602388C4
:10A2D000013B2380BDE8F0814411002034110020AF
:10A2E0007622002072000020B00D0020782200208D
:10A2F0002DE9F041354D2B88322B044643D1344BA8
:10A300001A68344B118819805188928859809A8034
:10A31000314B02881A8042885A80DFF8B4802F4976
:10A32000D8F800202E4E901E02F1040C00232F8836
:10A33000322F08BF0B60B6F900700A6826F8023B9E
:10A34000174441F8047B20F8023F6045EFD12A888A
:10A35000012A14D123490B70234B0C201A70FCF7EF
:10A36000F7F91C4AD8F80030118819805188928872
:10A3700059809A80184B1A885B88228063802B88CA
:10A38000013B2B8001E0002BC7D1184B1A78D2B1CA
:10A3900000221A700E4B1968104B32201D6895FB75
:10A3A000F0F50D805D689B6895FBF0F593FBF0F38D
:10A3B0000F484D8000881B1A8B8022806280BDE888
:10A3C000F041F7F71DBFBDE8F08100BFA4200020D9
:10A3D00044110020702200206C220020281100204F
:10A3E00078220020482400204A240020492400200C
:10A3F00072000020064B01881A88521A1A80418880
:10A400005A88521A5A8081889A88521A9A807047BC
:10A4100078220020104B10B55B6804460F4898471F
:10A42000C0B10F4B0D491A78084600F0CDFB0D4B1B
:10A430001B8813B12046FFF70BFF0420F7F76AFCD7
:10A4400010B12046FFF754FF074BBDE810401868D5
:10A45000FFF7D0BF10BD00BF4811002078220020B8
:10A46000DF2500207622002044110020014B1860D7
:10A47000704700BF44110020014B1860704700BFB7
:10A4800040110020F8B5284D2E78012E044616D034
:10A49000022E38D06EBB254A1378122843F00103F0
:10A4A000137026D8224B1B781BB3012303202B707B
:10A4B000F7F7FCFE0820BDE8F840FCF749B91B4A55
:10A4C0001378082823F00203137009D8022304200C
:10A4D0002B70F7F7EBFE0320F7F7F2FE0720EAE711
:10A4E0001628144F06D90320F7F7EAFE00232B7035
:10A4F0003B70F8BD0820FCF72BF90E2C01D8022385
:10A50000F6E73E70F5E7094A13780C2823F00203BA
:10A510001370E3D9012303202B70F7F7C7FE042043
:10A52000F7F7CEFEC6E700BFE22500205624002044
:10A53000B5000020E125002008B50D4B0D4918603D
:10A540000D4B0E4803221A703222F8F795F90C4988
:10A550000C483222F8F790F90B490C481422F8F70E
:10A560008BF9BDE808400A490A480A22F8F784B97D
:10A57000A811002036230020E22500209811002099
:10A58000D222002088110020AA2200207811002069
:10A5900096220020681100202DE9F04106F04AF9CA
:10A5A00001462F48DFF8DC80F8F774F92D4BA8F846
:10A5B00000001A78032A42D10A283ED900221A70D4
:10A5C000294B2A4C1A682A4FD38823801378294DA7
:10A5D000294E03EB830303EB83039B003B802B7823
:10A5E0005178927803EB830303EB83039B0011FB09
:10A5F00003F112FB03F3214A318028201380FBF77B
:10A60000E4FFB8F80030398820886422B1FBF2F208
:10A61000B3FBF2F20132082A03EB830328BF0822BE
:10A6200003EB83032A709B0032889BB29B1A43433F
:10A63000891A93FBF1F3124A1380BDE8F0810A28CE
:10A64000FBD803221A700B4A002313700B4A1380A5
:10A65000094A1380064A1380044A1380EBE700BFBF
:10A6600098110020E2250020A81100208E22002051
:10A6700094220020840000209022002092220020BA
:10A680008C2200208A22002037B50D465449554BB4
:10A690000A787AB918600124534B0C70002000210D
:10A6A000C3E90001514B1A80514B1A88514B1A8053
:10A6B00003B030BD1C681860041BB4F57A7FF7D373
:10A6C00006F0C6F881B24C48F8F7E4F84B4A034666
:10A6D0001080002864D007EE900AF8EEE76AF2EEE8
:10A6E000047A86EEA77A464A9FED466AC7EE067A56
:10A6F000FCEEE77ACDED017ABDF804301380424AD2
:10A70000D2ED006A002D3ED0B3F57A7F3BD33F49AE
:10A710000988884237D9401A07EE900AF8EEE77A9E
:10A72000B3EE045AF4EEC57AF1EE10FA2BD407EE2C
:10A73000103ADFED375ADFED374AB8EE477A27EEA9
:10A74000257AC7EE245AF4EEC55AF1EE10FA1AD45F
:10A7500087EEA57ADFED307AB4EEE77AF1EE10FA03
:10A7600008D4DFED2E7AB4EEE77AF1EE10FAD8BF16
:10A77000F0EE477A77EEE67A294BE7EE866AC2ED8D
:10A78000006AC3ED006ABDF8043007EE903AF8EEB7
:10A79000E77A67EEA67AFCEEE77A17EE903A9BB27C
:10A7A000204A13804FF47A72B4FBF2F40E4AD2E9D5
:10A7B0000001E3FB0401C2E9000100231A4AF5F796
:10A7C0000BFE4FF6FF73984228BF1846074B094A05
:10A7D00080B21880064B1B881B1A138068E700BFE5
:10A7E000E025002064110020D004002082220020F7
:10A7F0008C22002080220020881100208822002046
:10A80000862200206F12033B7C0000208A22002059
:10A810000000C84200007A443333733F6666863FC7
:10A82000800000208422002080EE36002DE9F043D5
:10A830002DED028B83B00646DDF830900F46904632
:10A840001C464FF4FA624FF47A714846F7F7CBFE94
:10A85000002C00F0E78040F27D43994540F3E28010
:10A860004FF4E173A0F57A755D434FF47A73B5FB4D
:10A87000F3F54FF40060F7F74DFAD8B1D4B140F2D8
:10A880007D43994516DDF71BC82F13D8A6EB0806A4
:10A89000C82E0FD8A04B1B8864214B43B3F57A7F99
:10A8A00008D314226A43B2FBF1F24FF47A71B3FB7E
:10A8B000F1F3D518994E9FED9A8A9A4F4FF42F7263
:10A8C00000212846F7F78FFE3388642505FB030136
:10A8D0004FF6FF73994228BF194689B29248F7F79D
:10A8E000D9FF924A33881288DFED916A914E05FBB9
:10A8F000032307EE903A07EE100AF8EEE77AB8EE77
:10A90000C77A67EEA67ADFED8C6A8C4DE7EE267A81
:10A9100029886439FCEEE77A4FF4006017EE903A2C
:10A920009AB2531A07EE903A854B32801B885B1A15
:10A9300007EE103AF8EEE77AB8EEC77A67EE887A53
:10A94000C7EE876AC7ED006AF7F7E4F9D7ED005A5A
:10A95000002800F0D6807B4B1A88002A64D07A4BFE
:10A960001B889A4267D907EE903A07EE102AF8EE54
:10A97000677AB8EE477A67EE887AC7EE876AF2EEB2
:10A980000E7AF4EEE76AF1EE10FA59D9DFED6F7A3C
:10A99000F4EEE76AF1EE10FAF0EE667A53DB9FED23
:10A9A0006C7A6C4B3288C3ED007A6B4B1B889A42F1
:10A9B00000F2AE802988A1F163009042C6BF03F186
:10A9C0006402521A9A1A92B20C20643942435B1AFA
:10A9D00007EE902A06EE103AF8EEE77AB8EEC66A6D
:10A9E00087EE865AF3EE097A35EE276AB4EEC76A27
:10A9F000F1EE10FA40F18C8037EE457A34B3B4EEC4
:10AA0000E77AF1EE10FA21DDF1EE007A37EE677A9F
:10AA1000DFED527AB4EEE77AF1EE10FAD8BFF0EE3D
:10AA2000477A1AE0002524E7DFED4D7AF0EE676AF9
:10AA3000B3EE0E7AB5E7F0EE487AF0EE486AAEE78C
:10AA4000F0EE667AF4E79FED477AAAE7F3EE047A30
:10AA5000B4EEE77AF1EE10FADAD5434B93ED005AF3
:10AA6000B0EE006A35EE067AB4EEE77AF1EE10FA4F
:10AA70000AD437EE867AB4EEC75AF1EE10FACCBF9C
:10AA800035EE467AB0EE677A78EE477A83ED007A53
:10AA900067EEA57A354B364983ED007AE6EE877A84
:10AAA0000B7887EE887AB4EEC87AF1EE10FAC8BF58
:10AAB000B0EE487AFCEEC77ACDED017A9DF804201D
:10AAC000CCB19A42104628BF18469A4204D21A1AAC
:10AAD000022A01DD023BD8B207EE900A254B08702E
:10AAE000F8EE677AC3ED007A03B0BDEC028BBDE8E7
:10AAF000F043FFF7C7BC581C8242CCBFC0B210461F
:10AB0000EAE7FCEEE57ACDED017A9DF80400EBE78B
:10AB1000002C3FF47DAF77E7862200208A220020B8
:10AB20000000C8425C11002078110020882200201B
:10AB30006666263F7E2200203333B33E90220020FB
:10AB4000942200208E220020802200200000AA42B1
:10AB500000008C42581100209222002000009642F2
:10AB60000000000000005C4278000020601100201E
:10AB700074000020541100201FB50446B0F90000F5
:10AB800028B9B4F9023013B9B4F90430B3B10C4B9D
:10AB900000221A70F7F78CFDB4F902008DED010A5E
:10ABA000F7F786FDB4F904008DED020AF7F780FD92
:10ABB00004498DED030A01A8F7F791FD04B010BD1B
:10ABC00085000020AC11002038B52DED048B404BE2
:10ABD0000C460168196081889980023A062A05D8D6
:10ABE000DFE802F050555A5F686C71001A882280C5
:10ABF0005A886280B3F90430364AA3801278002A5A
:10AC00003DD1B4F90020344D09EE102AB4F90220E8
:10AC100095ED030AD5ED007A08EE902AF8EEE88A61
:10AC2000B8EEC99A28EE800AA7EE890A07EE903A94
:10AC3000B8EEE78AD5ED067AA7EE880A07F0DCFFC2
:10AC400095ED040AD5ED017A208028EE800AA9EE60
:10AC5000270AD5ED077AA8EE270A07F0CDFFD5ED34
:10AC6000057A608028EEA70AD5ED027AA9EE270AB8
:10AC7000D5ED087AA8EE270A07F0BEFFA080BDEC4C
:10AC8000048B38BD5A8822801A885242B1E71A884C
:10AC9000524222805A88F8E75A88524222801A8803
:10ACA000A7E71A88524222805A8862809B885B42BA
:10ACB0001BB2A1E75A8822801A88F6E71A882280F8
:10ACC0005A885242F1E75A88524222801A88F8E79D
:10ACD0009A23002085000020AC11002008B5034B0A
:10ACE0001B689847024B01221A7008BDE011002032
:10ACF000E32500202DE9F0476B4B6C4F1B683A6849
:10AD00009A1A002A05460E46C0F28B8007EE903A4A
:10AD10009FED677A674A684C1360F8EE677A674B75
:10AD200077EE877A5B68FCEEE77A2046C7ED007A1B
:10AD30009847634B21461A782046FFF745FFDFF816
:10AD4000A0E160499EF8003013F0040F1FD03A686C
:10AD50005D480A6000222A80DFF87CC102705B48EF
:10AD60006A80B4F90080AA80B4F90420ACF80080AD
:10AD7000A0F8008023F00403B4F90280ACF802804C
:10AD8000A0F80280ACF8042082808EF80030D1F860
:10AD900000C0BCF1000F1CD038684D4F4D4AA0EBED
:10ADA0000C000023B84213703DD8434F4A4847492E
:10ADB00037F9022B30F902CB624531F902CBB8BF2B
:10ADC00020F8022C01336245C8BF21F8022C032B66
:10ADD000EED1424B1B7823B32B8820886A88A18848
:10ADE000C01A63889B1AAA88891A9BB289B26380A9
:10ADF000A180728880B212FB03F2B388208013FB1B
:10AE000001F3318811FB00F112B20A201BB209B222
:10AE100092FBF0F291FBF0F193FBF0F32180628062
:10AE2000A380BDE8F087DFF8BCC0DFF8AC80DFF8B6
:10AE30009CE00B60A81E05F10409674638F902ABD7
:10AE40003EF9023B0AEB030101EBD171491020F8F6
:10AE5000021FA3EB0A0303EB830348452CF8023BD4
:10AE6000ECD1B7F90210B7F90000B7F904C04318E4
:10AE700063444FF00A0C0CFB03F301EB410193FB1D
:10AE8000F1F17180B7F9041000EB400001EB4101D2
:10AE900093FBF0F093FBF1F33080B3800123137048
:10AEA000F7F7AEF995E700BF14050020D411002094
:10AEB000003EC647D8110020B2230020E011002038
:10AEC000E4250020D0110020E5250020A623002045
:10AED0007FC3C90186000020AC230020E3250020A9
:10AEE00055240020A0230020014B1860704700BFAC
:10AEF00040120020014B1880704700BFC42300207F
:10AF0000024B1888B0FA80F040097047C423002033
:10AF10002DE9F84F3D4B3E485B683D4C2DED028BD3
:10AF20009847002855D03B4B3B4D1A783B4F214664
:10AF30002046FFF749FE2B88002B3ED0384BDFF828
:10AF4000ECB01B681B7808EE103AA046B946002604
:10AF5000344B142202FB063A2B88B3F57A7F05D1D5
:10AF60000023CBF800305046F7F759FBB8F9001032
:10AF7000DBF8003007EE901A0B444BF8043BB8EEB8
:10AF8000E70A5046F7F74EFB4FF0000328F8023B64
:10AF900029F8023B2B88012B29D15046F7F780FB7B
:10AFA00018EE103ACBB1F8EEC87AB4EEE70AF1EE3B
:10AFB00010FA12DD4FF47A732B8023883A889B1A9B
:10AFC00023807A8863889B1A6380BA88A3889B1A37
:10AFD000A380BDEC028BBDE8F88F5BF8043C4FF416
:10AFE0007A7103F5FA7393FBF1F329F8023C013609
:10AFF000032EADD12888012804D1FBF7A9FB0A4B09
:10B0000064221A602B88013BD6E700BF3012002073
:10B01000BE230020E6250020C4230020B823002002
:10B0200040120020E8110020B00D00202412002062
:10B03000084B094810B500221A7004F015FD0446AB
:10B0400028B1064B082201201A70F7F727F920468D
:10B0500010BD00BFE6250020301200208700002030
:10B0600003780BB1054A137043780BB1044A13708F
:10B0700083780BB1034A1370704700BFE6250020A8
:10B08000DF250020E42500202DE9F84F00242D4F76
:10B0900081468A462C48BC602146164610221D4631
:10B0A000C7E9004409F086F8204604F059FBFFF791
:10B0B000BFFF8046002837D0244B40F2FD2B092EDD
:10B0C0001C700BD82BFA06F2D20705D5384604F0CF
:10B0D000B9FC28B91D4B4EB1012E07D00026EEE772
:10B0E0001B4B092202205A70F7F7D8F80220F7F715
:10B0F000CBF808B13B689847134B164C1B68504679
:10B1000098470023237095B90025134805F014F9DA
:10B1100098B1072323700E4B05220820DA70F7F749
:10B12000BDF84846FFF79CFF4046BDE8F88FAB1ED0
:10B13000032BEAD9012D02D1F3E7002DF1D0002332
:10B140002370E1E74811002030120020DF250020A5
:10B1500087000020E4250020E0110020052808B524
:10B160000ED80123834013F0160F06D113F0290FD8
:10B1700006D0074806F0FCFA08B9002008BD0520F3
:10B18000044B98700420F7F789F80120F6E700BF18
:10B19000341F0020870000209B4B5A6802F00C02ED
:10B1A000082A2DE9F04140F0A28059685A68D60378
:10B1B00049BFDA6A954A964C02F00F02C1F3834107
:10B1C00048BF013201F1020148BFB4FBF2F2514322
:10B1D0000C4604605A688F4FDFF83C82C2F30312BA
:10B1E000BA5C5FFA82FC24FA02F242605D68C5F341
:10B1F00002257E5D22FA06F686605D68C5F3C225EB
:10B200007D5DEA40C260D3F82CE0EFB2CEF30315C7
:10B210001EF4807F38F81550ADB26BD0002D69D088
:10B22000B1FBF5F50561D3F82CE0CEF343251EF410
:10B23000005F38F81550ADB25ED0002D5CD0B1FB88
:10B24000F5F54561D3F830E0714D1EF0100F0CBFDD
:10B25000AE46A646C0F818E0D3F830E01EF0200F46
:10B260000CBFAE46A646C0F81CE0D3F830E01EF096
:10B27000400F18BF254605621D6BED053ED5A14266
:10B280003CD1BC453AD14D0045621D6BED0437D52C
:10B29000A14235D1BC4533D14D0085621D6BAD0552
:10B2A00030D5A1422ED1BC452CD14D00C5621D6BBD
:10B2B0006D0529D5A14227D1BC4525D14D00456456
:10B2C0001D6B2D0522D5A14220D1BC451ED14D00BC
:10B2D00085641D6BAD041BD5A14219D1BC4517D1A6
:10B2E0006100C164196B890714D1026318E0484CEE
:10B2F00000216EE7254695E72546A2E71546C3E7F8
:10B300001546CAE71546D1E71546D8E71546DFE7E3
:10B310008264E7E71A6B02F00302012A16D1046384
:10B320001A6B12F4403F20D146631A6B12F4402F7F
:10B3300035D186631A6B12F4401F4AD1C6631A6B6B
:10B3400012F4400F6AD10664BDE8F0811A6B02F076
:10B350000302022A02D14FF40042C6E71A6B02F040
:10B360000302032ADCD12A4ABFE71A6B02F44032F7
:10B37000B2F5803F01D14463D7E71A6B02F4403243
:10B38000B2F5003F03D14FF400424263CDE71A6BA0
:10B3900002F44032B2F5403FC7D11D4AF5E71A6BBF
:10B3A00002F44022B2F5802F01D18463C2E71A6B08
:10B3B00002F44022B2F5002F03D14FF40042826321
:10B3C000B8E71A6B02F44022B2F5402FB2D1104A0E
:10B3D000F5E71A6B02F44012B2F5801F01D1C46385
:10B3E000ADE71A6B02F44012B2F5001F03D14FF41F
:10B3F0000042C263A3E71A6B02F44012B2F5401F89
:10B400009DD1034AF5E700BF0010024000093D004E
:10B4100000127A006A5C01084A5C01081A6B02F4A7
:10B420004002B2F5800F01D104648DE71A6B02F47B
:10B430004002B2F5000F03D14FF40043036483E7E9
:10B440001B6B03F44003B3F5400F7FF47DAF014B5A
:10B45000F4E700BF00127A00030F064BDA6A14BF4C
:10B4600022F4785222F4F872DA62DA6A0243DA627B
:10B47000704700BF00100240020F012A0A4B0AD099
:10B48000022A0CD01AB91A6B22F010021A631A6B36
:10B4900002431A6370471A6B22F02002F6E71A6B18
:10B4A00022F04002F2E700BF00100240044B5A694C
:10B4B00011B102435A61704722EA0002FAE700BF65
:10B4C00000100240044B9A6911B102439A6170471F
:10B4D00022EA0002FAE700BF00100240044BDA69DA
:10B4E00011B10243DA61704722EA0002FAE700BFB5
:10B4F00000100240044BDA6811B10243DA60704771
:10B5000022EA0002FAE700BF00100240044B1A6969
:10B5100011B102431A61704722EA0002FAE700BF44
:10B5200000100240024A536A43F08073536270472E
:10B5300000100240044B1A69120641BF034A5A60C8
:10B5400002F188325A6070470020024023016745AB
:10B55000024A136943F080031361704700200240E0
:10B56000014BD860704700BF00200240084BDA68EA
:10B57000D10709D4DA68D20608D4DB6813F0040FC7
:10B580000CBF042003207047012070470220704741
:10B590000020024010B50446FFF7E8FF012806D15D
:10B5A0000CB9052010BDFFF7E1FF013CF6E7002CC8
:10B5B00008BF0520F6E7000038B505464FF43020F7
:10B5C000FFF7E8FF042811D1094C236943F0020377
:10B5D00023616561236943F0400323614FF4302008
:10B5E000FFF7D8FF236923F00203236138BD00BFB2
:10B5F0000020024073B5002306464FF430200D466C
:10B600000193FFF7C7FF042819D10E4C236943F0BB
:10B6100001032361ABB233804FF43020FFF7BAFF50
:10B62000042808D102360196019B2D0C1D804FF491
:10B630003020FFF7AFFF236923F00103236102B03D
:10B6400070BD00BF00200240034B40F0BF6040F4DB
:10B650000030D860704700BF00ED00E070B50178A1
:10B66000012501F01F039D40C3784C09BBB10E4B6F
:10B670004678DA68D243C2F30222C2F104039E4044
:10B6800083780F2020FA02F21340084A33431B014B
:10B690001144DBB281F8003342F8245070BD034BF3
:10B6A000203443F82450F9E700ED00E000E100E029
:10B6B00070B5A54C002800F0DF812368013B062B04
:10B6C00031D8DFE813F0070057008E0002011D019A
:10B6D0005101B601FAF728FF9C4B9D4D1B68C01A1B
:10B6E00040F6980398420AD92B6843F008032B6070
:10B6F000002323600120BDE87040F6F7A7BD954EFA
:10B700000120F6F7A3FD336844F64B329A802B688C
:10B7100083F008032B60F7F71DFF63288E4D03DCD1
:10B720004FF4FA63EB8070BD0120F6F79DFD8B4B63
:10B73000197833688A4E6E2229B95A714FF47A7398
:10B740006B80022306E0012909D15A714FF4FA6394
:10B750006B8005232360FAF7E7FE3060E3E70329F7
:10B760001A7103D14FF47A732B80EAE74FF4FA632E
:10B770002B80EEE7764A7A4D1368012083F00803A8
:10B780001360F6F771FD754B734A1B784FF47A71AD
:10B7900063B9744B5180B3F90230B3F5E17F08DD32
:10B7A00003232360FAF7C0FE2860BCE7032B118057
:10B7B00010D002232360FAF7B7FE2B68C01AB0F549
:10B7C000FA6FB0D30023664A2360BDE8704013606F
:10B7D000F5F782BB634AB2F90020B2F5E17FE8DDFC
:10B7E000DFE75E4B1B78B3B95E4AB2F90230B3F5BE
:10B7F000E17F51DD564A1368012083F0080313608E
:10B80000F6F732FD544B40F27E425A80FAF78CFE36
:10B81000534B1B68D2E7032B85D1524AB2F9003053
:10B82000B3F5E17F19DD4A4A1368012083F008036C
:10B830001360F6F719FD484B4FF483621A80FAF74C
:10B8400073FE474B1B68C01AB0F5FA6FFFF46BAF7D
:10B85000434A00232360136065E79BB2B3F5E17FA1
:10B860003FF661AF5388FA339BB2B3F5FA7F3FF6E8
:10B870005AAF374A1368012043F008031360F6F704
:10B88000E5FC354B4FF483621A80FAF74DFE344BDA
:10B8900018600423236046E79BB2B3F5E17F3FF6CF
:10B8A00042AF1388FA339BB2B3F5FA7F3FF63BAF52
:10B8B000274A1368012043F008031360F6F7C6FC1B
:10B8C000254B40F201425A80DFE7214A13680120EC
:10B8D00043F008031360F6F7B9FC1F4B4FF4FA620C
:10B8E000DA801C4B1B6844F64B329A80FAF71CFE38
:10B8F0001B4B1B68C01A40F2DC539842A8D8C8E71B
:10B900000120F6F7B1FC154B134A1B78144D012B9F
:10B910000AD14FF4FA635380124BB3F9023013F596
:10B92000E17F06DA06233CE740F2B771022B118073
:10B9300005D005232360FAF7F7FD2B6883E7094B51
:10B94000B3F90030EBE700BF4C1200204812002092
:10B950003C0F002028050020C4210020E9250020FC
:10B9600044120020E4200020484B1878012811D10F
:10B97000474AB2F9023013F5E17F40DA454A1368CD
:10B9800083F008031360F6F76FFC434B40F23A7202
:10B990005A8054E702287FF4C6AE3D4AB2F900301F
:10B9A00013F5E17F0BDA3B4A1368012083F00803AB
:10B9B0001360F6F759FC384B40F2B7723EE703F5D7
:10B9C000E1739BB2B3F5C87F3FF6ADAE5388FA334F
:10B9D0009BB2B3F5FA7F3FF6A6AE2E4A136801205C
:10B9E00043F008031360F6F731FC2B4B40F23A7238
:10B9F0001A80FAF799FD294B186007234AE703F5E7
:10BA0000E1739BB2B3F5C87F3FF68DAE1388FA336E
:10BA10009BB2B3F5FA7F3FF686AE1E4A136843F039
:10BA200008031360F6F712FC1B4B40F2B7725A8002
:10BA3000DFE7184A1368012043F008031360F6F7A4
:10BA400005FC124B1B78012B134B1CBF4FF4AF624C
:10BA50001A804FF4FA62DA80114B1B6844F64B32BD
:10BA60009A80FAF761FD0D4B1B68C01A40F2DC5357
:10BA700098423FF6EDAEC0E7084B20601860084BD7
:10BA80001B6844F64B329A804DE600BFE925002042
:10BA9000E42000203C0F0020C4210020441200209C
:10BAA00028050020014B1860704700BF501200208D
:10BAB00070470000014BB3F900007047CE2300200F
:10BAC000014BB3F900007047D0230020044A002343
:10BAD0001380044A1380044A1380044A1380704779
:10BAE000CC230020CA230020C8230020C623002026
:10BAF00070B51348134C02882188B4F900605318BC
:10BB00009DB21BB2052BC8BFAB1F0F4DC8BF1BB2E8
:10BB10002B800E4D05EB830585ED000A0C4D052E9F
:10BB200005EB8303C3ED000A02DC0131218070BD07
:10BB3000531C1BB2052BC8BF00230380F7E700BFCF
:10BB4000D4230020D22300208C000020701200207B
:10BB500058120020F0B50E4E0E4CB6F900300E4DC6
:10BB600004EB8304B5F9002027680C4C04EB830434
:10BB7000246812B907600C60F0BD01331BB2062BBC
:10BB8000A8BF0023013A076033800C602A80F3E7E6
:10BB9000D423002070120020D2230020581200204D
:10BBA000124B134AD3ED007A12491348F5EE407A4E
:10BBB000F1EE10FA4FF0000303D113600B60036045
:10BBC0007047F0EE086A86EEA77A80ED007A27EEDD
:10BBD000A77A67EE877A86EE876AF7EE006A86EEC6
:10BBE000A77A81ED006A82ED007A7047900000200C
:10BBF000901200209412002098120020084B83ED30
:10BC0000000AC3ED010A074B00225A601A60064B76
:10BC1000002083ED000AC3ED010AF9F7AFB800BFB9
:10BC2000BC120020B4120020AC12002070B5444BAE
:10BC3000444D93F90030444C012B21D0022B67D0A6
:10BC4000A3BB424BB3F9003007EE903A404BF8EEFD
:10BC5000E77AB3F90030C5ED007A07EE903AF8EED6
:10BC6000E77AF1EE677A3B4BC4ED007AB3F9003026
:10BC700007EE903A384BF8EEE77AC3ED007A15E01C
:10BC8000334BB3F9003007EE903A304BF8EEE77AD9
:10BC9000B3F90030F1EE677AC5ED007A07EE903A1D
:10BCA000F8EEE77AF1EE677AC4ED007A2B4EB6F93A
:10BCB00000300A2B08DCD4ED000A95ED000AFFF7EE
:10BCC0009DFF338801333380254B2648B3F900307C
:10BCD0002549052B2DDDFFF73DFF244AD0ED007AE5
:10BCE00092ED007A224B37EE277AD5ED007A77EE87
:10BCF000C77A92ED017AC3ED007AD1ED007A37EE82
:10BD0000277AD4ED007A77EEC77AC3ED017A70BD59
:10BD10000E4BB3F9003007EE903A0D4BF8EEE77A90
:10BD2000B3F90030C5ED007A07EE903AF8EEE77A05
:10BD300099E7104B1A685B6802600B60CDE700BFA3
:10BD400094000020F4120020F0120020E2230020D2
:10BD5000E0230020DE230020EC120020DC23002062
:10BD6000D2230020A01200209C120020B412002038
:10BD7000C4120020BC1200207C4B2DE9F0411D684C
:10BD800042F20F72411B91422DED028B044652D9B3
:10BD9000774E186033781BB1FFF748FF00233370EC
:10BDA00007EE904A07EE105AF8EE677AB8EE477A37
:10BDB000DFF820826F4C77EEC77A9FED6F7A87EEBF
:10BDC000878A0023012B6D4DA8F8003037DD6C4ABF
:10BDD00013780133DBB2092B00F2BD801370D5ED6F
:10BDE000007AFDEEE77A17EE903A1BB207EE903A32
:10BDF000644BF8EEE77AC3ED007AD5ED017AFDEEFB
:10BE0000E77A17EE903A1BB207EE903A5E4BF8EEE7
:10BE1000E77AC3ED007AD4ED007A5C4BFDEEE77A69
:10BE200017EE902AD4ED017A1A80FDEEE77A584B8E
:10BE300017EE902A1A80BDEC028BBDE8F081554ABE
:10BE4000554E11689A00002900F082805348B718B7
:10BE500010443F680760524800EB830393ED007A7B
:10BE600007EE901AB8EEC77AF8EEE77A87EE270A5F
:10BE70004C4BB718D3ED007A9FED4B1ADFED4B0A10
:10BE800020EE270A87ED000AF6F7B6FBB8F9003076
:10BE900087ED000A012B02D10020F8F76FFFB8F9F7
:10BEA0000030434A02EB8302D2ED006A414A92ED30
:10BEB000007A414A02EB8302D2ED007A26EE877ABD
:10BEC00004EB8301E7EE087A06EB830605EB8305B6
:10BED00091ED007AC2ED007A384A92ED006A384A54
:10BEE00026EE866AB6EE005AA6EE087A92ED006A51
:10BEF000344A02EB830226EE866AD2ED006AE6EE51
:10BF0000086A96ED006AC2ED006A77EE867A2E4ADC
:10BF1000C6ED007A67EE887A02EB8302C2ED007A02
:10BF2000F0EE475A294AE7EE855A02EB83020133C5
:10BF300092ED006AA5EE886A1BB237EE277A76EE9C
:10BF4000866A82ED006AC5ED006A81ED007A39E704
:10BF50009FED1F0A8CE7002313701C4BD3ED010AE1
:10BF600093ED000AFFF7C4FD39E700BF541200202B
:10BF7000EB250020D412002000247449AC120020CC
:10BF8000EA2500208C12002088120020D8230020EF
:10BF9000D6230020DC0D0020E4120020CC1200206B
:10BFA000F40D0020D80D002000004844000048C4D3
:10BFB000C412002090120020DC12002094120020F5
:10BFC00098120020B4120020A4120020BC120020FD
:10BFD00000000000DA2300207047024680213C2048
:10BFE00003F030BF024640213C2003F02BBF10B5C8
:10BFF000A620FFF7F2FFAE20FFF7EFFF2020FFF7AC
:10C00000ECFF0020FFF7E9FFB020FFF7E6FF40203C
:10C01000FFF7E3FF0020FFF7E0FF1020FFF7DDFF51
:10C020004FF40064013C0020A4B2FFF7DBFF002CBA
:10C03000F8D18120FFF7D1FFC820FFF7CEFFBDE880
:10C040001040AF20FFF7C9BF10B5B020FFF7C5FF04
:10C050004020FFF7C2FF0020FFF7BFFF1020FFF7CF
:10C06000BCFF4FF40064013C0020A4B2FFF7BAFF0C
:10C07000002CF8D110BD10B50446A1F15000C0B29B
:10C08000FFF7ABFF04EB4400400004EB440400F076
:10C090000E00FFF7A2FFC4F3C3001030BDE810404C
:10C0A000FFF79BBF70B50A4C0A4E00EB80000444BA
:10C0B000052514F8010F3378013D5840FFF792FF32
:10C0C00015F0FF05F5D13078BDE87040FFF78ABF65
:10C0D000D95B0108EC25002010B5441E14F8010FAF
:10C0E00000B910BDFFF7DEFFF8E710B5AE20FFF78F
:10C0F00074FF044600284CD0AE20FFF76EFF2020CE
:10C10000FFF76BFF0020FFF768FFC820FFF765FF10
:10C110004020FFF762FF8120FFF75FFFCF20FFF78E
:10C120005CFFA120FFF759FFA620FFF756FFA820CC
:10C13000FFF753FF3F20FFF750FFA420FFF74DFF0D
:10C14000D320FFF74AFF0020FFF747FFD520FFF776
:10C1500044FFF020FFF741FFD920FFF73EFFF12019
:10C16000FFF73BFFDA20FFF738FF1220FFF735FF1C
:10C17000DB20FFF732FF2020FFF72FFF8D20FFF796
:10C180002CFF1420FFF729FFAF20FFF726FFFFF752
:10C190002EFF204610BD000037B52F4BC0F8603190
:10C1A000041D204601F0FAF92C4D2870002850D1CA
:10C1B000204601F0D9FC287000284AD10DF1010277
:10C1C00001A9204601F0D5FD2870002841D10DF1CC
:10C1D00003020DF10201204601F08EFA2870C0BB67
:10C1E0000121204601F01CF80146287088BB01227D
:10C1F000204601F0D9F8287058BB0122114620468C
:10C2000001F0D2F8287020BB012141F69912204696
:10C2100001F015F901462870D8B94FF47012204684
:10C2200001F00DF995F900309BB944F620612046E4
:10C2300001F010F8287060B912220021204601F0A8
:10C240000BF8287028B90E220121204601F004F8CD
:10C25000287003B030BD00BF29019001F0250020F7
:10C2600038B504460D46490001F0FE01043000F0E7
:10C27000D3FF84F8605138BDF8B5164E96F90030FA
:10C28000044613BB071D384601F024FB3070E0B9AB
:10C29000114D3846294601F032FA104B10493070E2
:10C2A00001221A702B7E0B7033B92A8922800D4A25
:10C2B0001370B4F90000F8BD4FF69C7323802B7EF9
:10C2C000022BF6D1074B1A70F3E74FF69C732380CD
:10C2D000EFE700BFF0250020F8120020EE25002037
:10C2E000EF250020ED25002010B5154B1A7852B12E
:10C2F000144A1278520707D5002213491A70134BBB
:10C300000A7001221A7010BD114B1B68DB07FAD5A9
:10C31000F8F78AFC0F4CF8F795FCF4F751FE0E483D
:10C3200000F0E6FB0D4800F0E3FB2378002BEAD198
:10C330000B4B0220198800F03BFB01232370E2E73E
:10C34000A200002056240020F7250020F32500201D
:10C350003C0F0020F22500202013002014130020A1
:10C3600098000020F8B5264F3B78DBB1254C264ECF
:10C37000264D0123237033783BB1FAF7D5F800F549
:10C38000EA403030002328603370FAF7CDF82B688C
:10C39000C01A002807DBF4F79FFD00233B702370D1
:10C3A00001233370F8BD1A4BB3F90430002BB8BF2A
:10C3B0005B429BB242F23412934209D900253D7090
:10C3C000F4F78AFD01233370124B25701D70E9E7E5
:10C3D000FAF7AAF82B68C01A00280CDDFAF7A4F8BF
:10C3E0002B68C01A46F660539842DBDCF7F7B2F8C8
:10C3F0000730D7DBE2E7FAF797F82B68181AF1E76E
:10C40000A2000020F6250020A10000202C1300200F
:10C4100078220020F125002010B5124C2378022B41
:10C4200007D0032B09D0012B1AD1BDE81040FFF72C
:10C430005BBFBDE81040FFF795BF0B4B1A685AB9B8
:10C440000A490988490707D509490A7001221A6073
:10C45000FAF76AF8074B1860074A00232370137035
:10C4600010BD00BFF72500204C120020AE20002098
:10C47000E925002048120020A200002000280A4BD5
:10C480000CDB0A4AB2F90020824201DD186001E0AB
:10C4900000221A60064B00221A70704700221A60B0
:10C4A000431CF7D1034BF1E730130020E4230020B5
:10C4B000F8250020A4000020032810B50C460BD15D
:10C4C00071B90A4B0220197003F0D0FF21462046B3
:10C4D00003F0CCFF21460120BDE8104003F0C6BFA9
:10C4E000012901D1014B197010BD00BFA800002027
:10C4F0002DE9F04101219AB004464FF4C020FEF727
:10C50000D5FF684605F05AFC00250323DFF840817B
:10C510008DF804308DF807502F4694F82C30EEB289
:10C52000B34272D82069FEF797FFD4E902300121A7
:10C530001843FEF7BBFF606805F048FD0FA805F043
:10C54000DBFD23686068ADF848704033012F0F931E
:10C550006369109394BF00230123DB014FF48072C1
:10C5600014934FF480630025CDE915234FF4005652
:10C5700020230FA9CDE9173611951395199505F0CC
:10C580009FFD0121606805F0C4FD02A805F092FC42
:10C590004FF440314FF40043CDE903132068029576
:10C5A000022302A905938DF8185005F055FC07A841
:10C5B00005F046FC20680D9507A9CDE90765CDE992
:10C5C0000955CDE90B558DF8387005F01BFC01229B
:10C5D00094F82C302068E9B28B422BD8012105F069
:10C5E00070FC2068012105F0EAFC0028F9D02068E1
:10C5F000022105F0DCFC2068012105F0CFFC206859
:10C6000005F0C7FC1AB0BDE8F081A3699B5D7BB162
:10C61000E36933F816300093236A694653F826001D
:10C6200005F08AFBA26A925D7B1C08F80270DFB2FB
:10C63000013572E7A3695B5C3BB1676A561C795CA4
:10C64000F6B2072305F046FC32460135C0E700BFCD
:10C65000F925002000B51B4B93B0DA798DF8002046
:10C660001B7A194A8DF801304FF09043CDE903232E
:10C6700005934FF44173ADF8043040F60703ADF86D
:10C680000830124BCDF830D04FF0A041CDE9061361
:10C6900001204FF08053CDE908034FF4D8730A937B
:10C6A0000B4B0B930223119303AB0D9304AB0E932F
:10C6B00001AB0F9306A802AB1093FFF719FF13B05D
:10C6C0005DF804FB02260020080004000800024078
:10C6D000F423002000B5214B95B01A788DF8002086
:10C6E0005A798DF801201E4A9B798DF8023007CACD
:10C6F0001C4B03932023ADF8103005AB83E80700F3
:10C700001949CDF838D0088889788DF806104FF48B
:10C71000A061ADF808100621ADF804008DF80A10EC
:10C72000124813494FF0020CCDE908014FF0805137
:10C73000CDE90AC14FF4D8710C910E490D91032136
:10C74000139103A9CDE90F1301AA02AB08A8119216
:10C750001293FFF7CDFE15B05DF804FB0226002012
:10C760004455010804001000BD58010800010050A4
:10C7700008040240EE23002000B5184B184ADB786D
:10C7800093B002218DF804304FF40053ADF810300F
:10C79000144B059305238DF8083003238DF80C30D6
:10C7A000114BCDE906234FF00053CDE908130F4B91
:10C7B0000A930F4B0B930123119301AB0C9304AB22
:10C7C0000D9305AB0E9302AB0F9306A803AB10932A
:10C7D000FFF78EFE13B05DF804FB00BF02260020B9
:10C7E00000040050000400485804024000360010C5
:10C7F000EC23002000B5214B95B05A788DF800202D
:10C800009A788DF801201E4A1B798DF8023007CAEC
:10C810001C4B03934FF48053ADF8103005AB83E805
:10C8200007001949CDF838D0088889788DF80610A6
:10C8300040F20121ADF808100421ADF804008DF894
:10C840000A10124812494FF0020CCDE908014FF0CE
:10C850000051CDE90AC10F490C910F490D910321F7
:10C86000139103A9CDE90F1301AA02AB08A81192F5
:10C870001293FFF73DFE15B05DF804FB0226002081
:10C880005055010800800040C158010800050050C3
:10C890001C04024000360010E623002008B50121E8
:10C8A0004FF4C020FEF702FEFFF7D4FEFFF712FFA1
:10C8B000FFF762FFBDE80840FFF79CBF816170474A
:10C8C00001857047838A9BB24B408382704700008A
:10C8D000112837B50D4619D80D4B0E4C0C2202FB12
:10C8E000003007C884E8070002238DF80730A388CA
:10C8F000ADF80430084B01215B5D8DF80630104621
:10C90000FEF7D4FD206801A903F042FD03B030BD5D
:10C91000305F0108341300202C5F0108112830B467
:10C920000D460DD8074B084C0C2202FB003007C8FF
:10C9300084E80700054BA18853F8253030BC184720
:10C9400030BC7047305F010834130020205F0108BD
:10C9500007B5024660B903230093074B019053F8D3
:10C96000213001204FF48071FAF708FF034B186063
:10C9700003B05DF804FB00BF08600108401300200D
:10C9800008B59FED081AF0EE0C0AF5F735FEDFED5D
:10C99000067A064B20EE270ABCEEC00A83ED000A99
:10C9A00008BD00BF0000FA4400007A44B80000202F
:10C9B000022802D10846F6F7C3BD704708B505281E
:10C9C0000CD8DFE800F0030C15212D360120F5F717
:10C9D0003DFC1C4B01221A7000225A7008BD012038
:10C9E000F5F742FC174B01225A7000221A70F5E746
:10C9F0000420F5F72BFC4020F5F736FC114B012203
:10CA00009A700022DA70E9E74020F5F71FFC042055
:10CA1000F5F72AFC0B4B0122DA7000229A70DDE751
:10CA20000820F5F713FC074B01221A7100225A71F6
:10CA3000D4E70820F5F718FC024B01225A710022B6
:10CA40001A71CBE71226002008B5074A1378012B8C
:10CA500009D001231370054A64211370FA22F5F7F7
:10CA6000C2FD034B188008BDF7250020A20000205E
:10CA700098000020094B1A7812F0FD0F0DD1084ADA
:10CA80001278520709D5074A0221117001221A7043
:10CA9000C0F5A360044B104418807047A20000202A
:10CAA00056240020F72500209600002010B50446EB
:10CAB00008462368227253B941F288320121F5F702
:10CAC00092FD2060F9F730FD236803446360F9F7B5
:10CAD0002BFD6368C01A002808DB237A23B1F9F71D
:10CAE00023FD236803446360012010BD0020FCE7A0
:10CAF0000023C0E90033704710B5084C00290246F6
:10CB000034F9100009DD032310FB0313002BB8BF19
:10CB1000033343F38F0024F8120010BDFC230020E0
:10CB20002DE9F84F3B4D3C4F2C4600262378FB5C0B
:10CB3000CBB194F8028003214046FFF7C9FE40467E
:10CB40000021FFF7EBFE94F80180B8F1110F07D830
:10CB500003214046FFF7BCFE00214046FFF7DEFE02
:10CB60000A20F9F732FD0136052E04F10804DDD163
:10CB7000284C4FF000084FF02A092378FB5C23B3C0
:10CB8000A0780121FFF7CAFE6678112E03D8012193
:10CB90003046FFF7C3FE1E20F9F717FDD4F804B0A6
:10CBA0005846FFF7F9FA49465846FFF759FB09F18D
:10CBB000010A112E5FFA8AFA03D800213046FFF7E6
:10CBC000ADFE1E20F9F701FDD14608F10108B8F1CC
:10CBD000050F04F10804D0D104242E464FF00008BC
:10CBE0003378FB5C2BB17078112802D80221FFF753
:10CBF00095FE08F10108B8F1050F06F10806EFD11E
:10CC00004B20013CF9F7E1FC14F0FF04E5D1BDE84D
:10CC1000F88F00BF2C6001080D2600200A4B5B5CDA
:10CC200073B139B1012905D0022903D0032901D0FC
:10CC3000042905D1054B03EBC1035868FFF71CBB62
:10CC40004FF0FF30704700BF0D2600202C60010818
:10CC50002DE9F84FF9F768FC984A1368C31A632B5B
:10CC6000074640F2DD80964B10601B78002B00F0E9
:10CC7000D780944ADFF880B213889BF800A0A3F213
:10CC8000DC531CB25388A3F2DC531DB2BAF1000F7F
:10CC900000F0CD8000218C48FFF7C0FF0146002046
:10CCA000FFF72AFF002840F3BD80884B1B8898427D
:10CCB00000F3B8804FF0320801210520FFF72EFE67
:10CCC0009BF80160DEB101217F48FFF7A7FF014615
:10CCD0000120FFF711FF002840F3AB807B4B1B883E
:10CCE000984200F3A680B2466FF03106311E18BF9D
:10CCF00001210920FFF712FE46440FFA86F89BF83F
:10CD00000290B9F1000F00F09A8002216E48FFF7FF
:10CD100085FF01460220FFF7EFFE002840F38B80DD
:10CD20006A4B1B88984200F386806FF03106012120
:10CD30000420FFF7F3FD9BF803B0BBF1000F1AD0FE
:10CD400003216148FFF76AFF01460320FFF7D4FE85
:10CD5000002876DD5D4B1B88984272DCD9464FF087
:10CD6000320BBBF1000118BF01210720FFF7D6FDF0
:10CD7000B3440FFA8BF65649BAF1000F05D00B6891
:10CD800003B90F60534BA3F80080534AB9F1000F69
:10CD900004D0136803B91760504B1E8007EE904A09
:10CDA0000B68F8EEE77A002B60D0FB1AB3F5FA7F38
:10CDB0004AD207EE108ADFED4A6AB8EEC77AA7EECC
:10CDC000A67AFDEEC77A474C1368C4ED007A07EEE9
:10CDD000105AB8EEC77A002B65D0FF1AB7F5FA7F64
:10CDE0004FD206EE906A9FED3E6AF8EEE66AE7EEF5
:10CDF000066ABDEEE67A3C4984ED017A17EE900AA8
:10CE00004FF4FA72F5F7EFFB4FF4FA7220603649EF
:10CE10006068F5F7E8FB354B606001221A705A70C4
:10CE2000BDE8F88F4FF00008C246414645E7D046BE
:10CE300046E700265AE70026B146314678E74E46D7
:10CE400079E74FF0000B8CE7B3F57A7F0ED2214BD8
:10CE5000DFED276AB3F900305B4207EE103AB8EE17
:10CE6000C77A27EE267ADFED236AA8E79FED1C7AC2
:10CE700000230B6067EE877A1649FDEEE77A0B8098
:10CE8000A1E7B7F57A7F0ED2144B9FED196AB3F97B
:10CE900000305B4206EE903AF8EEE66A66EE866A8D
:10CEA0009FED146AA3E7DFED0E6A0023136027EEFF
:10CEB000267A0A4ABDEEC77A13809CE74C130020FD
:10CEC0000B260020C4210020AA00002006240020F8
:10CED00048130020FA23002044130020F8230020E8
:10CEE0009A99993E581A00200CFEFFFF1C2600203C
:10CEF0006666E63ECDCC4C3E0D260020024B4FF43C
:10CF000096625A81704700BFC4210020F8B50546DB
:10CF10000C4610461E46042D27D8DFE805F00327EF
:10CF20004B6F9300594B40F634024FF461711F6808
:10CF3000F5F759FB40F6340205464FF4617130466F
:10CF4000F5F751FB043C002387F87D30A5F56175AA
:10CF50001923A0F5617095FBF3F590FBF3F087F8CA
:10CF60007E4087F87F5087F88000F8BD474B40F639
:10CF700034024FF461711F68F5F735FB40F6340257
:10CF800005464FF461713046F5F72DFB043C012353
:10CF900087F88130A5F561751923A0F5617095FBBF
:10CFA000F3F590FBF3F087F8824087F8835087F819
:10CFB0008400DAE7354B40F634024FF461711F68A4
:10CFC000F5F711FB40F6340205464FF46171304627
:10CFD000F5F709FB043C032387F88530A5F5617557
:10CFE0001923A0F5617095FBF3F590FBF3F087F83A
:10CFF000864087F8875087F88800B6E7234B40F6CD
:10D0000034024FF461711F68F5F7EDFA40F634020F
:10D0100005464FF461713046F5F7E5FA043C042308
:10D0200087F88930A5F561751923A0F5617095FB26
:10D03000F3F590FBF3F087F88A4087F88B5087F878
:10D040008C0092E7114B40F634024FF461711F6877
:10D05000F5F7C9FA40F6340205464FF461713046DF
:10D06000F5F7C1FA043C052387F88D30A5F5617505
:10D070001923A0F5617095FBF3F590FBF3F087F8A9
:10D080008E4087F88F5087F890006EE730050020BB
:10D09000044B1B782BB1044B1870044B1980044BC4
:10D0A0001A8070472226002023260020102400200A
:10D0B0000E24002038B504460820F4F7FDFF4FF495
:10D0C0000050F4F7F9FF0120F4F7F6FF4FF4804029
:10D0D000F4F7F2FF012C41D014F0FD053DD13A4B9D
:10D0E0004FF480401D70F4F71FFE40F6340340F209
:10D0F000145207212846FFF709FF40F634034FF486
:10D10000617207210120FFF701FF40F6340340F26E
:10D11000145206210220FFF7F9FE40F214534FF497
:10D12000617204210320FFF7F1FE042140F2A463A1
:10D1300040F214520846FFF7E9FE244B05221A700C
:10D14000234B40F2AA521A80224B40F20E62B4FAEC
:10D1500084F41A806409204B1C7038BD1A4B204699
:10D160001C70F4F7E1FD40F6340340F2145205213F
:10D170000020FFF7CBFE204640F634034FF46172E7
:10D180000521FFF7C3FE40F6340340F21452062196
:10D190000220FFF7BBFE40F214534FF461720421EA
:10D1A0000320FFF7B3FE0421084640F2A46340F2D7
:10D1B0001452FFF7ABFE40F6340240F2DC51072078
:10D1C000FFF766FFC7E700BF2226002023260020C6
:10D1D000102400200E240020BC00002007B50B4BBB
:10D1E000019301214FF48020FEF760F9084801A95E
:10D1F00003F0CEF8074B1A78082322B9044A93614A
:10D2000003B05DF804FB024A1385F9E70800010248
:10D2100000040048BC0000204A088A2102F034BA09
:10D22000152906D8044BCB40DB0702D5017400203A
:10D2300070476FF0070070470B00300010B50A46CA
:10D240000C46092102F054FA18B9237803F00103BF
:10D25000237010BD01F04ABE01F027BD01F02CBEC5
:10D26000F7B500230C46174601210DF107020646CB
:10D270008DF8073002F03CFA0546D8B9012F9DF829
:10D28000073026D1042C3AD8DFE804F003171A1D22
:10D29000200043F010049C420CD02246012130466D
:10D2A00002F0F2F9054628B9716986F83041304636
:10D2B000FFF7D0FF284603B0F0BD43F02804EAE7AB
:10D2C00043F00404E7E743F04004E4E743F080045C
:10D2D000E1E7042C13D8DFE804F00306090C0F0083
:10D2E00003F0EF04D7E703F0D704D4E703F0FB041F
:10D2F000D1E703F0BF04CEE703F07F04CBE76FF084
:10D300000305D7E713B500230C460DF107020121F1
:10D310008DF8073002F0ECF978B99DF80730C3F3C7
:10D3200000122270C3F3C002A270C3F380026270C5
:10D33000C3F38012DB09E270237102B010BD37B570
:10D340000D460DF10202F821044602F0DCF970B935
:10D3500001AA0421204602F0E1F940B9BDF80220FB
:10D360001AB1019BB3FBF2F32B602B68A36103B0EE
:10D3700030BD037F0B700020704737B50D460DF1AF
:10D3800006022021044602F0BEF928B9BDF8063095
:10D3900023B9236A2B60207703B030BDDB002B60FC
:10D3A000236201232377F7E70529F8B504460E46E3
:10D3B000154635D862B100EB810301215A6B002379
:10D3C000701E042807D8DFE800F00E171A1D24008D
:10D3D00011460123F4E784F828103444E5B984F8B1
:10D3E0002850002007E0C2F34F224421204602F0DB
:10D3F00056F90028F1D0F8BD84F82A10EDE784F83A
:10D400002B10EAE75B00FE226021204602F052F971
:10D41000EFE71B01EF22F7E7012384F82830E0E76C
:10D420006FF00300E7E7052996BF4018002390F846
:10D430002830137094BF00206FF00300704770B560
:10D440004318044693F828300E46154623B900EBDE
:10D4500081067263002013E005291AD8DFE801F085
:10D46000030811131515426304EB86046563F1E7A5
:10D47000C2F34F224421204602F011F90028F3D0D4
:10D4800070BDC263F0E70264EEE7C2F34F2264218D
:10D49000F1E76FF00300F3E737B5044615460529B9
:10D4A0002AD8DFE801F0030614161818436B2B6026
:10D4B0001FE00DF10602442102F025F9D0B9BDF8B4
:10D4C000062053028AB12B60A36301230FE0C36BD4
:10D4D000EDE7036CEBE70DF10602642102F013F9AE
:10D4E00040B9BDF806305B02E1E7A26B2A6084F820
:10D4F0002930002003B030BD6FF00300FAE737B5E4
:10D500000D460DF107020121044602F0F1F838B989
:10D510009DF8073084F83031DB092B7084F84C30EB
:10D5200003B030BD2DE9F843037C0C4601F8083BFD
:10D530000546FFF704FF70BB207304F11001284675
:10D54000FFF71BFF38BB04F11401284600F013FC61
:10D5500008BB04F1240705F1270904F11708064662
:10D560003A46B1B22846FFF797FFA0B9013619F83D
:10D57000013F08F8013F062E07F10407F0D104F13E
:10D580003C012846FFF7BBFF28B9211D2846BDE80E
:10D59000F84301F013BDBDE8F8830000F0B50022A8
:10D5A000054693B0882102F06FF84FF47A72A5F81F
:10D5B00052214FF4C872A5F854214C4AC5F858219D
:10D5C00000234B4A85F8F030C5F8D4202B6202A91D
:10D5D0002846FFF7A7FF044670B9ADF8080002AE71
:10D5E0000FCE05F110070FC70FCE0FC70FCE0FC715
:10D5F00096E80F0087E80F003E4BC5F834314FF432
:10D60000FA730126A5F838314FF42063A5F83C31B0
:10D610003246802185F85061284602F035F83246BE
:10D620000746FF21284602F02FF800221146074343
:10D63000284602F029F83C4364B204430DF1070286
:10D640009121284602F054F864B29DF8073085F81D
:10D650003A31044332460021284602F015F864B2FC
:10D6600004430022FF21284602F00EF864B204436E
:10D6700000228021284602F007F864B2204340B21D
:10D68000002488BBA1B2012228460134FFF78CFE9A
:10D69000062CF6D140BB0446688502460421284684
:10D6A000FFF782FE00BB024605212846FFF77CFEFD
:10D6B000D0B94FF490136B634FF480420121284698
:10D6C000FFF7BDFE80B94FF40C13FF22C5E90F3000
:10D6D00085F830210121284601F0D6FF012385F885
:10D6E000323108B985F8154113B0F0BD856B0100E2
:10D6F000A470090064008403012300F068BD2DE9D3
:10D70000F0428EB00C460C2304AA1421054601F009
:10D71000ABFF8446002860D1BDF81620BDF8183054
:10D72000A075BDF81210206052BA5BBA6060BDF8F7
:10D730001A60B5F8520192B29BB249BA5B0252022A
:10D740002361A18276BAE260B0F57A7F8BB295F858
:10D7500031719DF81010B6B20AD0704300F5FA701E
:10D760004FF47A76B0FBF6F02E7F002E39D186B2D8
:10D77000002F40D0B001C0B2B608E0750DF10F0027
:10D780002681CDE90040284601F072FE844620BB88
:10D790009DF80FE084F818E005F150060FCE07AFB2
:10D7A0000FC796E80700E37D87E80700D4E9030187
:10D7B000A28AADF83020D4E90149CDE90A01CDE9CA
:10D7C000084907AC8DF833308DF834E00FCC503574
:10D7D0000FC597E8070086E8070060460EB0BDE871
:10D7E000F0822E8C5E43B2EB262F4FEA262C04D11A
:10D7F00057B948F6E0260020BFE780B25043A2EBBD
:10D800000C06B0FBF6F0B2E742F2B826B2E7000031
:10D81000F7B517460E210DF106021D460B4C0646C4
:10D8200001F071FFBDF8063004EA43433B6050B994
:10D830000DF106020C21304601F065FFBDF80630FF
:10D8400004EA43442C6003B0F0BD00BF0000FE1F9B
:10D8500073B590F8DA30013B022B06460C4634D8FB
:10D8600001AB6A460121FFF7D3FF009BB3F57F0FA1
:10D87000054603D8019BB3F57F0F23D915BB34B1FF
:10D880001349304602B0BDE8704001F0FCBB0422F1
:10D89000FF21304601F0F8FE2A460446702130464A
:10D8A00001F0F2FE2A460443FF21304601F0ECFE6F
:10D8B00064B204432A468021304601F0E5FE64B29A
:10D8C000044365B2284602B070BD0025FAE700BFE8
:10D8D000BD00002073B5012204468021057C01F0C3
:10D8E000D3FE0122FF21204601F0CEFE0022114688
:10D8F000204601F0C9FE94F83A219121204601F01A
:10D90000C3FE01220021204601F0BEFE0022FF21BD
:10D91000204601F0B9FE00228021204601F0B4FE2D
:10D92000012D24D0032D32D0C5BB0122294620462B
:10D9300001F0AAFE01238DF80730B0B9054644F680
:10D9400020669DF80730DB0705F1010509D540B9D0
:10D95000B54226D001460DF10702204601F0C8FE6F
:10D96000EFE7B54208BF6FF0060002B070BD18B90E
:10D9700029462046FFF76CFF02220021204601F0D5
:10D9800083FE0028F1D1042384F83231EDE718B981
:10D9900001212046FFF75CFF0422EEE76FF007004D
:10D9A000E3E76FF00600E0E738B5057C044625B1F3
:10D9B000204600F04CFD28B138BDFFF78BFF002852
:10D9C000F6D0F9E7002DF7D1032384F83231F3E7DD
:10D9D00073B50646002501220B21304601F054FEA6
:10D9E000002204460B21304601F04EFE0DF10702E5
:10D9F00004431321304601F07BFE9DF8073064B2EA
:10DA0000044301355B0760B2EDB205D0032D08D0A9
:10DA10000028E0D002B070BD032D08BF6FF00B00EE
:10DA2000F8E76FF00B00F5E738B500230374044600
:10DA30000D46FFF7B9FF50B929462046FFF75FFEB4
:10DA400028B901462046BDE83840FFF7C1BF38BDC0
:10DA5000152970B5054616461C4667D10122FF21DF
:10DA600001F012FE002211460446284601F00CFE89
:10DA700000220443FF21284601F006FE64B204435D
:10DA800001228021284601F0FFFD64B204430222F6
:10DA90008521284601F0F8FD64B204430422FF21E9
:10DAA000284601F0F1FD64B204430022CD2128464E
:10DAB00001F0EAFD64B204431122CC21284601F0B2
:10DAC000E3FD64B204430722FF21284601F0DCFD98
:10DAD00064B204430022BE21284601F0D5FD64B2A1
:10DAE00004430622FF21284601F0CEFD64B2044320
:10DAF0000922CC21284601F0C7FD64B2044300226C
:10DB0000FF21284601F0C0FD64B204430122FF2139
:10DB1000284601F0B9FD64B20022044311462846AC
:10DB200001F0B2FD64B2204340B270BD042A17D8A0
:10DB30000A2101F0A9FD0028F7D1231E18BF0123F7
:10DB40001B01EF228421284601F0B4FD0028ECD10E
:10DB500085F8DA6001462846BDE87040FFF738BF17
:10DB60006FF00A00E1E7000070B594B0054640226E
:10DB7000002104A806F01EFB002301212846ADF871
:10DB800006308DF803308DF80430029300F0B2FCBB
:10DB900095F81421012A06D895F8131140F0AD80AC
:10DBA000202940F2AC8001AA02A9284600F02AFBF5
:10DBB0000446002840F09E8095F85031002B40F03C
:10DBC000A280D5F84C11284601F05DFA04460028E1
:10DBD00040F090800346024601462846FFF738FF92
:10DBE0000446002840F086800122FF21284601F0EB
:10DBF0004BFD0DF1060206468421284601F083FD07
:10DC000022460643FF21284601F03EFD76B2064338
:10DC100074B2002C6ED1BDF806301B01C5F8D430AB
:10DC200004A92846FFF77EFC0446002862D10DF1C6
:10DC300003012846FFF702FB044600285AD19DF84D
:10DC4000033085F8313104AC0FCC05F110060FC656
:10DC50000FCC0FC60FCC0FC694E80F0086E80F005C
:10DC60000DF103020121284601F042FD044600287F
:10DC700040D19DF8033085F83031024601462846F0
:10DC8000FFF7EEFA0446A8BB024602212846FFF73A
:10DC9000E7FA044670BB0323014685F832310DF1E3
:10DCA0000502284601F008F9044618BB9DF8053026
:10DCB00085F8E8300DF105020121284601F0FCF855
:10DCC0000446B8B99DF8053085F8E03003AA032171
:10DCD000284600F0E5FE044660B9039BC5F8E43031
:10DCE00003AA0421284600F0DBFE044610B9039B7A
:10DCF000C5F8DC30204614B070BD0C2951E7284629
:10DD000000F00CF954E701495DE700BF7302002001
:10DD100013B50C460DF10702132101F0E9FC9DF843
:10DD2000073013F0180F03F0070218BF6FF005005B
:10DD3000226002B010BD13B590F8DA30042B0C4607
:10DD40000BD101A9FFF7E4FF019B042B01D10123B3
:10DD500000E00023237002B010BD01AA142101F0DD
:10DD6000C7FC0028F7D19DF80430DB07EFD4207002
:10DD7000F1E700F047BA13B50C460DF10602282171
:10DD800001F0C1FC60B9BDF80620C2F30B0312F428
:10DD9000006F18BFA3F58053FA2213FB02F3236030
:10DDA00002B010BDF0B54FEAD20C4FF0FF341C604A
:10DDB00002F00702664600278E4200D207B1F0BD8E
:10DDC000845D664503BF1441E4B215463D4614F038
:10DDD000010704D005EBC6051D600136ECE70135EF
:10DDE000082D4FEA5404F2D1F7E70000034B8009F5
:10DDF00053F82000003818BF012070476803002046
:10DE000010B5B1EBD20F4FEAD20402F0070381BF85
:10DE100001229A40035D13438ABF03556FF031001E
:10DE2000002010BD0A460623B02101F00DBC0A46B1
:10DE30000623B02101F018BC2DE9F04F85B005464E
:10DE4000109E129F0196894692461C464FF000088C
:10DE5000119B984515D13E6021462846FFF7E2FF09
:10DE6000E8B902A92846FFF7E2FF0E9A02ABA21812
:10DE7000944214D014F8015B13F8011B8D42F7D0C3
:10DE80000BE00E9901AB32465046FFF78BFFDDF8F1
:10DE900004B0BBF1FF3F05D13E606FF0310005B02B
:10DEA000BDE8F08F0F9B0BEB0300FFF79FFF48458A
:10DEB000F2D15A462046FFF7A3FF0BF1010608F105
:10DEC0000108C5E770B5C02288B00E46012190F860
:10DED0003051044601F0D8FBF0B901A92046FFF704
:10DEE000A3FDC8B90122FF21204601F0CDFB98B95E
:10DEF0003246B621204601F006FC68B90246FF21F1
:10DF0000204601F0C1FB38B92A460121204601F024
:10DF1000BBFB08B984F8305108B070BDF0B50F46AE
:10DF200089B01646FF210122044601F0ADFB0246EE
:10DF3000A8B94F21204601F0A7FB80B92C224E2121
:10DF4000204601F0A1FB024648B9FF21204601F01E
:10DF50009BFB20B9B422B621204601F095FB002599
:10DF6000C4F82451A4F82851DEB9354607ABB422D1
:10DF7000CDE903730623CDE90032029504F59273CF
:10DF800004F5957231462046FFF756FF30B901235C
:10DF900084F8153184F8137184F8146109B0F0BD68
:10DFA000013505F1B400FFF721FF0028DED12C2D4B
:10DFB000F6D1DBE710B541F001020021044601F083
:10DFC00063FB78B9204600F042FA58B90146204672
:10DFD000FFF7FEFC30B9024601462046BDE810407E
:10DFE00001F052BB10BD2DE9F74F4FF0000B8846F2
:10DFF0001746FF21012205461E469DF838A09DF8D0
:10E000003C908DF807B001F03FFB5A460446594654
:10E01000284601F039FB5A460443FF21284601F007
:10E0200033FB64B2044364B2B8F1000F32D0BAF1EA
:10E03000000F06D00C9ACB21284601F059FB204353
:10E0400044B2B9F1000F07D00DF10702EE212846C6
:10E0500001F04EFB204344B20122FF21284601F08B
:10E0600013FB012204430021284601F00DFB64B29A
:10E0700004430022FF21284601F006FB64B29DF80C
:10E0800007300D9A204323F0100340B2137003B001
:10E09000BDE8F08FBAF1000F06D03A46CB212846F2
:10E0A00001F0F2FA204344B2B9F1000FD4D0334664
:10E0B0008022EE21284601F0FDFACBE72DE9F0475A
:10E0C00086B01546002206460F468DF81720994661
:10E0D0001BB390F8308101221146304601F0D4FA8A
:10E0E00004468246F0B940213046FFF763FF0446FC
:10E0F000A8B9012D19D10DF11703CDE90250CDE9D1
:10E1000000730246034629463046FFF76CFF68B1AC
:10E110000446204606B0BDE8F0879846DBE787F85E
:10E1200000A0F6E700233B70F3E73870B9F1000F69
:10E13000EFD042460121304601F0A6FA04460028FD
:10E14000E7D186F83081E4E72DE9F047074686B04D
:10E150000D46164699461BB390F8308102220121E4
:10E16000384601F091FA04468246F0B90146384635
:10E17000FFF720FF0446A8B9012E19D10DF11703AE
:10E18000CDE9020600930246034601953146384622
:10E19000FFF729FF68B10446204606B0BDE8F087C6
:10E1A0009846DBE785F800A0F6E700232B70F3E73D
:10E1B0002870B9F1000FEFD042460121384601F036
:10E1C00063FA04460028E7D187F83081E4E7F8B520
:10E1D0001D46164600232A4690F830710446FFF784
:10E1E0006DFF70B903462A4631462046FFF7ACFF63
:10E1F00038B93A460121204601F046FA08B984F8B8
:10E200003071F8BD2DE9F04F002393B0CDE90A122B
:10E21000C0F82431A0F828310122FF21CDE90E33C6
:10E22000B0F83C718DF8343005468DF8353001F08A
:10E230002BFA0446002840F0E78002464F2128468A
:10E2400001F022FA0446002840F0DE802C224E2104
:10E25000284601F019FA0446002840F0D58002460D
:10E26000FF21284601F010FA0446002840F0CC8037
:10E27000B422B621284601F007FA0446002840F0EF
:10E28000C38002468021284601F0FEF9044600289A
:10E2900040F0BA8003460DF135020DA92846FFF77C
:10E2A00096FF0446002840F0AF8005F5957308936B
:10E2B0000323CDE90203B421062305F592790DF17C
:10E2C0003808CDE90031CDF8108001464B4605F500
:10E2D00095722846FFF7B0FD0446002840F0948070
:10E2E0000DF1360128460E9EFFF7ECFD044600288E
:10E2F00040F08A80BDF83630BB424CD9C5F82401C5
:10E30000A5F8280106F1B400FFF770FD08B92B2E1F
:10E310003FD90623B4224FF0030ACDE90032CDE9FC
:10E32000026A089ACDF810804B4601212846FFF773
:10E3300083FD60BB0DF1360128460E9EFFF7C2FD3E
:10E3400028BBBDF83630BB427AD84FF0010B9F4254
:10E3500079D9DB1B83EAE372A2EBE3720323069312
:10E3600005F592735FFA8BF809920793079B18687B
:10E370009B881090ADF8443032460FAB08980621C8
:10E38000FFF710FD0F9E731C08D16FF0310004469B
:10E390003AE00136B6E74FF0000BD8E706F1B400DB
:10E3A000FFF724FD584537D1069B3246484603F116
:10E3B000010AFFF725FD0028E7D149462846013626
:10E3C000FFF730FD0028E2D10DF136012846FFF7B6
:10E3D00079FD0028DBD1BDF83610CA1B002AB8BF72
:10E3E0005242B94214D9099B934217D210A9284628
:10E3F000FFF718FD0799BDF8442003461098C5F8AB
:10E4000024018A8043B11C46204613B0BDE8F08F3A
:10E41000CDF818A00992A9E7DDF818A00A9BC3F867
:10E4200000A00B9B83F80080012385F815310A9B1F
:10E430001B6885F813310B9B1B7885F81431E3E7D3
:10E440004FF00108EAE74FF00008C246E6E737B5AB
:10E45000002304468DF8073044F620650DF10701CE
:10E460002046FFF768FC58B99DF80730012B07D00C
:10E47000013D03D0204601F05CF9EFE76FF00600A4
:10E4800003B030BD02464FF08043934202D80020D3
:10E4900013B970479B08F8E7C11891424FEA500042
:10E4A0009CBFC018521A9B08F2E7F7B500228321DF
:10E4B000054601F0E9F8044698B9064644F6206797
:10E4C0000DF107028321284601F012F99DF807306B
:10E4D0000343DBB2044623B90136BE42F0D16FF0EC
:10E4E000060401228321284601F0CEF8204340B2E1
:10E4F00003B0F0BD2DE9F04F90F8F07091B0002618
:10E50000072FCDE907660546884600F08382012281
:10E51000802101F0B9F801220446FF21284601F0CC
:10E52000B3F8324604433146284601F0ADF864B2F0
:10E5300004430622FF21284601F0A6F864B20443F2
:10E540000DF115028321284601F0D2F89DF815201F
:10E5500064B2044342F004028321284601F094F897
:10E5600064B204430722FF21284601F08DF864B20B
:10E57000012281210443284601F086F864B2044355
:10E58000284601F0D6F864B20443012280212846CF
:10E5900001F07AF864B2044318F0010B64B200F0A1
:10E5A0003D82FA0700F13D826B229421284601F05A
:10E5B0006BF806462846FFF778FF06AA0643902127
:10E5C000284601F0ABF8344364B22422942104437A
:10E5D0002846069E01F058F864B204432846FFF727
:10E5E00064FF64B2044306AA9021284601F096F81D
:10E5F000069B64B21BBA2522942104432846099342
:10E6000001F042F864B204432846FFF74EFF64B2BB
:10E61000044306AA9021284601F080F8069B64B2C4
:10E620001A0E04431B0CC6F3062A64B2C6F3C036A6
:10E630008DF828208DF8293018F00203029300F09D
:10E64000DB8017F0020940F0D7800222942128468F
:10E6500001F01AF801902846FFF727FF019B0DF102
:10E6600016020343902128461C4301F041F864B28E
:10E670007B2294210443284601F006F864B2044347
:10E680002846FFF712FF64B204430DF117029021F0
:10E69000284601F02DF864B27722942104432846DD
:10E6A00000F0F2FF64B204432846FFF7FEFE64B2B6
:10E6B000044306AA9021284601F030F8069B5A0E22
:10E6C0008DF82C20C3F386428DF82D20C3F3C6228B
:10E6D0008DF82E2064B2C3F30612DB0003F078033A
:10E6E000942104438DF82F20284678228DF8153088
:10E6F00000F0CAFF64B204432846FFF7D6FE64B2B6
:10E70000044306AA9021284601F008F8069B9DF8CC
:10E71000152002EB53728DF83020C3F386528DF82A
:10E720003120C3F3C6328DF83220C3F306228DF8B0
:10E73000332064B2C3F346029B0103F040039421EB
:10E7400004438DF83420284679228DF8153000F0E6
:10E750009BFF64B204432846FFF7A7FE64B204435C
:10E7600006AA9021284600F0D9FF069B9DF81520A7
:10E7700002EB93628DF83520C3F3C6428DF8362044
:10E78000C3F306328DF8372064B2C3F346129B0000
:10E7900003F07C03942104438DF8382028467A2224
:10E7A0008DF8153000F070FF64B204432846FFF77F
:10E7B0007CFE64B2044306AA9021284600F0AEFF16
:10E7C000069B9DF815208DF83E9002EB93728DF814
:10E7D0003920C3F3C65264B28DF83A20C3F306421F
:10E7E00004438DF83B20C3F34622C3F3860364B28F
:10E7F0008DF83C208DF83D3018F00403019300F0B3
:10E8000012817B0700F10F817B229421284600F0C2
:10E810003BFF81462846FFF748FE07AA49EA000960
:10E820009021284600F07AFF44EA09094FFA89F955
:10E8300049EA00047C229421284600F025FF64B2B6
:10E8400004432846FFF731FE64B2044308AA90212E
:10E85000284600F063FF64B27322942104432846E3
:10E8600000F012FF64B204432846FFF71EFE64B2B4
:10E87000044306AA9021284600F050FF069B64B28C
:10E880001B0274229421044328461FFA83F900F0E6
:10E89000FBFE64B204432846FFF707FE64B204435C
:10E8A00006AA9021284600F039FF64B29DF81B307B
:10E8B000752294210443284643EA090900F0E4FE46
:10E8C00064B204432846FFF7F0FD64B2044306AA8D
:10E8D0009021284600F022FF069B64B21B029BB2E7
:10E8E0007622942104432846039300F0CDFE64B2BF
:10E8F00004432846FFF7D9FD64B2044306AA9021D9
:10E90000284600F00BFF64B29DF81B20039B0443D4
:10E9100064B21343002281212846039300F0B4FE21
:10E9200006220443FF21284600F0AEFE64B20443F1
:10E930000DF115028321284600F0DAFE9DF815201E
:10E9400064B2044302F0FB028321284600F09CFEDF
:10E9500064B204430122FF21284600F095FE64B210
:10E96000044301220021284600F08EFE64B20443D5
:10E970000022FF21284600F087FE64B204430022F3
:10E980008021284600F080FE64B2204340B2002877
:10E9900041D1039BBBF1000F0CD0F8070AD40998B2
:10E9A000BDF8282085F813A185F81461C5F82A015F
:10E9B000A5F82E21029A82B1B9070ED49DF816202F
:10E9C00085F8F1209DF8172085F8F2200BA905F1B4
:10E9D000F300029305F0AAFC029B019AB2B17A07F8
:10E9E00014D4079AC5F81821089AC5F81C214FEAD3
:10E9F0004922C5F820213BB1A3F5C8534FF47A72E0
:10EA000053431B095B429BB21BB2EB6047EA08070A
:10EA100085F8F070002011B0BDE8F08F5E46DA4650
:10EA20000AE6B24608E64FF000094B4672E740B1ED
:10EA300001380023FF2803F1010203D800EB032073
:10EA400080B2704740081346F4E7C3B2000A03FAE5
:10EA500000F0013070470000084B5A434FF47A73BE
:10EA600002F5FA724FF4FA60B2FBF0F0B2FBF3F287
:10EA700003FB0100B0FBF2F0704700BF002F3A002B
:10EA8000064B5A434FF47A7002F5FA72B2FBF0F279
:10EA90004A4302F5FA72B2FBF0F07047002F3A00D9
:10EAA0002DE9FF4102294FF00005074616468DF873
:10EAB0000350ADF804501CD80DF102022946FEF7B0
:10EAC000CDFB044630B90DF103024621384600F073
:10EAD0000FFE04469DF80300FFF7B7FF81B29DF8D3
:10EAE00002203846FFF7CCFF3060204604B0BDE876
:10EAF000F081032918D10DF102022946FEF7AEFB81
:10EB00000446002846D101460DF102023846FEF7C0
:10EB1000A5FB044628B901AA5121384600F0F3FDAF
:10EB20000446BDF80400D7E7042935D102A9FEF751
:10EB3000E9FB9DF80B304BB30DF102022946384634
:10EB4000FEF78CFB044618BB01AA5121384600F0A1
:10EB5000DAFD0446BDF80400FFF777FF85B2BCB9C3
:10EB60000DF1020201213846FEF778FB044678B920
:10EB70000DF106027121384600F0C5FD0446BDF8CE
:10EB80000600FFF762FF80B2401BA7E71D46E7E7DC
:10EB90000020F9E72846A7E728462C46A4E7F0B569
:10EBA000022985B0054616461ED80DF10502002142
:10EBB000FEF754FB0446A0B99DF8052031462846CF
:10EBC000FFF74AFF83B2B3F5807F9ABF00F1FF32AF
:10EBD000D2B2FF22A5F8D8204621284600F054FDE5
:10EBE0000446204605B0F0BD03291FD10DF10502F2
:10EBF0000021FEF733FB9DF80520044631462846E8
:10EC0000FFF72AFF80B2FFF712FF0246ADF80600B9
:10EC1000A5F8D800002CE4D15121284600F03FFD92
:10EC200004460028DDD1C5F8E460DAE7042939D1CB
:10EC300002A9FEF767FB9DF80B70B7B10DF1050255
:10EC400000212846FEF70AFB04460028C9D10DF131
:10EC500006025121284600F056FD04460028C0D186
:10EC6000BDF80600FFF7F1FE87B20DF105020121A4
:10EC70002846FEF7F3FA04460028B2D19DF8052095
:10EC800031462846FFF7E8FE3844FFF7D0FE7121F1
:10EC90000246284600F003FD04460028A1D1C5F82D
:10ECA000DC609EE76FF003049BE7F0B585B00023BE
:10ECB0008DF80330D30705460F46164605D441B9F3
:10ECC000A2F10C03DAB2062A12D96FF0030005B0E4
:10ECD000F0BD012920D1A2F10803DAB2062AF4D846
:10ECE000062B19D8DFE803F0371865188618990045
:10ECF000062B11D8DFE803F0041029102B102D008B
:10ED000018225721284600F0BFFC08225621284629
:10ED100000F0BAFC0028DAD17408013CE4B2002FFC
:10ED200000F08E80012FD0D101AA04212846FFF7E0
:10ED3000B7FE38B922467021284600F0A5FC00280D
:10ED400000F0B28085F8E060C1E73022D9E74022C8
:10ED5000D7E75022D5E71022482100F095FC082281
:10ED60004721284600F090FC022204463221284622
:10ED700000F08AFC0C2204433021284600F084FC79
:10ED800064B204430122FF21284600F07DFC64B2F6
:10ED9000044364B230223021284600F075FC002282
:10EDA0000443FF21284600F06FFC64B2204340B2C8
:10EDB000B0E72822482100F067FC082247212846B6
:10EDC00000F062FC032204463221284600F05CFC7D
:10EDD000044364B209223021284600F055FC012288
:10EDE0000443FF21284600F04FFC64B2044364B2A0
:10EDF0002022D0E73822482100F046FC0822472193
:10EE0000284600F041FC032204463221284600F047
:10EE10003BFC044364B20822DDE74822114600F0BF
:10EE200033FC08224721284600F02EFC032204462A
:10EE30003221284600F028FC044364B20722CAE7C6
:10EE400002AA03212846FFF72BFE88B903AA022154
:10EE50002846FFF725FE58B922465021284600F0E3
:10EE600013FC28B9029A03212846FFF798FE10B137
:10EE700085F8E8602BE7039A02212846FFF78FFE0A
:10EE800085F8E86000287FF422AF69692846FEF71C
:10EE9000E1F900287FF41BAF024601230DF10301C5
:10EEA0002846FFF751F912E7019A04212846FFF797
:10EEB00076FE85F8E060E5E713B5144629B101292F
:10EEC00010D06FF0030002B010BD0DF10702502109
:10EED00000F00EFC0028F6D19DF8073001335B00EE
:10EEE0002370F0E70DF107027021F1E7F0B5002380
:10EEF00085B04FF4FA62CDE9002344F61F639942CE
:10EF000006460F4604D86FF00305284605B0F0BD4D
:10EF100002A9FEF7F7F905460028F6D19DF8092069
:10EF20009DF8083013439DF80A201343A7F63634A2
:10EF30001BD06A4602213046FFF7B2FD00283BD1C4
:10EF40009DF808302BB1009B03F24E239C42DAD986
:10EF5000E41A9DF80A3023B3009B03F2B223B4EB0A
:10EF6000430F4FEA4302CED9A41A9DF80B305BB190
:10EF700001AA03213046FFF793FD019B03F525739A
:10EF80009C42C0D9C0B9E41A9DF80C30002BBCD00B
:10EF9000A4F2262204213046FFF701FE77610546E0
:10EFA000B3E79DF80930002BDFD0009B03F52573F4
:10EFB0009C42A8D9E41AD8E70546A6E770B54FF4F5
:10EFC000FA6286B00023CDE9022340F636330B60A7
:10EFD0000C4604A90646FEF795F90546002836D1E9
:10EFE0009DF811209DF8103013439DF81220134313
:10EFF00019D002AA02213046FFF752FD002840D165
:10F000009DF810302BB1029B03F24E22236813446B
:10F0100023609DF81230EBB1029B03F2B222236809
:10F0200003EB420323609DF81330EBB99DF81430D5
:10F030005BB101AA04213046FFF732FD019B03F2C8
:10F040002622236813442360D8B9236873612846B5
:10F0500006B070BD9DF81130002BE4D0029B03F583
:10F06000257223681344DDE703AA03213046FFF726
:10F0700017FD039B03F525722368134423600028C2
:10F08000D4D00546E3E72DE9F743002406460D46B4
:10F09000204615F80480B8F1000F00D010B103B07D
:10F0A000BDE8F083671CB8F1FF0F15F8079029D170
:10F0B000A71CEB5DB9F1030F36D8DFE809F0020BAE
:10F0C000131B271D2C44E27802EB0323A6F83431EE
:10F0D0003C46DEE7271D2C44E27802EB0323A6F82A
:10F0E0003631F5E7271D2C44E27802EB0323A6F81E
:10F0F0003831EDE7271D2C44E27802EB0323A6F814
:10F100003C31E5E7B8F1040F0ED802344246291924
:10F1100001A8F1F755F8434601AA4946304604EBE9
:10F12000080700F091FAD3E76FF00300D0E773B55A
:10F1300000230E4613600DF1070105461446FEF745
:10F1400018F940B99DF807302BB1B38A2A6A5343A6
:10F1500080331B0A236002B070BD13B5CB68136007
:10F16000144601AAFFF7E3FF18B92368019A134474
:10F17000236002B010BD0000F8B5B0F85451D0F8CB
:10F18000580168438030000A0E464543DDE9071701
:10F19000144652B1B60206EB5202B2FBF4F202EB95
:10F1A0004202524302F50042140C069A534301F501
:10F1B0000042120C06200332B2FBF0F2C2EBC20294
:10F1C000B2F5803F38BF033103F500433EBFB1FBCA
:10F1D000F0F1C1EBC10101F500414FEA134334BF27
:10F1E000090C1B4903FB03F338BF494303EB5703E7
:10F1F0000B44B3FBF7F39B03FE2205F120007F33A2
:10F20000B3FBF2F35C434FF47A7704F5FA748009A8
:10F21000B4FBF7F42401FFF735F904F5FA74BC42A6
:10F2200028BF4FF4FA63064629BFB4FBF3F300206E
:10F230005B19B4FBF7F428BFB3FBF4F0FFF722F936
:10F24000099B864294BF1E6018600020F8BD00BF75
:10F250000000F0FF2DE9F04F93B0CDE908230B69D2
:10F260000A930546CB680D930F4611AAFFF775FF69
:10F2700010AA39462846FFF75AFF834650BB119C17
:10F2800095F8E0A0D5F8DC3006934FF47A7606FBCB
:10F2900004F101F500410591803410990B9124F09F
:10F2A000FF010C9111910599D5F8E4300793BAF15B
:10F2B000080F0CBF02230323090C95F8E820DFF8A0
:10F2C000AC810E910AD1089BC3F80080099BC5F858
:10F2D00040811860584613B0BDE8F08F07990F932E
:10F2E0002846FFF7B9FB5246069981462846FFF7A4
:10F2F000B3FB0F9B59490E9A814403FB09F94FEA6E
:10F30000C92940F2776309F5FA79240AB9FBF6F9BD
:10F3100003FB09F909F5FA79B9FBF6F909FB04F4DD
:10F3200004F180030A9C74430C40B4FBF2F44C4A91
:10F330001B0A944228BF1446012B38BF01230C201E
:10F340004FF4167258435443FFF79CF83B7E4FEA44
:10F35000400A002B7FD14149059B3A890B4003F5B8
:10F36000FA71404B5A4341F25C23B2FBF3F20B9B20
:10F370007343B3F5481F28BF4FF44813A1EB430371
:10F38000B1FBF6F1B3FBF6F31B02B3FBF1F6360269
:10F39000C6F58036564306F50046760C06F500465F
:10F3A0007643B60B4FF44873734303F5004304F5FB
:10F3B00000401B0C5B43000C00FB0030FFF762F8C1
:10F3C00003046422323341F28837B3FBF2F340F690
:10F3D000B532B3FBFAF302FB0377234B9F429CBF8A
:10F3E00042F21073B7FBF3F7DDE90632134403F57D
:10F3F000FA734FF47A7A4FF4FA62B3FBFAF0B3FB84
:10F40000F2F202F5C812B2FBF0F088BF4FF4704779
:10F41000FFF738F8000200F5FA70B0FBFAF040434D
:10F4200007FB0700FFF72EF80AFB00F0089B40459A
:10F4300028BF40461860099BC5F84001CDE90293FA
:10F440004FF448730093DDE90C12019433462846CB
:10F45000FFF792FE3EE74FF48036A3E70000FFFF80
:10F46000666666009A9906000F279F24AE878F0272
:10F470002DE9F04F9B468BB00023C1F3C3099046A2
:10F4800019460DF10E02159F8DF80E3004468DF8C9
:10F490000F308DF810308DF81130ADF8123009931F
:10F4A000FDF7C1FF4FF2A10A9DF80E502AFA09FAA2
:10F4B0000AF0010A0646DDB10023002840F09D80D5
:10F4C000149909AB05AA2046FFF7C4FE002840F0B6
:10F4D0009680149A099B5381014606AA2046FDF79F
:10F4E000DBFF069D25B1059B9D422CBF0025012514
:10F4F00020B904AA02212046FDF795FF9DF810606F
:10F5000026B300287DD107AA02212046FDF7C4FFBB
:10F5100088B90122FF21204600F0B6F858B90DF154
:10F520001202B621204600F0EEF820B90246FF2173
:10F53000204600F0A9F8BDF81230079E5B02C4F81F
:10F5400048311EB19E422CBF0026012628B90DF17C
:10F55000110203212046FDF766FF9DF8113093B19B
:10F5600000286FD1BBF1000F03D04FEA0828B8FB89
:10F57000FBFB08AA03212046FDF78EFF089B5B4595
:10F5800094BF0023012320B9BAF1000F3BD0FF2222
:10F590003A703A780AB914994A810DF10F020121A3
:10F5A00020460193FDF73FFF20BB9DF80E20019BF5
:10F5B000002A08BF45F00105B9F1040F18BF9DF8F6
:10F5C0000F2084F82E501ABFB2FA82F2520901229B
:10F5D00084F82F209DF81020002A08BF46F001066D
:10F5E0009DF8112084F83060002A08BF43F0010321
:10F5F00084F831300BB0BDE8F08F1D467EE735460C
:10F600007CE70026A9E709F1FF32092A0AD8DFE8DA
:10F6100002F0050505090907090B070B0522B7E7E5
:10F620000422B5E7012E01D10322B1E7B9F1040F9D
:10F6300001D0012B01D10222AAE7012D16BF002320
:10F640003D703B700023A4E710B53F2B90F85C01A0
:10F650008CBF6FF00304002403F052F900280CBFA4
:10F6600020466FF0130010BD10B53F2B90F85C01E1
:10F670008CBF6FF00304002403F04CF900280CBF8A
:10F6800020466FF0130010BD08B590F85C0103F040
:10F690004BF9002814BF6FF01300002008BD08B517
:10F6A00090F85C0103F047F9002814BF6FF01300D5
:10F6B000002008BDF7B590F85C71154638460DF18D
:10F6C00007020E461C4603F044F918B16FF0130010
:10F6D00003B0F0BD9DF807301D4044EA05023146F5
:10F6E00038468DF8072003F01FF90028F0D0EDE729
:10F6F00008B590F85C0103F02CF9002814BF6FF0F6
:10F700001300002008BD08B590F85C0103F02AF949
:10F71000002814BF6FF01300002008BD08B590F852
:10F720005C0103F02EF9002814BF6FF013000020D5
:10F7300008BD08B50A20F6F748FF002008BD08B547
:10F7400013460A460146682000F088FB003818BFBF
:10F75000012008BD0A460146682000F073BB000086
:10F76000F0B54E4B4E4D4F4C85B00026186023200F
:10F77000C5E900662680AE60F6F727FF0DF10502A9
:10F7800001217520FFF7DBFFC8B3474B6B60474B88
:10F79000AB600DF1060243F64333012130462B8066
:10F7A000FFF7CDFF9DF8063060B3EA2B2AD142F671
:10F7B0003353314606277F202B802770FFF7CAFF7F
:10F7C0000A20F6F702FF78210320FFF7C3FF0A2083
:10F7D000F6F7FBFE01213846FFF7BCFF0A20F6F7DB
:10F7E000F4FE3F210720FFF7B5FF1420F6F7EDFEEA
:10F7F00031460720FFF7AEFF0A20F6F7E6FE29485C
:10F8000005B0F0BD03F07E038DF8063030B1682BF3
:10F8100004D1012323701D232B70F0E79DF80530E0
:10F8200003F07E03682B8DF8053032D102230621C8
:10F83000237002AA6B68084698479DF80D309DF822
:10F840000B209B00520002F0020203F0040313435A
:10F850009DF8092002F0010213430CD0012B02D1C4
:10F8600000236370CBE7022B01D10123F9E70220CB
:10F87000F6F7B6FEC3E76B680DF1070201210C2015
:10F8800098479DF8073013F00F03F0D0042BECD10C
:10F89000E6E7702B04BF04232370B0E7701A002042
:10F8A000741A0020252600203FF7000855F70008AD
:10F8B00037B50D4C2378ABB90C4D2B6893B1186854
:10F8C00010B10121FBF7F2FD2B689A889868ADF81A
:10F8D000042001A94FF40072ADF8062000F058FD95
:10F8E0000123237003B030BD24260020701A0020AD
:10F8F00037B50B4B04465D6858786A460621A84721
:10F9000058B1BDF800305BBA2380BDF802305BBA55
:10F910006380BDF804305BBAA38003B030BD00BF84
:10F92000741A002037B50B4B04465D6818786A4698
:10F930000621A84758B1BDF800305BBA2380BDF856
:10F9400002305BBA6380BDF804305BBAA38003B0B9
:10F9500030BD00BF741A0020024B01469B687F2017
:10F96000184700BF741A002008B5FFF7A1FF024B2B
:10F970004FF480521A8008BD7200002013B5304C3D
:10F98000FFF796FF0020FFF7E7FFA368802106201E
:10F9900098479620F6F719FEA3680121062098479C
:10F9A0003220F6F712FE636800200DF107020121F4
:10F9B0008DF8070098479DF80730EA2B01D0F2F741
:10F9C00087FDA3680021032098470120F6F7FDFD7D
:10F9D000A3680021072098470120F6F7F6FD2020B4
:10F9E000FFF7BAFF0120F6F7F0FDA3681F21012001
:10F9F00098470120F6F7E9FD0021A36808469847DB
:10FA00000120F6F7E2FDA368352114209847012074
:10FA1000F6F7DBFDA3680021102098470120F6F7D8
:10FA2000D4FDA3680021112098470120F6F7CDFDF1
:10FA30000020FFF791FF0120F6F7C7FD02B010BDCF
:10FA4000741A0020054B1B78062B01BF044B036082
:10FA5000044B43600CBF0120002070472526002086
:10FA600069F90008F1F80008064B1B78062B01BF66
:10FA7000054B0360054B436003BF054BC36001208A
:10FA800000207047252600207DF9000825F9000890
:10FA90002D23FA3B10B57D4B98428AB0044640F0C6
:10FAA000B18001214FF48020FBF700FD01214FF4CC
:10FAB0000010FBF713FD1020FBF7DEFC00212046B1
:10FAC00002F0A3FB204602F049FB03A802F076F9FE
:10FAD0006F4B70484FF4407403A9CDE9034302F023
:10FAE0002BF921466B4802F077F90520F6F762FD05
:10FAF000122468484FF4007102F067F9012811D010
:10FB00004FF48071634802F069F90520F6F752FD61
:10FB100060484FF4807102F05FF90520F6F74AFD66
:10FB2000013CE6D14FF400715A4802F057F9052024
:10FB3000F6F740FD4FF48071564802F04DF905206C
:10FB4000F6F738FD4FF40071524802F045F90520F0
:10FB5000F6F730FD01214FF40010FBF7D7FC05202C
:10FB6000F6F728FD00214FF40010FBF7CFFC05202D
:10FB7000F6F720FD01214FF40010FBF7AFFC4548DC
:10FB80000422082102F02CF904220921414802F044
:10FB900027F901A802F012F903A802F02BFB3E4B53
:10FBA0003C484FF48071CDE9011301A902F0C4F87B
:10FBB0004FF4007301A93748019302F0BDF803A880
:10FBC00002F018FB0024354B039301214FF4001081
:10FBD000CDE90444CDE9074406940994FBF796FC6B
:10FBE0000520F6F7E7FC21464FF40010FBF78EFCEA
:10FBF000264803A902F0CEFA2448012102F005FBB1
:10FC00000AB010BD264B9842FAD101214FF484006E
:10FC1000FBF74CFC01214FF48000FBF75FFC21480F
:10FC2000FBF72AFC20480422062102F0D9F804221E
:10FC30000A214FF0904002F0D3F801A802F0BEF87C
:10FC400003A802F0D7FA144B1748402201A9CDE9C6
:10FC5000012302F071F84FF4806301A94FF0904046
:10FC6000019302F069F803A802F0C4FA0023CDE979
:10FC70000433CDE907330693099303A9074B039394
:10FC8000204602F087FA01212046B7E700540040E1
:10FC90000103010000040048020301007A25E0008E
:10FCA0000058004020000010001400480E4B9842FD
:10FCB0000CBF0E4A0E4A138810B501330D4C9BB28F
:10FCC00013802068002102F0A0FA20684FF44C71E4
:10FCD00002F0C3FA2068012102F097FA2068FFF7CA
:10FCE000D9FE002010BD00BF0054004014240020A5
:10FCF00012240020801A0020044B014604480029E9
:10FD000018BF1846034B1860FFF7C4BE00580040E8
:10FD100000540040801A0020044B1A68044B9A4299
:10FD20000CBF044B044B188880B27047801A002027
:10FD30000054004014240020122400202DE9F74331
:10FD40003E4D3F4C98464FF42043064689461746A1
:10FD50002B6020684FF4004102F079FA00283DD171
:10FD60004FF400537600009306F0FE064FF08073C8
:10FD700020680122314602F051FA4FF420432B60F3
:10FD80002068022102F063FA002833D02068494637
:10FD900002F058FA4FF420432B602068802102F0D3
:10FDA00056FA68B3002300933A46314620684FF074
:10FDB000007302F033FA08EB07064FF42047B04512
:10FDC0002F6028D12068202102F041FA00282ED08F
:10FDD0002068202102F041FA012008E02B685A1E19
:10FDE0002A60002BB5D12068FFF760FF002003B028
:10FDF000BDE8F0832B685A1E2A60002BC0D1F2E7C1
:10FE00002B685A1E2A60002BC7D1ECE72B685A1EBC
:10FE10002A60002BE7D02068022102F018FA00289F
:10FE2000F4D018F8011B206802F00CFAC7E72B6821
:10FE30005A1E2A60002BC5D1D5E700BF841A0020C6
:10FE4000801A002007B58DF807200DF10703012265
:10FE5000FFF774FF03B05DF804FB00002DE9F743E2
:10FE60003F4D404C98464FF420430646894617467E
:10FE70002B6020684FF4004102F0E9F903460028A6
:10FE80003DD14FF400527600009206F0FE06206845
:10FE90000122314602F0C2F94FF420432B60206862
:10FEA000022102F0D4F9002836D02068494602F039
:10FEB000C9F94FF420432B602068402102F0C7F9B4
:10FEC00000282FD04FF410530093314620684FF094
:10FED00000733A4602F0A2F900264FF42049BE42D0
:10FEE000C5F8009029D12068202102F0B0F900283F
:10FEF00030D020682021F6B202F0AFF908E02B687C
:10FF00005A1E2A60002BB4D12068FFF7CFFE0026CE
:10FF1000304603B0BDE8F0832B685A1E2A60002BE0
:10FF2000BDD1F1E72B685A1E2A60002BC4D1EBE744
:10FF30002B685A1E2A60002BE6D02068042102F0AC
:10FF400086F90028F4D0206802F07EF908F806004F
:10FF50000136C4E72B685A1E2A60002BC3D1D3E7B1
:10FF6000841A0020801A00202DE9F7432C4D2D4CD7
:10FF70004FF4204306460F4690462B6020684FF40E
:10FF8000004102F064F9814630BB4FF40053760023
:10FF900006F0FE060093314620684FF08073012280
:10FFA00002F03CF9CDF800903A46314620684FF017
:10FFB000007302F033F947444FF42046B8452E60F1
:10FFC0001BD12068202102F042F910B320682021C3
:10FFD00002F043F9012008E02B685A1E2A60002B2A
:10FFE000CCD12068FFF762FE002003B0BDE8F083AB
:10FFF0002B685A1E2A60002BF3D02068022102F0E1
:020000040801F1
:1000000026F90028F4D018F8011B206802F01AF92C
:10001000D4E72B685A1E2A60002BD2D1E1E700BF3B
:10002000841A0020801A00202DE9F7434FF4105362
:100030001F4D00930F464100904628681D4E4FF01B
:1000400000733A4601F0FE0102F0E8F800244FF494
:100050002049BC42C6F8009016D12868202102F041
:10006000F6F8F0B128682021E4B202F0F6F807E0D3
:1000700033685A1E32603BB92868FFF717FE002428
:10008000204603B0BDE8F0832868042102F0DFF8C1
:100090000028EDD0286802F0D7F808F804000134F1
:1000A000D7E733685A1E3260002BD6D1E4E700BF91
:1000B000801A0020841A002010B5012188B04FF466
:1000C0008040FBF70BFA01214FF48040FBF71EFA4A
:1000D00001214FF48020FBF7E9F9274805220D2183
:1000E00001F07EFE244805220E2101F079FE22480F
:1000F00005220F2101F074FE052211461E4801F071
:100100006FFE1D4805220C2101F06AFE4FF460428B
:1001100040F2023301A91848CDE901234FF480547D
:1001200001F00AFE40F2013301A91348CDE9014371
:1001300001F002FE114802F093F8114B11484FF004
:100140008271CDE903130823CDE905032146072376
:100150000A48ADF81C3002F006F903A9074802F07E
:10016000B1F80648012102F0F2F80348214601F0F7
:1001700033FE08B010BD00BF000400480038004046
:10018000000702000100000208B5044B984203D1A9
:10019000FFF792FF012008BD0020FCE70038004077
:1001A0000B4B984207D10B4A138801339BB2138043
:1001B0004FF0FF307047084B984201D1074AF3E7F0
:1001C000074A138801339BB21380108880B27047AE
:1001D000003001401A24002000380040182400207C
:1001E0001624002070B504460E4640F2E93502217F
:1001F000204602F0C7F878B13146204602F0BEF83A
:1002000040F2E9350121204602F0BCF868B12046F1
:10021000BDE8704002F0B4B8013DADB2002DE6D1AA
:100220002046FFF7BDFFC0B270BD013DADB2002D4D
:10023000E8D1F5E72DE9F8439846838904460D4651
:1002400016464FF47A77B8F1000F01D1012025E06E
:10025000C6B116F8019B0221204602F093F8A0B126
:100260004946204602F08AF80121204602F08AF829
:10027000C0B1204602F084F80DB105F8010B08F179
:10028000FF38E0E74FF0FF09E5E77B1E9BB23FB97F
:100290002046FFF785FF003818BF0120BDE8F8832E
:1002A0001F46D8E77B1E9BB2002FF1D01F46DBE72D
:1002B00008B5FFF7D3FD003818BF012008BD13B5FE
:1002C000012204466B4610210C20FFF7F1FF10B904
:1002D000002002B010BD9DF80030DB07F8D56B465A
:1002E000072211210C20FFF7E3FF0028F0D0BDF812
:1002F00000302380BDF802306380BDF80430A38055
:10030000012231210C20FFF79DFDE2E7FFF79ABDA6
:1003100008B5012232210C20FFF7F8FF4FF47A7064
:10032000F6F753F9012231210C20FFF7EFFF0120EE
:10033000F6F74BF9012008BD37B5002405462246E3
:100340007F2168208DF80740FFF7E0FF32220F2160
:100350006820FFF7DBFF224603216820FFF7D6FF66
:1003600001220DF1070311460C20FFF7A1FF9DF8B4
:100370000730092B01BF044B2B60044B6B600CBF93
:100380000120204603B030BD11030108BF0201085F
:10039000F7B506460C4600250127228807FA05F323
:1003A0001A4219D00093A37803F003028DF80420B9
:1003B000E278022A02D0032A18BF01228DF8052014
:1003C0006946C3F301123046C3F381038DF806205A
:1003D0008DF8073001F0B0FC0135102DDDD103B0F0
:1003E000F0BD000030B5204D0FCD8DB06C460FC470
:1003F0000FCD0FC495E80F0084E80F0001214FF4E2
:100400000020FBF753F801214FF40020FBF74EF8D2
:1004100001214FF40020FBF749F801214FF400308F
:10042000FBF744F84FF0904310221A8520221A85DA
:1004300040221A854FF48042C3F818284FF4005226
:10044000C3F818284FF40042C3F8182801AC00255F
:1004500054F8040C21460135FFF79AFF062D04F1EC
:100460000804F5D10DB030BD5C550108012803D05A
:10047000022813D008B37047174A19B94FF48043C4
:1004800093617047012903D14FF48043138570476E
:10049000938A9BB283F48043938270470E4A11B9CA
:1004A0004FF40053ECE7012902D14FF40053EDE77C
:1004B000938A9BB283F40053EEE7074A11B94FF4D5
:1004C0000043DDE7012902D14FF40043DEE7938AC0
:1004D0009BB283F40043DFE70008004810B54FF4F7
:1004E00080510446064801F079FC21460548FFF793
:1004F00079FEBDE8104002484FF4805101F06CBC19
:10050000000400480038004013B50F4C2078B0B10B
:1005100005230E48ADF800304FF4805101F05EFC29
:1005200002236A4601A90A48FFF784FE07484FF4F0
:10053000805101F051FC9DF8050000F00100207091
:1005400080F0010002B010BD272600200004004802
:100550000038004070B50646F5F7E6FF0546FFF7A0
:10056000D3FF044620B9F5F7DFFF401BB042F6D9B0
:10057000204670BD07B59F2332200093F6F725F87B
:1005800000232A488DF805304FF4805101F026FCF5
:1005900004230DEB03016A462548FFF74BFE234871
:1005A0004FF4805101F018FC9DF806309DF80520AD
:1005B0001B0243EA02439DF8072013431D4A93425E
:1005C0001D4A13D00CDC1D498B4216D001F51A418F
:1005D00002318B4223D00020C2E9020010601BE0F0
:1005E00017498B421BD001318B42F4D14FF00123CC
:1005F00013604FF40051134B04E0134B1360114B85
:100600004FF400411985938811881B0293604B4376
:10061000D3600E4B0120187003B05DF804FB0C4B47
:1006200013604FF48041074BECE700BF0004004823
:100630000038004018BA2000780300201520200060
:100640001740EF0000080048200000012726002086
:100650008000000108B545F20820FFF77BFF062067
:10066000FFF73CFF034B01221A70C720BDE808408A
:10067000FFF734BF2726002007B502238DF804308A
:10068000030C40BAADF8060006208DF80530FFF7E0
:1006900061FF0620FFF722FF084B094801224FF4B3
:1006A00080511A7001F09AFB04230DEB0302002124
:1006B0000448FFF7BFFD03B05DF804FB27260020C8
:1006C000000400480038004002460B460148002163
:1006D000FFF7B0BD0038004002484FF4805101F0F0
:1006E0007BBB00BF0004004837B503238DF80430FE
:1006F000030C40BAADF8060006200D4614468DF8EE
:100700000530FFF727FFC8B10D484FF4805101F0C5
:1007100065FB04230DEB030200210A48FFF78AFD65
:100720002946084823460022FFF784FD04484FF479
:10073000805101F051FB204603B030BD0446FAE77A
:10074000000400480038004000487047780300204B
:100750002DE9F047224E002333804278837A044605
:100760005B000AB9827802B101331E4ADFF878A033
:1007700052F823704FF6FF79A7F10208083738F8CE
:10078000025F4D450ED02B0A022B09D0EDB2012B92
:100790000AEB051509D1637813B1284600F04EFA2B
:1007A0004745ECD10E48BDE8F087032BF8D1E3793B
:1007B0003BB17178284600F06BF9737801337370A0
:1007C000EEE7A08900F032F97178A289E38918B1C7
:1007D000284600F031F9F0E7284600F043F9ECE74D
:1007E0002826002054600108601E002007B549BA81
:1007F000ADF8041001AB014602224020FFF79EFA3B
:1008000003B05DF804FB07B5014601AB02224020AE
:10081000FFF724FB30B1BDF8040040BA80B203B04A
:100820005DF804FB4FF6FF70F9E741F29F110020DD
:10083000FFF7DCBF08B50220FFF7E5FFC3075BBF8A
:10084000C0F3CF0019234FF6FF70B0FBF3F008BDE3
:1008500008B50120FFF7D7FF642300B290FBF3F047
:1008600008BD0000064B53F820301A681B89A1F51B
:100870007A7159434FF47A7391FBF3F11160704729
:10088000881A0020024B53F820301B68196070470B
:10089000881A00202DE9F04F9B46454B454D1F78A7
:1008A000044691467A1C87B000681A700A46494689
:1008B00000F028FE23896068ADF8043001A940F2F9
:1008C0000223ADF80630FFF763FD01A894F80AA0F3
:1008D000266801F0BFFE01237022CDE90123022327
:1008E000ADF81030BAF1080F4FF480734FEA0718D3
:1008F000CDF80CB005EB0717ADF814303ED01FD87B
:10090000BAF1000F28D0BAF1040F2ED0237B1BB10F
:100910002068012101F046FF2068012101F0B5FDAA
:10092000A27A2368082A3FD031D8AAB3042A38D043
:1009300045443846A5F808906B6007B0BDE8F08FD5
:10094000BAF10C0FE2D101A9304601F059FE08219D
:10095000304601F099FED9E701A9304601F0A2FD29
:100960000821304601F07DFED0E701A9304601F0B4
:10097000D9FD0821304601F07AFEC7E701A93046CB
:1009800001F008FE5146304601F078FEBEE70C2A21
:10099000CED103F1400201E003F1340245F8082012
:1009A000C6E703F13802F9E703F13C02F6E700BFBE
:1009B0002A260020B81A0020044A52F820201AB132
:1009C0000B2801D8D3681847704700BF881A002049
:1009D0000023064A10B51C46D9B2884200D810BD83
:1009E00052F8041B096801330C60F5E7881A0020EF
:1009F0002DE9F84300240C4D06462346A046B44298
:100A000001D1BDE8F8832A6857689F42A94602D001
:100A1000384600F063FED9F800301B680435C3F88F
:100A2000008001343B46EAE7881A0020B0F5FA7FDF
:100A300094BF00200120704710B50C460649B1FB59
:100A4000F2F2142192B2FFF725FF044B43F8240081
:100A5000034BC36010BD00BF002D3101881A002078
:100A60006508010810B50C460649B1FBF2F20121F8
:100A700092B2FFF70FFF044B43F82400034BC3600F
:100A800010BD00BF40420F00881A002085080108F1
:100A900010B500230C464FF6FF720821FFF7FAFE4F
:100AA000024B43F82400024BC36010BD881A00209B
:100AB00085080108024A136C01330B441364704724
:100AC000781B0020334BF0B4186C9A68014432480C
:100AD0000078C1408A1A9960596040F68C218A4298
:100AE000DA603CD9197893F9452093F90040914296
:100AF00029D10A1F082A26D893F84620182A03D895
:100B0000013283F8462001E083F8444093F9442001
:100B100091420FD193F8471061B12048204D002138
:100B200006468A4211DC00210C2A14D11D490A789C
:100B300001320A70012283F84720002283F84540E1
:100B40001A70F0BC70470022DBE755F8047F20F8EC
:100B5000027B0131E5E726F812100132E4E793F851
:100B600047100029EDD0A2F2EF2040F2DA5188427E
:100B700008D819780B2905D8081D013143F8202021
:100B80001970DEE70021F0BC074883F847103022D7
:100B900003F010BB781B00202B2600201C24002013
:100BA000841B00202D260020881B0020034B187872
:100BB000034B1B78C01A18BF012070472D26002058
:100BC0002C260020024B1A78024B1A70704700BF87
:100BD0002D2600202C260020014B1870704700BFE6
:100BE0002E260020054A002332F8020B18B90133E3
:100BF0000C2BF9D170470120704700BF1C24002046
:100C00007FB5044601A80E46154601F044FD0123B8
:100C10000293094BADF804601B78ADF80650012B28
:100C200014BF0023032301A92046ADF80C3001F0C6
:100C300061FD04B070BD00BF2E2600207FB51C4BA7
:100C40001C4E4FF6FF7200255A640446C3E9015555
:100C50001D70DD601D64437B0289F0608DF80E30ED
:100C600003A9022340688DF80F30ADF80C203570D1
:100C7000FFF78EFBA17A20682A46FFF7C1FF012209
:100C80002946204600F060FC06F110000A4900F0F9
:100C900070FC06F1140318460849019300F06BFC40
:100CA000019A2046111F04B0BDE8704000F068BCF6
:100CB000781B0020C01B0020C50A0108B50A0108E6
:100CC000014B33F8100070471C240020014B33F80F
:100CD000100070471C240020D0E9091203699142DA
:100CE00038BFC9188A1A416B581E19B14B681A448B
:100CF000904202D9801AC0B2704700207047436BFF
:100D000013B190F844007047D0E909031B1A584208
:100D10005841704710B5044686B0006D002101F0BF
:100D2000ADFDA3680093A3791A0302F40052029266
:100D30001B02627903F48063039302F001039B00BA
:100D4000920748BF43F0080304930021206D0191EE
:100D50000591694601F038FD6179A279206D090499
:100D600002F0010201F4403101F091FDA179206D02
:100D700011F0080118BF012101F095FD206D01213E
:100D800001F07CFD06B010BD8160FFF7C3BF41716B
:100D9000FFF7C0BF036B10B502464BB1046C596836
:100DA0000B1B8C42D8B202D9D3681844C0B210BD14
:100DB000D0E907408442C1B238BFD068E3B236BF41
:100DC000C018581A401AF1E7034610B51C6B406969
:100DD000D96844B11A6C8C1A013A005D18BF1146EB
:100DE000C0B2196410BD1A6A805C01328A4238BFF1
:100DF0001446C0B21C62F5E72DE9F0471E46514B80
:100E00008CB098429DF850908A4617467ED14A464B
:100E10003146384600F0D6F800254FF00108C0E909
:100E20000755C0E9095580F84480C0F82CA04671E8
:100E3000876080F806900446FFF76CFFF2072CD518
:100E4000236B002B6BD001A801F056F9E36C0193E2
:100E50004FF48053CDE90A3580230693E368ADF85B
:100E600010302023206B0993636902930595079541
:100E70000895039501F0AAF8206B01A901F020F96B
:100E8000206B414601F045F9206D4246402101F0BA
:100E900013FD206B01F04AF92064B3072ED5636B74
:100EA000002B46D001A801F027F9A36C019300257F
:100EB0004FF48053CDE90A352369606BADF81030EB
:100EC00080261023039305950795069608950995A6
:100ED00001F07CF8606B01A901F0F2F80122606B6F
:100EE000022101F026F9606B294601F01DF9636BC0
:100EF000206D5D600122314601F0DEFC206D012194
:100F000001F0BCFC20460CB0BDE8F0870E4B9842C7
:100F100015D14A463146384600F0DAF87CE7206DB4
:100F20000A4901F0E8FC0949206D424601F0CCFC79
:100F3000B3E70749206D012201F0C6FCDEE700247B
:100F4000E0E700BF00380140004400400501050013
:100F5000070107000346826A9969406B1144C1602A
:100F6000596A8A4229BF19698A1A891A416034BFAD
:100F7000426000210022996283F84420012101F09F
:100F8000C8B8000010B4426A8469A154426A016979
:100F900001328A4228BF00224262426B32B113689A
:100FA000DB070AD45DF8044BFFF7D4BF0449006D9A
:100FB0005DF8044B012201F087BC5DF8044B7047DB
:100FC000070107007FB53A4B15463A4A1A603A4A7C
:100FD0005A613A4A9A614FF48072C3E90322384A4F
:100FE0005A63384A1A6524329860DA644FF48040B4
:100FF00004320C4601219A64FAF764FA012108468A
:10100000FAF754FA40F20233ADF80C3005F001065D
:1010100000238DF80E30280706F101038DF80F30FC
:1010200024D586F0010309214FF090404FF400745D
:10103000072202948DF80E3000F0D2FE02A94FF084
:10104000904000F079FE26B921464FF0904000F024
:10105000C3FE1D4B019301A8FAF700FB1B4B019344
:1010600001A8FAF7FBFA124804B070BDA2070DD52B
:101070004FF4007309214FF090400722029300F0D3
:10108000AFFE02A94FF0904000F056FEE307E0D516
:101090004FF4806307220A214FF09040029300F042
:1010A0009FFE02A94FF0904000F046FED1E700BF3E
:1010B000F41C0020946001082F2900202F28002014
:1010C00044000240003801400E01000125010001EA
:1010D0007FB5314B1546314A1A604FF48072C3E92F
:1010E00003222F4A5A612F4A98609A610C462E4A71
:1010F0001A6501214FF40030FAF7F0F940F202339B
:10110000ADF80C3005F0010600238DF80E302907EC
:1011100006F101038DF80F301ED586F00103022180
:101120004FF090400424072202948DF80E3000F016
:1011300057FE02A94FF0904000F0FEFD26B921466F
:101140004FF0904000F048FE184B019301A8FAF7C9
:1011500085FA114804B070BDA2070CD50423022102
:101160004FF090400722029300F03AFE02A94FF0A0
:10117000904000F0E1FDE307E6D5082307220321B4
:101180004FF09040029300F02BFE02A94FF09040E8
:1011900000F0D2FDD8E700BFA01C00209460010839
:1011A0002F2700202F2600200044004026010001A8
:1011B00010B54FF400500C4C00F0CEFF0B4800214E
:1011C00000F0A7FF606B002100F0A3FFD4E9092322
:1011D0009A4204D02046BDE81040FFF7BBBE012371
:1011E00084F8443010BD00BFF41C002044000240CD
:1011F000026D036B70B5D569044633B9A90604D5F1
:10120000C36AF3B1908C80B29847666B8EB92A0698
:101210000FD5A36A626A206D93421FD0591CA26940
:10122000A162D15C01F03BFBA26A23699A4200D320
:10123000A6622B0717D5206D0B49BDE8704001F061
:101240005ABBE169928C40694E1CD2B2E6614254AD
:10125000E169E268914228BFE361D6E7034932467B
:1012600001F032FBE5E770BD000303000701070052
:101270000148FFF7BDBF00BFF41C00200148FFF785
:10128000B7BF00BFA01C0020014B024ADA607047C4
:1012900000ED00E00400FA05034B044AC3F8FC2FFC
:1012A000034B044ADA60704700900020EFBEADDEC9
:1012B00000ED00E00400FA0507B501214FF4FC0041
:1012C000FAF7F4F803238DF8063001A941F6FF730D
:1012D0004FF09040ADF80430FFF75AF84FF6FF7327
:1012E00001A90C48ADF80430FFF752F801A90A48EB
:1012F000FFF74EF801A90948FFF74AF801A9084885
:10130000FFF746F8074801A9FFF742F803B05DF878
:1013100004FB00BF0004004800080048000C00481F
:101320000010004800140048184AB2EB902F4FEA12
:10133000902323D3083A93420FD8493A93421FD0BF
:10134000013293421ED0B3F5801F4FF0FF3018BF1B
:10135000002080F0FE00C0B27047A3F580134B3B25
:10136000072B0BD8DFE803F0100A040A0A060A0864
:10137000042070470520704706207047FE20704704
:101380000220704703207047002070475200100071
:101390002DE9F0410669C3681E40F70704460D4673
:1013A00021D4B0072ED4710707D56FF00403236151
:1013B0006868A16B036889B29847320707D56FF058
:1013C00008032361A868E16B036889B29847F306B4
:1013D00021D56FF010032361E868216C0368BDE834
:1013E000F04189B218476FF001030361C16A2F6AA7
:1013F0001FFA81F8002FD4D03B6838464146984701
:101400007F68F7E76FF0020323612868616B036868
:1014100089B29847C7E7BDE8F081034670B4084633
:1014200003F12001EFF31282502484F3128803F1B8
:101430000C0403F11C0654F8045F0DB10D60291D66
:10144000B442F8D100240C60D2B282F311881A6A37
:10145000121B18BF012270BC012101F0ACB90000C1
:10146000F0B51E4C94E80F0095B08DE80F0004F124
:1014700010030FCB0DF1100C8CE80F0004F12003CA
:101480000FCB08AF87E80F0004F130030FCB0CAE91
:10149000403486E80F0094E80F0010AD85E80F0097
:1014A0009DE80F000E4C84E80F009CE80F0004F14B
:1014B000100E8EE80F0097E80F0004F1200C8CE866
:1014C0000F0096E80F0004F1300787E80F0095E859
:1014D0000F00403484E80F0015B0F0BD8C550108B2
:1014E000601E002007B501238DF804008DF805303B
:1014F00001A84FF48073ADF80630FAF7AFF803B0E7
:101500005DF804FB7FB5054601A816460C4600F0C1
:10151000B5FF0B4B5E430B4B013C1B68B3FBF6F373
:10152000013BADF80430A4B2002301A9284602947F
:10153000ADF80C30ADF8063000F05AFF04B070BDC5
:1015400040420F000400002010B504460068FFF779
:10155000D9FF2068012100F098FFE07AFFF7C2FF71
:10156000E37A1B2B04D1BDE810401920FFF7BABF66
:1015700010BD0160704700230160436070470000A8
:101580002DE9F8430768044638469046FFF7CCFE3D
:1015900006280D46064625D8A37A9A08914631B901
:1015A0000221914089B22A46384601F004F90A2303
:1015B0000D4F03FB069347F82350043347F823806D
:1015C00045B1A37A20689B0802219940012289B283
:1015D00001F0F1F82820216800FB0670BDE8F8430F
:1015E000FFF71BBFBDE8F883481D002001490248F2
:1015F000FFF7CEBE481D0020002C0140FFF7F6BFCC
:1016000002494FF08040FFF7C3BE00BF701D0020AD
:1016100001490248FFF7BCBE981D002000040040AD
:1016200001490248FFF7B4BEC01D00200008004079
:1016300001490248FFF7ACBEE81D0020003401401C
:10164000FFF7F6BF01490248FFF7A2BE101E0020B7
:101650000040014001490248FFF79ABE381E0020B1
:101660000048014038B54FF48C7200211648174CE1
:1016700002F0A0FD01210720F9F730FF01214FF40E
:10168000A520F9F71FFF01214FF4C020F9F70EFF45
:101690000025E27BA17B6068043500F0A1FB142DDE
:1016A00004F11004F5D10A4B00221A705A709A7096
:1016B000DA701A71074BFF221A705A709A70DA703A
:1016C0001A715A719A7138BD481D0020601E0020A1
:1016D000362A00202F2A00207047000038B5014626
:1016E000FFF722FEEFF31283502282F31288074A9B
:1016F0004C6A282505FB00204A69013442F00102AA
:101700004462DBB24A6183F3118838BD481D002072
:10171000022813B519D003281BD0F0B1072246F6D2
:101720002503104C5BBA2260022101AA6320ADF8A8
:101730000430FEF719FC0C4B00221A70F4F7F4FE8B
:101740000A4B1860206802B010BD182247F2DF0370
:10175000E7E7622247F66603E3E7032246F29C03CB
:10176000DFE700BFB41E00203B2A0020B81E002087
:101770002DE9FF4105460A20F4F727FF4CF6EF0359
:101780006A4602216320ADF80030FEF7EDFB20B978
:101790000024204604B0BDE8F0810120F4F715FFD5
:1017A00001AA02216320FEF73FFC0028F0D0BDF81B
:1017B00004305BBA03F03F03082BE9D1224B02AAA5
:1017C000186802901B79137105216320FEF7CCFB8A
:1017D0000028DDD01D4F04264FF2C7786A4602214B
:1017E0006320ADF80080FEF7BFFB04460028CFD091
:1017F0000120F4F7EAFE01AA02216320FEF714FC9F
:101800000028C5D0BDF804305BBA9BB207EE903A11
:10181000F8EEE77A013EE7EC017ADFD10C4B6B6121
:101820000C4A0D4BEB61002313600C4A13600C4B08
:1018300062221A60F4F778FE0A4B18600A4B012006
:101840001E70FFF765FFA4E7DC550108C81E0020E5
:1018500011170108BC1E0020B5190108C01E002088
:10186000B41E0020B81E00203B2A002005EE102ADE
:1018700007EE103A00284AD0002948D0B8EE477A3F
:10188000DFED3C6ADFED3C7A3C4A3D4BDFED3D5AF3
:10189000D3ED034A9FED3C6ADFED3C3A9FED3C4AB5
:1018A000E7EE267ADFED3B6AC2ED007ADFED3A7AA9
:1018B00037EE677AD3ED007A67EE277A67EE877A9C
:1018C000E7EEA56AD3ED017A67EE277A67EE877AAD
:1018D00067EEA57AE4EE867A93ED026ADFED2F4A91
:1018E00027EE066A26EE077A9FED2D6AA7EE256A97
:1018F00066EEA35AE6EE045AE7EEA45AF5EE405A15
:10190000F1EE10FA04D10023036013680B607047F6
:1019100027EE867A26EEA73A27EE237A26EE866A07
:10192000A3EE047A1F4BA6EE247A9FED1F6AC7EE42
:10193000254A9FED1E7ADFED1E5A27EE677A76EE76
:10194000E77AA6EE867A76EEA46AA4EEE57AC7EE8A
:10195000275AF8EE457A36EE656A77EEA47A26EED7
:10196000266A86EE277A77EE257AC3ED007AC0EDF7
:10197000007ACAE700002F3B000034C2C01E0020DE
:10198000C81E002000008033000000450050C3C680
:1019900000B808C70000604A0000004700606A47BE
:1019A0000000384BBC1E002000C82F4700409C4759
:1019B00000B808477FB516460D4611B9002004B09F
:1019C00070BD002AFAD01E4B1B68C01A1D4B1B6845
:1019D0009842F3D301AA09216320FEF725FB0028D2
:1019E000ECD01948BDF804200488184952BA312CAB
:1019F00093B20A8020D8164901340A68A4B21A4466
:101A0000322C0A60048003D1B2FBF4F211490A803F
:101A10009DF808409DF807200F49240244EA02443B
:101A20009DF80A2022430A6028463146FFF71EFF30
:101A30000A4B01201870C2E7064B1B880B80E7E7B2
:101A4000B81E0020B41E00203424002038240020BA
:101A5000B01E002036240020C41E00203B2A002097
:101A6000014B1860704700BF181F0020014B188001
:101A7000704700BF3A240020014B01205B691847E2
:101A8000341F0020FFF7F8BF70B50E4E0E4C4FF418
:101A90007A73B0FBF3F5337823B963690120984773
:101AA00001233370E369094A09492846984740B140
:101AB000F4F73AFD074B186063690120BDE87040F8
:101AC000184770BD3E2A0020341F00202C1F002024
:101AD000301F0020241F0020FFF7D6BF014B1868DD
:101AE000704700BF241F002008B51A4BD3ED007AC1
:101AF000F5EEC07AF1EE10FA2DED028B27D9164BD8
:101B000093ED007AB5EEC07AF1EE10FA1FD987EEA8
:101B1000270AB5EEC00AF1EE10FA18D90F4BDFED27
:101B2000107A93ED008A38EE278A00F093FFDFEDFC
:101B30000D7A0D4B20EE080A20EE270ADFED0B7A16
:101B400020EE270A83ED000ABDEC028B08BD9FED55
:101B5000080AF9E7301F0020201F00201C1F00206A
:101B6000339388438E2BEA41281F00200000C8428F
:101B700000000000FFF7B8BF2DE9F843DFED2E7A33
:101B80002E4C2F4DDFF8C0802DED028B6526C4ED65
:101B9000007AB0EE677AB0EE678AB5EE407AF1EE81
:101BA00010FAC5ED007A17D1013E03D1BDEC028BCE
:101BB000BDE8F8832327F4F79DFCFFF765FF0A20B3
:101BC000F4F703FD013FF6D198ED007A1D4B84ED4B
:101BD000007AD3ED007AE0E7DFF86C80DFF86490FC
:101BE00084ED008A85ED008A0F270A26F4F782FC2F
:101BF000FFF74AFF0A20F4F7E8FC013EF6D194ED26
:101C0000007AD8ED007AD9ED006A37EE277AD5ED63
:101C1000007A84ED007A77EEA67A013FC5ED007A6E
:101C2000E3D1F2EE0E6A87EE266A87EEA67A84ED9D
:101C3000006A85ED007AB9E700000000201F00204F
:101C40001C1F00202C1F0020301F0020FFF794BF16
:101C5000044B1A68044B1A60044B1A68044B1A6050
:101C6000704700BF301F0020201F00202C1F0020C5
:101C70001C1F002038B5FFF737FF294B1A7832B107
:101C8000284A82ED000A00221A70002038BD26483A
:101C9000264C0278264B2578511C9200C9B21A4472
:101CA000017082ED000ABDB90E29EED9DFED217A6F
:101CB0000F22B3EC017A013A12F0FF0277EE877A35
:101CC000F7D1F2EE0E6A87EEA67A164B027083ED1C
:101CD000007A01232370D8E70E29D6D9114A9FED47
:101CE000157AD2ED006A0F22F3EC017A77EEE67AEC
:101CF000013AF0EEE77AF4EEC77AF1EE10FAC8BFD7
:101D0000B0EE677A12F0FF02EED1F3EE047AB4EE91
:101D1000E77AF1EE10FA0270CCBF01200020B5E79F
:101D200088030020141F00203D2A00203C2A0020A8
:101D3000D81E0020000000002DE9F04100220126FD
:101D400003250B6806FA02FE3EEA030331D10C7943
:101D50005700631E05FA07FC012B6FEA0C0C17D81D
:101D6000836803EA0C0383604B79D0F80880BB409A
:101D700043EA0803836083889BB223EA0E038380CF
:101D80008B79B0F804E0934043EA0E039BB2838062
:101D9000036803EA0C0303600368BC401C4304604F
:101DA000C46805FA07F324EA0304CB79BB40234354
:101DB000C3600132102AC4D1BDE8F0814FF6FF7232
:101DC0004FF40073C0E900237047038A01EA03005F
:101DD000003818BF01207047816170470185704746
:101DE00001F00703C90800EB810010B5016A9B00F0
:101DF0000F249C4021EA04010162016A9A400A43CF
:101E0000026210BDC3680D4A10B51A40D1E9003412
:101E100023438C682343CC6823430C6923434C69D8
:101E200023438C6923431343C360026B0B7F22F06F
:101E30000F02013B1343036310BD00BF07C0FFFD4A
:101E40000023C0E90033C0E90233C0E904338361F1
:101E50000123037770470000B0F1A04F10B5114B7C
:101E600002D0114A904218D1104A92681A40D1E922
:101E7000003423438C682343CC68097C43EA043351
:101E800043EA0123B0F1A04F43EA020302D0064A1D
:101E9000904204D1054A936010BD054AE5E7044A23
:101EA000F9E700BFE010FCFF000100500003005004
:101EB000000700500023C0E90033C0E90233037477
:101EC0007047836819B143F001038360704743F0A2
:101ED0000203FAE7042A30B51DD802EB4202046B74
:101EE00052001F25954024EA050401FA02F222431C
:101EF000026309293DD90A398269826901EB4101EE
:101F000007248C4022EA04028261826903FA01F10B
:101F10001143816130BD092A0DD8053A02EB420216
:101F2000446B52001F25954024EA050401FA02F291
:101F300022434263DDE70E2A0DD80A3A02EB420241
:101F4000846B52001F25954024EA050401FA02F231
:101F500022438263CDE70F3A02EB4202C46B520088
:101F60001F25954024EA050401FA02F22243C263C8
:101F7000BFE701394269426901EB410138248C40D5
:101F800022EA04024261426903318B4013434361F8
:101F9000C0E7836843F0040383607047C36819B1E6
:101FA00043F00103C360704723F00103FAE7C368FD
:101FB00023F00203C360C3680B43C360704700682B
:101FC0000840003818BF012070470000036823F064
:101FD00001031B041B0C0360002303604360836048
:101FE000C360294B984204D1284A536843F00F0339
:101FF00026E0274B984204D1244A536843F0F0036B
:102000001EE0244B984204D1204A536843F4706385
:1020100016E0214B984204D11C4A536843F47043A4
:102020000EE01E4B984204D1184A536843F47023C3
:1020300006E01B4B984205D1144A536843F47003E1
:1020400053607047174B984204D1104A536843F0CD
:102050007063F5E7144B984201D1144AC5E7144B5D
:10206000984201D1114AC8E7124B984201D10F4A58
:10207000CBE7114B984201D10C4ACEE70F4B984267
:10208000DFD10A4AD1E700BF080002400000024049
:102090001C00024030000240440002405800024050
:1020A0006C0002408000024008040240000402402C
:1020B0001C04024030040240440402405804024020
:1020C00010B58B680C6A026823430C6923434C6982
:1020D00023438C692343CC6923434C6A23438C6A92
:1020E0006FF30E122343134303608B8943600B6825
:1020F00083604B68C36010BD0023C0E90033C0E9B2
:102100000433C0E90633C0E9083383608381836206
:102110007047036819B143F001030360704723F06F
:1021200001031B041B0CF8E741607047406880B254
:102130007047036812B10B430360704723EA010341
:10214000FAE70000C3004CBF014B024B58607047D8
:102150000004024000000240FFF7F4BF08B50C4B3A
:1021600098424FF001010AD14FF40010F9F7CEF96F
:1021700000214FF40010BDE80840F9F7C7B94FF44B
:102180008000F9F7C3F900214FF48000F3E700BFA6
:10219000005400400368164A23F0010310B50360A1
:1021A00003681A40D1E9013443EA0423134303606E
:1021B0000B680A6923F070630361036843F001034D
:1021C000036000238360C3608B691343836083686B
:1021D000CA6843F4004383600368134303604368A1
:1021E0004A6923F0784323F400431343436010BD4E
:1021F000FFE0CF0000234FF40042C0E90033C0E904
:102200000233C0E9052303617047036819B143F045
:1022100001030360704723F00103FAE730B5446817
:10222000039D24F07F7424F459342B4324F47F74E9
:1022300043EA0243C1F3090124F003040B4323439F
:10224000436030BD81627047406AC0B270478069A8
:102250000840003818BF01207047C1617047000076
:1022600008B5154B98420BD101214FF48050F9F776
:1022700041F9BDE8084000214FF48050F9F73AB920
:102280000E4B98420BD101214FF48040F9F73EF9F3
:1022900000214FF48040BDE80840F9F737B9084BFA
:1022A000984208D101214FF40040F9F72FF900219D
:1022B0004FF40040EFE708BD003001400038004017
:1022C000003C00402DE9F041B1F802808A88B1F865
:1022D00000E0B1F806C00F894E898D89CC89B8F528
:1022E000827F1ED1038803F441534EEA03034CEA74
:1022F00003033B4333432B43234343F48273038061
:10230000838823F470631B041B0C13438380838B2B
:1023100023F400631B041B0C83830B8A0382BDE838
:10232000F081838823F470631B041B0C48EA0E08B9
:102330001A434CEA080C828047EA0C0703883E43A4
:10234000354303F441532C4323430380DFE70388E1
:1023500021B19BB243F040030380704723F0400358
:102360001B041B0CF8E7838823F480531B041B0C0D
:10237000838083889BB20B438380704701737047CF
:10238000007B7047038901EA0300003818BF012071
:10239000704730B5046A24F0010404628569046A58
:1023A00025F0F30542EA031224F00A0441F001018A
:1023B0002A4321438261016230BD30B5046A24F0B2
:1023C00010042404240C04628569046A090124F0C1
:1023D000A0041202240441F0100125F4734542EADE
:1023E0000332240C89B22A4321438261016230BD49
:1023F000204A038890429BB20ED002F500629042C0
:102400000AD0B0F1804F07D0A2F59832904203D0A5
:1024100002F58062904209D14A8823F07003134389
:102420000A8923F440739BB2134306E0124A904298
:1024300003D002F580629042F2D103804B68C36200
:102440000B8803850B4B98420FD003F5006398422D
:102450000BD003F54063984207D003F580639842A0
:1024600003D003F58063984201D14B890386012391
:1024700043617047002C01400010004000234FF0E2
:10248000FF32C0E9003283607047038821B19BB2FC
:1024900043F001030380704723F001031B041B0C6E
:1024A000F8E70000036A23F0010370B50362026AD3
:1024B000446883690D688E8823F4803323F07303A6
:1024C0001D438B89334322F002029BB21343144A0B
:1024D00090420FD002F5006290420BD002F54062AC
:1024E000904207D002F58062904203D002F58062EC
:1024F00090420ED1CA894E8A23F008031A43CB8832
:1025000022F0040213430A8A324324F4407492B244
:1025100014438A68446085614263036270BD00BFF2
:10252000002C0140036A23F0100330B50362036AF4
:10253000426884690D6824F0807424F4E64444EA17
:1025400005248D8923F0200343EA05138D8843EA8F
:1025500005130F4DA84203D005F50065A84211D11F
:10256000CD8923F0800343EA0513CD8823F040038F
:1025700043EA05130D8A22F4406242EA85024D8A3D
:1025800042EA850242608A6884618263036230BDE8
:10259000002C0140036A23F4807330B50362036AA0
:1025A0004268C4690D6824F073042C438D8923F4B8
:1025B000007343EA05238D8843EA05230F4DA842A3
:1025C00003D005F50065A84211D1CD8923F400633D
:1025D00043EA0523CD8823F4806343EA05230D8A6B
:1025E00022F4405242EA05124D8A42EA0512426044
:1025F0008A68C461C263036230BD00BF002C014021
:10260000036A23F4805330B50362036A4468C269E5
:102610000D6822F4E64242EA05228D8923F4005334
:1026200043EA05338D8843EA0533094DA84203D0B8
:1026300005F50065A84204D10D8A24F4804444EADB
:1026400085144460C2618A680264036230BD00BFC1
:10265000002C01400023C0E90033C0E902330361CC
:102660007047836923F008031943816170478369C8
:1026700023F4006343EA012383617047C36923F0B5
:1026800008031943C1617047C36923F4006343EA37
:102690000123C361704700230122038043808280AD
:1026A000C38003817047836923F00C0383618369CE
:1026B000194381617047836923F4406383618369AF
:1026C00043EA012383617047C36923F00C031B04B1
:1026D0001B0CC361C3691943C1617047C36923F40B
:1026E00040631B041B0CC361C369090289B219430F
:1026F000C1617047F8B50D460E88AA8849882B89B4
:1027000036B9FFF746FEE988BDE8F840FFF7CBBFD2
:10271000042E06D1FFF751FEE988BDE8F840FFF727
:10272000CABF082EEF88056A1CD125F480752D04D8
:102730002D0C0562C669056AB6B2ADB226F0F30685
:1027400025F4206546EA031645EA0125B6B2ADB286
:10275000164345F48075C66139460562BDE8F84008
:10276000FFF7B2BF25F480552D042D0C0562C66914
:10277000056A26F4407625F4005536056D04360DBD
:102780006D0C46EA022645EA013546EA0333ADB24E
:102790009BB245F48055C36139460562BDE8F840F7
:1027A000FFF79CBF436C19B143F400434364704787
:1027B000C3F30E03FAE7C36812B11943C16070474F
:1027C000C94389B21940F9E730B503688A6823F034
:1027D000010395B00360436823F4405313434360FF
:1027E0000D464B68C96802680B43296922F4B05250
:1027F00022F00C020B431343036083686A6923F4DD
:1028000040731343836004466846F8F7C5FC174BD2
:102810009C421BD10C9A23682968180448BF5200B7
:10282000B2FBF1F301FB1322B2EB510F226828BF78
:102830000133120406D5C3F3420223F00F031B0435
:102840001B0C13439BB2A38115B030BD084B9C42B7
:1028500001D10D9ADFE7074B9C4201D10E9ADAE7CE
:10286000054B9C420CBF0F9A109AD4E700380140E8
:102870000044004000480040004C0040036819B18B
:1028800043F001030360704723F00103FAE7436854
:1028900012B10B434360704723EA0103FAE7C1F327
:1028A000080101857047836819B143F0080383600C
:1028B000704723F00803FAE7836812B10B43836083
:1028C000704723EA0103FAE710B5C1F30724012397
:1028D000C9B2022C03FA01F305D104303AB10268FF
:1028E0001343036010BD032C08BF0830F6E70268ED
:1028F00022EA0303F5E7090C01238B4003627047CA
:1029000010B51C461346E2B2FDF718FA80F001003C
:10291000C0B210BD10B51C461346E2B2FDF79EFAD8
:10292000B0FA80F0400910BD08B5FDF78BFA80F0D1
:102930000100C0B208BD07B552BAADF8042001AB22
:102940000222FDF7FBF980F00100C0B203B05DF890
:1029500004FB08B513460122FDF780FAB0FA80F0B7
:10296000400908BD13B5144601AB0222FDF776FA03
:10297000BDF80430B0FA80F05BBA4009238002B0A1
:1029800010BD13B5144601AB0422FDF767FA019B95
:10299000B0FA80F01BBA4009236002B010BD0000FD
:1029A00008B52DED028BB0EE408A00F03FFAB4EE90
:1029B000488AF1EE10FAF0EE408A0AD6B0EE480AE4
:1029C00000F0D2F8F7EE007AB4EEE70AF1EE10FA72
:1029D00004DCB0EE680ABDEC028B08BD01F0A0FC7F
:1029E000BDEC028B034621221A600248BDE8084074
:1029F00000F0FCB8B060010808B52DED028BB0EE18
:102A0000408A00F037FBB4EE488AF1EE10FAF0EE9F
:102A1000408A0AD6B0EE480A00F0A6F8F7EE007A2F
:102A2000B4EEE70AF1EE10FA04DCB0EE680ABDEC91
:102A3000028B08BD01F074FCBDEC028B0346212221
:102A40001A600248BDE8084000F0D0B8B060010844
:102A500000F00ABC08B52DED028BB0EE408A00F004
:102A6000A9FCB4EE488AF1EE10FA0FD6B5EEC08A92
:102A7000F1EE10FA0ADCB5EE408AF1EE10FA08D158
:102A800001F04EFC22239FED090A0360BDEC028B8E
:102A900008BD01F045FCBDEC028B034621221A6003
:102AA0000348BDE8084000F0A1B800BF000080FF67
:102AB000B060010808B52DED028BB0EE408A00F041
:102AC000E7F8B4EE488AF1EE10FA06D6DFED098A8F
:102AD000B4EEE88AF1EE10FA02D4BDEC028B08BD28
:102AE00001F01EFC88EEA80ABDEC028B21230360D6
:102AF00008BD00BF0000000010EE103A184923F096
:102B000000428A421AD9B2F1FF4F02D330EE400A96
:102B1000704700B583B0684600F046FD00F0030042
:102B200001289DED000ADDED010A10D0022809D030
:102B300090B900F0B1F803B05DF804FBDFED090ACD
:102B400000F0AAB800F0A8F8B1EE400AF3E700F0F0
:102B500025F9B1EE400AEEE7012000F01FF9EAE79F
:102B6000D80F493F0000000010EE103A23F0004358
:102B700000EE103A704700BF10EE103A194923F0EA
:102B800000428A421BD9B2F1FF4F02D330EE400A15
:102B9000704700B583B0684600F006FD00F0030002
:102BA00001289DED000ADDED010A13D002280BD0AB
:102BB00098B9012000F0F2F803B05DF804FBDFEDF6
:102BC0000A0A002000F0EAB8012000F0E7F8B1EEB0
:102BD000400AF1E700F060F8EEE700F05DF8B1EED2
:102BE000400AE9E7D80F493F000000009FED010AC5
:102BF000704700BF0000C07F10B485B08DED010AA2
:102C0000019BC3F3C752A2F17F011E2931DC1629B3
:102C10004FEAD37425DC1D4BDDED017A03EB840311
:102C200093ED007A77EE277ACDED037ADDED037A26
:102C300077EEC77A17EE903A33F000400DD0C3F329
:102C4000C7507F381FD4C3F3160343F40003C0F109
:102C5000170023FA00F004B1404205B05DF8044BC0
:102C60007047C3F3160343F40003963A03FA02F0E5
:102C7000F1E7DDED017AFDEEE77A17EE900A05B097
:102C80005DF8044B70470020E5E700BFB460010821
:102C9000B1EEC00A704700BF10EE103A23F00043B7
:102CA000B3F1485F2CD2FDEEC07A17EE903A002BBC
:102CB00060D060EE007A9FED317A9FED315ADFED02
:102CC000315A9FED316ADFED316AA7EE875A9FEDE9
:102CD000307AE7EE855AA7EEA56AA7EE867AE7EE88
:102CE000876A67EEA66A60EEC00AB6EE007AE7EE83
:102CF000A60AB7EE000AD7EE870A30EE600A7047E0
:102D000060EE007A9FED1D7A9FED1D5ADFED1D5A92
:102D10009FED1D6ADFED1D6A1E4AA7EE875A93429A
:102D20009FED1B7AE5EE275AA5EEA76AA6EE277A55
:102D3000E7EE276A66EEA76AD5D9174A934214D8F8
:102D400003F17F4307EE103AB7EE006A36EE476AAA
:102D500060EEC00AF6EE005A97EEA57AE7EEA60AF4
:102D600037EE607A36EE470A7047B6EE076AB5EE80
:102D7000027AEDE7B7EE000A704700BF4ED747ADC5
:102D8000F6740F317CF293B4010DD037ABAA2A3D13
:102D9000610BB6BA9999993E0000483F10EE103A7F
:102DA00023F00043B3F1485F04D2FDEEC07A17EE82
:102DB000903A5BB360EE007A9FED157ADFED155A1D
:102DC0009FED156ADFED156AE7EE875A9FED147ADD
:102DD000A5EEA76A20EE275AE6EE276AA6EEA77AA6
:102DE00030B9DFED106AE7EE876AA6EE850A704714
:102DF00027EE457AF6EE006AA0EEA67ADFED0A6AC3
:102E0000D7EE270AE5EE260A30EE600A704700BFCB
:102E1000D3C92E2F342FD7B21BEF3836010D50B93E
:102E20008988083CABAA2ABEABAA2A3E08B510EE98
:102E3000102A22F00043B3F17E5F2DED028B12D0F9
:102E40000AD8B3F17C5F16D2B3F10C5F67D8BDEC42
:102E5000028B9FED770A08BD70EE407A87EEA70AD5
:102E6000BDEC028B08BD002A40F3DD80BDEC028B77
:102E70009FED700A08BD002AC0F28E80F7EE008A2E
:102E800038EEC00AF6EE007A20EE278AB0EE480A45
:102E9000FFF7FEFEDFED687A9FED687ADFED686A86
:102EA000DFED685A9FED686AA8EE277ADFED677A52
:102EB000E7EE086AE8EE067AE6EE885A9FED646A65
:102EC0009FED647ADFED646AA5EE886AA7EE887AE2
:102ED000DFED627AE6EE087A10EE103AE7EE086A65
:102EE0006FF30B03B0EE677A07EE903AF0EE485AB4
:102EF000E7EEE75AE6EE888A30EE276A27EE087A90
:102F0000C5EE866A87EE286ABDEC028BB0EE667A63
:102F1000A0EE067A37EE870A30EE000A08BD20EEF2
:102F2000007ADFED457A9FED456ADFED456A9FED5A
:102F3000465ADFED445AA7EE276ABDEC028BE6EE57
:102F4000076ADFED427A9FED436AE7EE057AE6EE27
:102F5000875AA7EE876A9FED3E5ADFED3F7ADFED95
:102F60003F6AA5EE875AE6EE077AE5EE076AF7EEC6
:102F7000005AE7EE875A26EE877A9FED396ADFED31
:102F8000397AC7EE256AB0EE467AA0EE667A30EE60
:102F9000470A37EEC00A08BDB7EE007A30EE070ADE
:102FA000F6EE007A60EE277ADFED236A9FED236A62
:102FB000DFED234ADFED245A9FED225A9FED278A49
:102FC000A7EEA66ADFED216AE6EE274AE7EEA56ADC
:102FD000DFED205A9FED1E6AA4EEA75AE6EEA75A2F
:102FE000DFED1D6AA5EE276AE5EEA76AA6EE278A41
:102FF000A6EEA77A28EE278AF0EE478AB0EE670A97
:10300000FFF746FE88EE286A9FED177ADFED177A04
:10301000A0EE067AF0EE006A37EE007AE7EE667A06
:10302000B0EE670A1CE7BDEC028B9FED110A08BDEC
:10303000DB0FC93F0000000008EF1138047F4F3A52
:10304000461124BDA80A4E3E2EC69D3D613330BFB9
:1030500090B0A6BE2D57014039D119C0ABAA2A3E67
:103060006821A233DA0FC93F6821A2B3DA0F4940C1
:10307000DB0F494038B510EE105A25F00044B4F18A
:103080007E5F2DED048BF0EE407A7FD077D8B4F1DF
:103090007C5F0ED2B4F1485F80F090809FED627A41
:1030A00030EE077AF7EE006AB4EEE67AF1EE10FA47
:1030B00062DCB0EE670AFFF757FDF7EE007A37EEF5
:1030C000C08AB6EE007A28EE078ADFED586A9FEDD7
:1030D000587A9FED586A9FED585ADFED585ADFED48
:1030E000588AE8EE076A9FED577AA8EE067AA6EEB0
:1030F000885A9FED556ADFED556AA7EE086AE5EE3E
:10310000085A9FED537AA6EE087AE5EE886AE7EE54
:10311000087AE6EE888AB0EE480AB0EE679AFFF7C2
:10312000B7FD4C4B68EE888A9C4288EE896A38D895
:1031300010EE103A6FF30B0306EE903AA6EEE68A15
:1031400070EE267A9FED447AC8EE274AF0EE005AD8
:10315000A4EEE57ADFED417A30EE000AB0EE675A70
:1031600090EE067AA6EEE55A37EE457A37EEC70AB4
:10317000002D01DCB1EE400ABDEC048B38BDBDEC86
:10318000048B70EE407A87EEA70A38BDBDEC048B45
:103190009FED310A9FED327A27EE800AA7EE870A6B
:1031A00038BDA0EE060A9FED2F7ADFED2D7AF0EE06
:1031B000006AA0EE267A37EEC70AD9E720EE007A39
:1031C000DFED1B6A9FED196ADFED1B5A9FED195A5F
:1031D000DFED1A4AA7EE266ABDEC048BE6EE075A2D
:1031E000DFED186A9FED186AE7EE056AE5EE874A9B
:1031F000A6EE876A9FED155ADFED155ADFED106ACE
:10320000A4EE875AE6EE075AE5EE076AB7EE006AC3
:10321000A5EE876A26EE877AC7EE066AE0EE267A82
:10322000B0EE670A38BD00BFCAF24971047F4F3A59
:1032300008EF11382EC69D3D461124BDA80A4E3E0A
:10324000ABAA2A3E613330BF2D57014090B0A6BED5
:1032500039D119C09999793F2EBD3BB3DB0F493F56
:10326000DB0FC93F2EBD3B3310B582B0CDED010A57
:10327000019B23F00042B2F1FF4FF0EE407A30D8CC
:1032800010EE100A20F00041B1F1FF4F29D8B3F140
:103290007E5F3ED09C1704F0020444EAD07431B340
:1032A0007AB3B2F1FF4F3FD0B1F1FF4F29D0891A65
:1032B000B1F1F45F4FEAE15233DA002B41DA3C32EC
:1032C0003FDA9FED330A012C4DD0022C42D064B17D
:1032D0009FED307ADFED307A30EE070A30EE670A84
:1032E00003E09DED017A37EE270A02B010BD022CF3
:1032F0000CD09FED2A7A032C08BFB0EE470A02B02B
:1033000010BD00280ADB9FED260AEEE79FED220A9A
:10331000EBE702B0BDE8104000F07CBA9FED210A57
:10332000E3E79FED1F0ACEE7B1F1FF4F04F1FF3451
:1033300020D0022C26D81C4B03EB840393ED000A0B
:10334000D3E79DED017A87EE870AFFF70DFC00F0C9
:1033500061FAB8E79FED0F7ADFED0F7A30EE070ADA
:1033600037EEC00AC1E710EE103A03F1004300EE59
:10337000103ABAE7022C08D80C4B03EB840393ED08
:10338000000AB2E79FED020AAFE79FED090AACE73A
:10339000000000002EBDBB33DB0F4940DB0F49C0EE
:1033A000DB0FC93FDB0FC9BFBC600108C860010863
:1033B000DB0F493F10EE102A32F000432FD0002AD5
:1033C000134633DBB2F1FF4F40DAB2F5000F34DBC6
:1033D0004FF0000C6448C3F31601084400F40002E7
:1033E00082F07E520A43DB1500EE102A7F3B5F4AD3
:1033F000634401F10F0CF7EE007A0CEA020230EEA2
:10340000670A03EBD05322BBB5EE400AF1EE10FA87
:1034100062D1002B40F090809FED550A70479FEDE0
:10342000557ADFED537A87EE270A704770EE407ABF
:103430009FED4F7A87EE870A7047DFED4F7A60EE97
:10344000277A6FF0180C17EE903AC3E730EE000AB7
:103450007047F0EE007A70EE277A07EE103A80EEB1
:10346000274A4648C1F55712084402F52272024322
:10347000002A9FED433ADFED434ADFED435ADFED8B
:10348000433A9FED435ADFED437ADFED436A24EE82
:10349000046AF8EEC72A26EE067AE7EE034AA7EE9C
:1034A000235AE4EE875AE5EE076AE5EE877A67EE7F
:1034B000867AE6EE877A2ADDB6EE007A20EE077A83
:1034C00027EE007A77EE877A67EE847A3BBB37EE99
:1034D000677A30EE470A70479FED307AF6EE007A51
:1034E000E0EE477A20EE007A27EE277A002BF0D024
:1034F00007EE903A9FED2A6ADFED2A6AF8EEE77A46
:10350000A7EEC67A37EE400A97EEA60A704770EE2D
:10351000677A67EE847AE3B930EE670A70479FED09
:10352000206ADFED206AE2EE867A37EE677A37EEC0
:10353000400A92EEA60A704707EE903A9FED180AED
:103540009FED187AF8EEE77A27EE800AA7EE870A51
:103550007047DFED136A9FED137AE2EEE67A37EEFD
:10356000C00A92EE870A704720FB4A00F0FF7F00F6
:1035700000000000000000CC0000004C305CCFFFD9
:103580009788173E25333A3E2549923E4FD01C3E40
:10359000298E633EABAA2A3FCDCCCC3EABAAAA3E35
:1035A000D1F717378071313F70B510EE103A8B4A62
:1035B00023F00044944286B0054671D9884A94426B
:1035C0001E4624D823F00042002BDFED867A864980
:1035D00022F00F02B0EE407A40F3E6808A4270EEAD
:1035E000677A09BF9FED817ADFED816ADFED816A3D
:1035F00077EEC77A37EEE67A77EEC77A80ED007A13
:1036000077EEE67AC0ED017A012006B070BD7A4A05
:10361000944253D9B4F1FF4F49D2E215863AA4EB54
:10362000C25307EE903ABDEEE77ADFED746AB8EE6A
:10363000C77A77EEC77A8DED037A67EEA67ABDEE8C
:10364000E77AB8EEC77A77EEC77A8DED047A67EE3F
:10365000A67AF5EE407AF1EE10FACDED057A40F05B
:103660008E80B5EE407AF1EE10FA40F08A800123A8
:10367000634901910221009103A8294600F00AFA4A
:10368000002EC2DA95ED007AD5ED017AB1EE477AD7
:10369000F1EE677A85ED007AC5ED017A4042B4E734
:1036A000002285ED000A4260002006B070BD70EE79
:1036B000407AC0ED017AC0ED007AF5E7FFF754FAE1
:1036C0009FED507A9FED476AF6EE007AE0EE077ABA
:1036D0009FED477AFDEEE77AF8EEE76A17EE900A7B
:1036E000A6EEC60A1F2866EE877AB1EE666A30EE4D
:1036F000677A1EDC444A411E26F0004352F821201E
:1037000023F0FF03934214D085ED007A30EE470A90
:10371000002E30EE670A85ED010ABFF676AFB1EEF6
:10372000477AB1EE400A85ED007A85ED010A404204
:103730006BE717EE103AC3F3C753C3EBD453082B10
:103740004FEAE452E0DD9FED297A9FED2A5AF0EE30
:10375000405AE6EE075A70EE657AE6EE077AD6EE44
:10376000857A35EEE77A17EE103AC3F3C753D21ACB
:10377000192A08DCB0EE650A85ED007AC6E7032356
:1037800076E7022374E79FED217A9FED215AB0EE90
:10379000650AA6EE070A75EEC07AE6EE077AD6EE5F
:1037A000857A30EE677AAFE78A4270EE277A09BFF2
:1037B0009FED0E7ADFED0E6ADFED0E6A77EE877A07
:1037C00037EEA67A77EEC77A80ED007A77EEA67AA2
:1037D000C0ED017A4FF0FF3017E700BFD80F493F27
:1037E000E3CB1640800FC93FD00FC93F00443537A7
:1037F0004344353708A3852E800F4943000080439A
:103800005461010884F9223FD460010800A3852E89
:1038100032318D2438B510EE105A25F00044B4F141
:10382000A14FF0EE407A07D3B4F1FF4F55D8002DE9
:1038300077DD9FED4E0A38BD4D4B9C425CD8B4F10C
:10384000445F4DD34FF0FF3327EEA76A9FED495AEF
:103850009FED497ADFED495ADFED494A66EE066A87
:103860005A1CA6EE857AE6EEA54A9FED465ADFED94
:10387000465AA7EE265AE4EEA65A9FED447ADFEDAB
:10388000444AA5EE267AE5EEA64A9FED425ADFEDC0
:10389000425AA7EE265A9FED417AA4EEA67AE5EEAB
:1038A000265A27EE267AA5EE867A27EE877A3BD02F
:1038B0003B493C4A01EB8301D1ED006A37EE667A61
:1038C00002EB8303D3ED006A37EE677A002D36EE04
:1038D000C70AB0DAB1EE400A38BD30EE000A38BD92
:1038E0009FED317A30EE077AF7EE006AB4EEE67AB1
:1038F000F1EE10FAA6DD38BDFFF736F92B4B9C42EE
:1039000015D8A3F5D0039C4226D8F0EE007ABFEE7E
:10391000007AA0EE277A002330EE270AC7EE007A5D
:1039200092E79FED230A38BD37EEC70A38BD214B19
:103930009C420BD8F7EE087AB7EE007AA0EE277A11
:10394000022330EE670AC0EE077A7DE7BFEE007A09
:10395000C7EE007A032377E7F7EE007A30EE677A56
:1039600030EE270A0123C7EE007A6DE7DB0FC93F6F
:10397000FFFFDF3ED769853C59DA4B3D21A215BDDB
:103980006BF16EBD356B883D95879DBD6E2EBA3D42
:10399000388EE3BD2549123EABAAAA3ECDCC4CBE23
:1039A0006C6401087C640108CAF24971FFFF973F0B
:1039B000DB0FC9BFFFFF1B4010EE103A33F0004190
:1039C0001A4625D0B1F1FF4F1FD213F0FF4F20D17F
:1039D000DFED297A294A60EE277A904217EE903A75
:1039E00031DB4CF2503CC3F3C75160451A46A1F19C
:1039F000190114DD002BDFED227A9FED210AB8BFFB
:103A0000DFED207A27EE800A704730EE000A70471B
:103A100070474CF2503C60454FEAD151EADC01441A
:103A2000FE29E7DC002915DC11F1160F19DB19312D
:103A300022F0FF4242EAC15207EE902A9FED120A9D
:103A400027EE800A7047DFED117A07EE103A27EE75
:103A5000270A704722F0FF4242EAC15300EE103AB3
:103A60007047002BDFED097A9FED080AB8BFDFED44
:103A7000087A27EE800A70470000004CB03CFFFF38
:103A8000CAF24971CAF249F1000000336042A20D46
:103A90006042A28D2DE9F04F2DED048BDBB01C466A
:103AA000944603930A46BA4B68991CF1040F53F8E5
:103AB0002170824604F1FF39C0F25682BCF1030343
:103AC00048BF0CF10403DB10029301334FEAC30E2D
:103AD000ACEB0E030593029B17EB0900A3EB090364
:103AE00016D401309FEDAB7A699C18441EA9002BB7
:103AF000A4BF54F8235007EE905A03F10103ACBF62
:103B0000F8EEE77AF0EE477A8342E1EC017AEED103
:103B1000002FC0F2E28203991EA800EB81004FEA59
:103B200081087E18002346AD4C460AEB8101B9F1AD
:103B3000000F80F2C8800134B44245F8043B00F124
:103B40000400F4D10DF1280B0BEB8703CDE9062E11
:103B5000043B9FED929ADFED908A059804930AEB5F
:103B6000080446AE0BEB87080097CDF820C00DEB9C
:103B70008703002F93ED460A4FEA870515DD731979
:103B80005A4660EE097AB0EE407AFDEEE77A73EDC0
:103B9000016AF8EEE77AB342A7EEE87A37EEA60AB2
:103BA000BDEEC77AA2EC017AEBD10190FFF704FFDA
:103BB000F4EE007AB0EE408A20EE270A00F0B0FA68
:103BC000F2EE007AA0EE678A01980028FDEEC89A0E
:103BD000F8EEE97A38EE678A40F38280791EC0F108
:103BE00008035BF821E04EFA03FC0CFA03F3AEEB9A
:103BF000030EC0F1070219EE903A4EFA02F2634446
:103C0000002A09EE903A4BF821E000F3AF80B5EEC0
:103C1000408AF1EE10FA74D1009B9F420ADD5D44A8
:103C2000002355F8041D454543EA0103F9D1002B53
:103C300040F00281009B013B5BF823207B1C9C46EB
:103C4000002A40F0F780049A012152F8045D013106
:103C5000002DFAD03944029D039A05EB030E0EF1B4
:103C6000804E699D0EF1FF3E3A4405EB8E0E1EAD6F
:103C700006EB830705EB8205DEED017AF8EEE77AC5
:103C8000B9F1000F0EF1040EE5EC017ADFED417A97
:103C900009DB2A465346F3EC016A32ED017AA3426E
:103CA000E6EE877AF7D10CF1010C8C45E7EC017A4E
:103CB000E2DD0F465BE70134B442E5EC017A00F146
:103CC00004003FF43FAFDFED337A83465346F3EC15
:103CD000016A3BED017A8B42E6EE877AF7D1EAE79B
:103CE00000F09180F6EE007AB4EEE78AF1EE10FA79
:103CF00080F22981B5EE408AF1EE10FA4FF0000211
:103D00008AD09246DDE9062EDDF820C00197AEEBA1
:103D10000C00B0EE480A009F0092FFF74DFEDFED69
:103D20001E6AB4EEE60AF1EE10FADDE90023F0EEC9
:103D3000407AC0F29C819FED197A059920EE077AAE
:103D40000831BDEEC77A0591B8EEC77A5C1CE7EE84
:103D5000667ABDEEC77AFDEEE77A17EE901A4BF859
:103D6000231017EE103A4BF824307EE00133002F79
:103D700009EE903A40F39D8159464FF0000E51F8FC
:103D8000043B002B39D0C3F5807341F8043C0CE0B0
:103D9000B864010800000000000080430000803B80
:103DA0000B68C3F1FF0341F8043B0EF1010E7745A8
:103DB000F6DC01239E4600280BDD012800F0BB80C5
:103DC000022806D1791E5BF8213003F03F0C4BF836
:103DD00021C0022A7FF41BAFB7EE000A734630EE13
:103DE000488A002B3FF413AF09920190FFF7E4FDDE
:103DF0000198099A38EE408A09E70EF1010E7745DD
:103E0000BDDC9E46D7E77B1E5BF82320D211002A3B
:103E10007FF7FDAE19EE903A002F03F1010309EE92
:103E2000903AA9DC022A7FF4F2AEF7EE007A37EE80
:103E3000C88AECE619460EE73B469246DDE90512D4
:103E40005C1EA1F108005BF82410009F059061B989
:103E500003F18043013B0BEB8303014653F8040D50
:103E6000013C08390028F9D0059105980092B7EE79
:103E7000000AFFF7A1FD002C009AB0EE407AC0F2D4
:103E80002281601C46AD5FED3B6A81000BEB800335
:103E900005EB800073ED017AF8EEE77A5B4567EE9B
:103EA000877A27EE267A60ED017AF3D10DF1C80802
:103EB0000E1F2E44C646A4460025002F7DDBDFF8EA
:103EC0005C92DFED957A3046002307E0F9EC016A59
:103ED000B0EC017A9F42E6EE877A03DBAB4203F156
:103EE0000103F3DD0CF1FF3CBCF1FF3FEEEC017A86
:103EF00005F10105A6F10406E1D1689B022B6ADCFD
:103F0000002B36DC0ED1DFED847A414431ED017AAD
:103F1000414577EE877AF9D15346002B40F0C680B1
:103F2000C2ED007A19EE903A03F007005BB0BDECE9
:103F3000048BBDE8F08F791E5BF8213003F07F0C15
:103F40004BF821C045E719EE903A002F03F1010329
:103F500009EE903AC8BF02223FF70EAFF7EE007AA3
:103F600037EEC88A022252E600234FF0080E029371
:103F7000AEE5DDED327A9FED687A414471ED016A7C
:103F8000414537EE267AF9D15346002B40F0848024
:103F900077EEC77A82ED007A64B133A90123B1ECE0
:103FA000017A01339C4277EE877AF8DA53460BB1F7
:103FB000F1EE677AC2ED017AB4E70CF1FF3C002321
:103FC000BCF1FF3F4EF8043B05F10105A6F10406E4
:103FD0007FF473AF91E7689B032BA3D1002C00F013
:103FE0008C8008EB840595ED007AA0002B462946CD
:103FF00071ED017AF0EE476A37EE277A414577EEA8
:10400000C77A81ED007A77EEA67AC1ED017AEFD119
:10401000012C72D095ED007A08F1040173ED017A5C
:10402000F0EE476A37EE277A994277EEC77A83ED4A
:10403000007A77EEA67AC3ED017AEFD1031DDFEDAA
:10404000367A434408F1080833ED017A984577EE53
:10405000877AF9D15346DDED326A9DED337A73B933
:10406000C2ED006A82ED017AC2ED027A5AE7FDEEF6
:10407000C07A1C4617EE901A4BF82310F5E6F1EEC5
:10408000666AB1EE477AF1EE677AC2ED006A82EDB8
:10409000017AC2ED027A45E7F1EE476A77EEC77A18
:1040A000C2ED006A002C7FF478AF81E7F1EE677A09
:1040B00036E7012815D002287FF4B4AE0EF03F0396
:1040C0004BF82130AEE6689B022B12DC002B17DC8C
:1040D0007FF428AFDFED107A1EE7039B4FEA8308D9
:1040E00030E50EF07F03022A4BF821307FF48FADCC
:1040F0009BE6689B032B7FF415AFDFED077AA9E7FA
:104100005346DDED327A1BB14FF0004313604FE7A9
:10411000002313604EE700BF000000008C6401081C
:1041200010EE102AC2F3C7537F3B162B22F000413A
:104130001BDC002B10461EDB1A4919410A4223D012
:10414000DFED197A70EE277AF5EEC07AF1EE10FA0B
:104150001ADD002A04DA4FF4000242FA03F318448D
:1041600020EA010300EE103A7047B1F1FF4F0BD384
:1041700030EE000A7047DFED0C7A70EE277AF5EE2C
:10418000C07AF1EE10FA00DC7047002A02DB9FEDE6
:10419000070A704711B99FED060A7047BFEE000A83
:1041A000F2E700BFFFFF7F00CAF249710000000084
:1041B00000000080830730B546D08418844604E0B0
:1041C00003F8011B9D0704D09C46A4456346F7D124
:1041D00030BD013A0244A2EB0C02032A29D9CCB229
:1041E00004EB04240F2A04EB04442FD9A2F1100C91
:1041F0002CF00F0C03F11005AC44C3E90044C3E9F3
:10420000024410336345F8D112F00C0F02F00F0E88
:1042100018D02EF0030C9C44AEF104051A4642F867
:10422000044B6245FBD125F0030404330EF0030276
:104230002344002ACCD0C9B21A4403F8011B93428C
:10424000FBD130BD7246F4E70346C6E79646E0E789
:1042500011F0FF01034600F0030239D08ABB026867
:1042600010B501EB012E0EEB0E4E8EEA0204A2F108
:10427000013323EA0203A4F1013222EA04021343C8
:1042800013F0803F0FD150F8044F84EA0E0CA4F1D4
:104290000133ACF1013223EA040322EA0C02134396
:1042A00013F0803FEFD0037823B936E010F8013FD8
:1042B000002B32D09942F9D110BD8A4228D09A07FA
:1042C00029D01A7818460133002AF6D110467047D3
:1042D000CAB90268A2F1013323EA020313F0803F56
:1042E00008D150F8042FA2F1013323EA020313F09E
:1042F000803FF6D003785BB110F8013F002BFBD173
:104300007047990705D0184613F8012B002AF8D1F9
:1043100070471846DDE71846A1E7184610BD00BFF4
:10432000014B1868704700BF8C03002080EA01022F
:10433000844612F0030F4FD111F0030F32D14DF824
:10434000044D11F0040F51F8043B0BD0A3F10132DE
:104350009A4312F0803F04BF4CF8043B51F8043BF1
:1043600016D100BF51F8044BA3F101329A4312F069
:10437000803FA4F101320BD14CF8043BA24312F070
:10438000803F04BF51F8043B4CF8044BEAD023466D
:104390000CF8013B13F0FF0F4FEA3323F8D15DF81F
:1043A000044B704711F0010F06D011F8012B0CF8E7
:1043B000012B002A08BF704711F0020FBFD031F85F
:1043C000022B12F0FF0F16BF2CF8022B8CF80020E6
:1043D00012F47F4FB3D1704711F8012B0CF8012B69
:1043E000002AF9D1704700BF2DE9F047089D0F461C
:1043F00004468C46002B48D18A42164661D9B2FA4F
:1044000082F34BB1C3F1200201FA03FC20FA02F25D
:104410009E4042EA0C0C9C404FEA164EB7B2BCFBE1
:10442000FEF1220C0EFB11CC42EA0C4201FB07F01C
:10443000904209D9B21801F1FF3C80F0EE80904221
:1044400040F2EB8002393244121AA4B2B2FBFEF001
:104450000EFB102244EA024400FB07F7A74209D9E9
:10446000341900F1FF3280F0DA80A74240F2D780A1
:104470003444023840EA0140E41B00211DB1DC4015
:104480000023C5E90043BDE8F0878B4206D90DB192
:10449000C5E9000100210846BDE8F087B3FA83F1C1
:1044A000002948D1BB4202D3824200F20781841A1C
:1044B00067EB030201209446002DE4D0C5E9004CCF
:1044C000E1E7002A00F09280B2FA82F3002B40F07C
:1044D000A8808A1A4FEA164E1FFA86FC0121200C8A
:1044E000B2FBFEF70EFB172240EA02420CFB07F07C
:1044F000904207D9B21807F1FF3802D2904200F279
:10450000E2804746121AA4B2B2FBFEF00EFB102264
:1045100044EA02440CFB00FCA44507D9341900F11D
:10452000FF3202D2A44500F2CB801046A4EB0C046B
:1045300040EA0740A2E7C1F120068B4022FA06FCC0
:104540004CEA030C07FA01F420FA06F3F7404FEAAD
:104550001C49234300FA01F81FFA8CFEB7FBF9F05F
:104560001C0C09FB107744EA074400FB0EF7A74236
:1045700002FA01F20AD91CEB040400F1FF3A80F0C0
:104580009B80A74240F2988002386444E41B9FB2AB
:10459000B4FBF9F309FB134447EA044403FB0EFEA2
:1045A000A64509D91CEB040403F1FF3780F0828093
:1045B000A6457FD9023B644443EA0040A4EB0E04C5
:1045C000A0FB02E7BC427346B94663D360D05DB13D
:1045D000B8EB030264EB090404FA06F622FA01F3CD
:1045E0001E43CC40C5E9006400214CE7620848083E
:1045F00042EAC1710B0C43EA00438AB242EA034229
:10460000B3FBF6F1E407B4463746B6461F23B0FBCA
:10461000F6F0D21B41EA004161E7614614E710461B
:1046200028E7C3F1200120FA01F29E4027FA01F1A8
:104630009F403A434FEA164E1FFA86FCB1FBFEF745
:104640000EFB1710110C41EA004107FB0CF88845DE
:1046500004FA03F43AD9711807F1FF3001D2884502
:104660001FD8A1EB0801B1FBFEF808FB0CF70EFB0D
:10467000181192B242EA0142BA422FD2B21808F19E
:10468000FF31C6D2BA42C4D2A8F102013244C0E717
:10469000F0459CD2BEEB020367EB0C070138B9462C
:1046A00095E7A6EB08084144B81EB1FBFEF808FBED
:1046B0000CF7DCE73B467FE7504667E70846FBE63A
:1046C0003444023832E7023F32441BE7A1EB0801D1
:1046D0003846B1FBFEF808FB0CF7C8E7414698E7FF
:1046E00003685A004CBF43F0004323F000431844D2
:1046F000704700BF2DE9F04759B301F1FF38054677
:10470000164647464FF0000A0AEB070101EBD1714C
:10471000491005EBC1094846FFF7E2FF88454FEA1B
:10472000C104034610D004F10800B342284407D85E
:10473000FFF7D6FF0138B04208D201F1010AE3E7E2
:104740008A4506D04F1EDFE7B042F9D84846BDE89B
:10475000F0874FF000094846BDE8F087012806D0F1
:10476000022802D028B9044870470448704704481A
:1047700070470020704700BF4D4E01085D4E010894
:10478000554E010830B5224B83B004468D1E43B30D
:1047900001A92846AFF30080F0B101992A46FFF73E
:1047A000A9FF0146C0B1FFF79BFF4B68A064012B36
:1047B0002BD0002B01F1040025DBFFF791FF002334
:1047C00023650368E064002B12DBFFF789FF0346D3
:1047D0000020236103B030BD00230920236103B012
:1047E00030BD0C4B0C49C91AC91018460191D5E7C8
:1047F000C3F30360FFF7B2FF031E0CBF09200020C4
:10480000236103B030BD0123DAE700230520E0E790
:104810000000000058670108E86F01080368DA0724
:1048200010B5044606D49B0700F1500009D5EBF7FC
:10483000FFFD2368590709D51A070ED5DB0613D5E6
:1048400010BDEBF7EDFD23685907F5D404F1D8004E
:10485000EBF7F6FD23681A07F0D404F5AC70EBF71C
:10486000F7FD2368DB06EBD404F5EC70BDE81040DF
:10487000EBF732BE0346006800B11844704700BF32
:10488000704700BF70B504460E46316C2046FFF7F6
:1048900079FF054688B9326C626123693246214648
:1048A000012098470828F0D0072806D12846316C07
:1048B000FFF7E6FF301DEBF7A7FD00F0E5FD00BFB9
:1048C0002DE9F04F0D1DD0F80C90D0F818A0074638
:1048D00014460FCDADF5777D0DF10C0CACE80F0053
:1048E0000FCDACE80F000FCDACE80F0095E80F003E
:1048F00002AE4FF0000E8CE80F000DF5F878C6F808
:1049000000E021E0336C7B614FF4F47231464046A5
:10491000EBF756FC3B694246394658469847D8F86B
:104920003830B3642146CDE9006A05463B46012094
:104930003A46C847044618BB4FF4F4724146304625
:10494000EBF73EFC082D19D1316C3846FFF71AFF02
:10495000093405465FFA84FB0028D3D0B36BB364F7
:104960003A46CDE9006A3B464BF010010120C847AA
:1049700030B928460DF5777DBDE8F08F072D05D0BD
:10498000092528460DF5777DBDE8F08F2046316C6E
:10499000FFF776FF03A8EBF737FD00BFF0B5CB6B51
:1049A000FBB001F1040C0B640F460546BCE80F0098
:1049B00001AC0FC4BCE80F000FC4BCE80F000FC46B
:1049C0009CE80F004FF0FF3E84E80F006E46CDF8E4
:1049D00000E006E02B69324629469847082804463D
:1049E00008D1316C2846FFF7CDFE0028F2D009200F
:1049F0007BB0F0BD3046FFF711FF062CF7D13946EA
:104A00002846FFF73FFF00BFC160D96B8261196480
:104A100000221946FFF754BF70B5C66843690B649E
:104A2000AEB903690A4604460D460146022098477E
:104A3000072805D008280FD129462046FFF722FF76
:104A40003046296CFFF71CFF281DEBF7DDFC012227
:104A5000FFF736FF00F018FD00F016FDC26808B53C
:104A600032B1CA6B0A64BDE808400022FFF728BFD4
:104A7000FFF794FF092008BD052915D8DFE801F0EC
:104A80000A031403030501207047009A436C136066
:104A90000020704743B90F2A06D800EB820200209D
:104AA0005368009A136070470220704700B585B0C4
:104AB0000A46002303A900911946FFF7DDFF03987A
:104AC00005B05DF804FB00BF052915D8DFE801F04B
:104AD0000A031403030501207047009B1B6843640D
:104AE0000020704743B90F2A06D8009B00EB8202D2
:104AF0001B685360002070470220704710B584B0D7
:104B0000002303AC039200940A461946FFF7DCFF2A
:104B100004B010BD2DE9F041D36BADF5107D02F16D
:104B2000040C136407460E46BCE80F000DF15C0E42
:104B3000AEE80F00BCE80F00AEE80F00BCE80F00C5
:104B4000AEE80F009CE80F0016AC4FF0FF388EE87F
:104B50000F006D46C4F8008010E0FFF7CFFF31462C
:104B60002046B847034622460820294683B92B69C8
:104B70009847052880460DD0092809D0216C284681
:104B8000FFF700FE03460C212A462046002BE4D006
:104B90004FF009082046FFF741FE40460DF5107D15
:104BA000BDE8F0812DE9F04F1646CA6C89B00D467C
:104BB00052F8041B069200F0030CE3B10C0C8DF8C4
:104BC0001D400904E4B2059102EB840202218DF834
:104BD0001C10296DBCF1020F08BFAA6B11F001086F
:104BE0000FD005A9304600F0CFFA002839D10820AF
:104BF00009B0BDE8F08F090205918DF81D30032141
:104C0000E5E71768002FECD000F008010191E346BA
:104C1000CDF808809A46BAF1020F26D0178854883A
:104C200002F10409AA6C24F001030F21304603EBC2
:104C30000208FFF73BFF804515D827F0010202EB81
:104C40000803834294BF00230123640004F002049C
:104C500007F001072743012F0BD0022F50D0002F60
:104C600045D00920C4E70023EFE7546802F10809A2
:104C7000D8E7BBF1000F73D1CBB1D9F80430D9F824
:104C80000020991C4FEAD272EBD005F15804013391
:104C9000049400F0CC8009F10400FFF7EBFD04ABB5
:104CA00001462846AFF30080002840F0978009F1C4
:104CB00008021768002FAED105A93046DDF808803C
:104CC00000F062FA0028CCD1B8F1000F8FD00F218C
:104CD0003046FFF7EBFE0E2102463046FFF70EFF8F
:104CE000594A0F213046FFF709FF072080E7BBF143
:104CF000000F02D0002B40F0878009F10402D8E7B2
:104D0000D9F8004024F00048BBF1000F0FD12BB1BF
:104D1000019B002B3CD0B8F1000F39D0002C01DAF8
:104D200009F1040908F1010209EB8202C1E70D2132
:104D30003046FFF7BBFE2F6A8742EFD1AB6A994539
:104D4000ECD100240423C5E90B434B44C5F828806B
:104D50006B63D9F80030A34270DB01230293E1E7D3
:104D60000D213046FFF7A2FE2C6A84429FD1AB6A28
:104D700099459CD14846FFF7B3FC0F2102463046C7
:104D8000FFF7BCFE2A4600213046FFF7B7FEACE72E
:104D900005F15803CDF80CB009F10407B34600241F
:104DA0001E460BE038460496FFF764FD00220146DC
:104DB00004AB2846AFF300800437F8B9444504F14A
:104DC0000104EFD10D215846FFF770FE049BC5F892
:104DD00028900246C5E90823062009E704460D216C
:104DE0003046FFF763FE049E2862022C04BFEE6289
:104DF00005F12C06C5E909690620F9E65E46D9F8F1
:104E00000040DDF80CB089E74846FFF769FC09F17E
:104E100004030446AB632846AFF3008000283FF448
:104E200020AF22460F213046FFF768FE5DE730468F
:104E30000D21FFF73BFE26462862DBE708F1010261
:104E400009EB820097E700BF000000000023FFF796
:104E5000A9BE00BF0123FFF7A5BE00BF0223FFF7D5
:104E6000A1BE00BF2DE9F0410646C4B01446052995
:104E700008D8DFE801F016300773980B3A19102AAA
:104E800040F2B780022044B0BDE8F081836B002C73
:104E9000F8D153F8042B42648363002044B0BDE88A
:104EA000F081002BEED1856B1FFA84FC012006F106
:104EB000040E00FA03F111EA0C0F2A4604D052F84E
:104EC000041B4EF8231015460133102BF1D1A0041A
:104ED000E3D4B563E1E7012B4FEA1447A4B2CDD088
:104EE000052BCFD107EB0408B8F1200FCAD80F2F3C
:104EF00040F2BD80002CD0D002685107A04600F1DE
:104F00001B81019302AC2046EBF79EFAD6F838C01D
:104F1000019B102F4FF0FF3239464FF0020E38BF81
:104F2000102118FB0E2E04EBC10184397246604635
:104F300050F8045B41F8045F013A551CF8D10CF1BC
:104F4000040C012B0CEB8E0200F0D5800F2FB26306
:104F500040F2FA802046EBF773FA9EE7032B91D1DB
:104F6000A7B207EB1443102B4FEA14448AD8036806
:104F7000190700F1A38022AD2846EBF78BFA7A00DF
:104F8000B06B05EBC404531E42B1011B625844F8D8
:104F9000042B013B5A1CF9D100EBC700B063284633
:104FA000EBF756FA79E7002B7FF46CAF102C3FF645
:104FB00069AF0368D80679D422AD2846EBF796FA94
:104FC000B76B294600234FF0010C0CFA03F2224282
:104FD000384603F1010303D050F8042B0A6007465A
:104FE000042B01F10401F0D1B7632846EBF774FA02
:104FF00053E7102F3FF446AF0268D10708D530467B
:1050000022F0030240F8502B0193EBF70DFA019BBD
:10501000019322AD2846EBF707FAD6F838C0002CEA
:105020006BD0019B4FF0000802214FF0FF3214FBC0
:10503000012E05EBC70104397246604650F8044B57
:1050400041F8044F013A541CF8D10CF1040C0CEB5C
:105050008E0CB8F1000F39D1012B4ED00F2FC6F8AE
:1050600038C03FF61AAF2846EBF7E2F915E70268B9
:10507000B8F1100F02F001012AD851B1304622F0E8
:10508000010242F0020240F8502B0193EBF7D4F9F1
:10509000019B019322AD2846EBF7CEF9019B002C32
:1050A000E1D0D6F838C04FF00008BDE723F0100378
:1050B000336006F5EC70EBF719FA7DE723F008038F
:1050C000036000F5AC70EBF7E5F954E702AC20E7BC
:1050D000D1B9550726D422AD28460193EBF7ACF998
:1050E00002A8EBF7B1F9A8F11008D6F838C0019B77
:1050F000C7F1100498E7944622AD0CF10403B363A2
:105100002846EBF78DF9C8E622F0010242F00202D0
:1051100040F8502B0193EBF78FF93268019B12F0A6
:10512000040FD8D0304622F0040240F8D82B019367
:10513000EBF78AF9019BCEE722F0040240F8D82B66
:105140000193EBF781F9DDE622A8EBF771F901E7AE
:10515000027A03467AB9427AA2B14168013A10B4A0
:105160004272086803220C1D1A7202025C60000E73
:1051700010BC1A6070470068013A1A7202021A6085
:10518000000E7047B02070472DE9F043064685B009
:105190000D4600272846FFF7DBFFB028044600F045
:1051A000218103065ED500F0F003A02B1DD033D87B
:1051B000802B00F08780902B2AD100F00D030D2B5F
:1051C00026D00DF10808002300F00F021946CDF893
:1051D00000803046FFF750FC0023CDF800800D2200
:1051E00019463046FFF770FCD4E7C34303F00703CA
:1051F0004FF47F621A41010702F47F6201D542F445
:105200008042002319463046FFF72CFE0028C1D00B
:10521000092005B0BDE8F083B02B68D0C02B3FD18A
:10522000C62800F0CC80C72800F0DF8000F0F8032B
:10523000C02B00F0EC80C82800F0F780C928E7D127
:105240002846FFF785FF020300F00F0002F47022EA
:1052500001300243012105233046FFF703FE0028F9
:1052600098D0D5E78300DBB203F104080DF10809FB
:1052700000231946CDF800900D223046FFF7FCFBC5
:10528000029ACDF8009060064CBFA2EB080242449F
:105290000023029219460D223046FFF715FC79E7EC
:1052A00000F0F803D02BB3D100F007020132052340
:1052B00042F4002201213046FFF7D4FD00283FF4DC
:1052C00069AFA5E72846FFF743FF24022043B0F566
:1052D000004F9DD004010023A2B219463046FFF7CB
:1052E000C1FD002894D1C4F3C030074352E7A0F1B8
:1052F000B103042B00F2B580DFE803F05729160C48
:10530000030003AA0023009219460D223046FFF73E
:10531000B3FB3FE700231A4605213046FFF7A2FD05
:1053200000283FF437AF73E72846FFF711FF020369
:1053300000F00F00013002F47022012302431946ED
:105340003046FFF78FFD00283FF424AF60E70023CD
:105350000DF108090D221946CDF800903046FFF7EF
:105360008BFB2846FFF7F4FE0206029C4FF0020872
:105370000CD500F07F0000FA08F00444284602949F
:10538000FFF7E6FE030608F10708F2D400FA08F07A
:1053900004F50174204400230290CDF800900D2202
:1053A00019463046FFF790FBF4E62846FFF7D0FE9B
:1053B000431EDBB20E2B02467FF623AF28E72846BA
:1053C000FFF7C6FE020300F00F00013002F4702266
:1053D0000323024319463046FFF744FD00283FF4FB
:1053E000D9AE15E76FB3002013E72846FFF7B0FEEC
:1053F000431EDBB20E2B02463FF60AAF0023042108
:105400003046FFF72FFD00283FF4C4AE00E700F060
:105410000F020132032342F4202219463046FFF7DF
:1054200021FD00283FF4B6AEF2E62846FFF790FED5
:1054300000F0F00200F00F031032013343EA0232B1
:1054400008E702AC3B46394600940E223046FFF78F
:1054500013FB0F2200943B4639463046FFF734FBDE
:10546000C1E700F0FC03B42B3FF4D2AE00F007021A
:105470000132012342F4002219463046FFF7F2FCC4
:1054800000283FF487AEC3E608B5062000F004F814
:10549000012000F055F800BF38B5144B1F281D68D7
:1054A0001ED8D5F83821044662B152F820304BB1ED
:1054B000012B05D0591C0FD0002142F8201098472D
:1054C000002038BD284600F029F82246014628462B
:1054D000BDE8384000F00CB816232B60012038BD21
:1054E00016232B604FF0FF3038BD00BF8C03002027
:1054F00070B50C46084D03460026204611461C4652
:105500002E6000F015F8431C00D070BD2B68002BF6
:10551000FBD0236070BD00BF8C20002000F000B8DD
:10552000024B58221A604FF0FF3070478C20002049
:10553000024B58221A604FF0FF3070478C20002039
:10554000FEE700BF000400480000004800000048DB
:105550000004004800040048000400480008004817
:105560000040010200080048002001020008004835
:105570000080010200000048100001020000004805
:10558000200001020000004840000102000000402D
:10559000000400480004081C01020A010000004049
:1055A0000004004800080C1C01020B010000004030
:1055B000000000480200041C01020101000000403C
:1055C000000000480100001C01020001002C014005
:1055D000000000480001001B000A0806C59500668F
:1055E0009C4155544F464C592000312E302E3000EE
:1055F000332E302E300031363A35393A34310030DE
:10560000392D30392D3230323600302E302E3000E8
:105610005052494D55535F58325F7631004D4147E6
:1056200049535632004145545231323334004759C0
:10563000524F5F43414C49425241544544005258F5
:105640005F4C4F53545F4C414E44494E47005258B3
:105650005F4C4F53540044495341524D494E47000B
:1056600041524D494E475F4750535F4649580042AB
:1056700041545F435249545F4C4F57004241545F7D
:105680004C4F570052585F534554004143435F43CA
:10569000414C4942524154494F4E004143435F43BC
:1056A000414C4942524154494F4E5F4641494C009A
:1056B00052454144595F4245455000444953415287
:1056C0004D5F5245504541540041524D45440025DF
:1056D0007320666F722025730042792044524F4E2A
:1056E00041204156494154494F4E0046573A25738F
:1056F000207C204150493A2573004275696C642032
:105700003A202573007C2025642E256400444556EC
:10571000207C00202020207C00525820207C007C0F
:105720002041524D007C2020202000204143432076
:1057300043414C2000204D41472043414C20002054
:105740004C4F57204241542000205258204C4F5378
:10575000532000202043524153482020004E4F54F4
:1057600020524541445900202052454144592020AF
:1057700000494E20464C4947485400202020202014
:1057800020202020002530326C75203A0025303250
:105790006C750050203A2025642020200052203AC9
:1057A0002025642020200059203A20256420202034
:1057B0000070203A2025642020200054203A202523
:1057C00064202020004D414749532056320050525A
:1057D000494D55532058322076310041524D3B00FF
:1057E000414E474C453B00484F52495A4F4E3B00B3
:1057F0004241524F3B004D41473B004845414446E2
:105800005245453B004845414441444A3B004341E1
:105810004D535441423B0043414D545249473B0094
:1058200047505320484F4D453B0047505320484F69
:105830004C443B0050415353544852553B00424561
:10584000455045523B004C45444D41583B004C456A
:10585000444C4F573B004C4C49474854533B004342
:10586000414C49423B00474F5645524E4F523B0038
:105870004F53442053573B0054454C454D455452DB
:10588000593B004754554E453B00534F4E41523B08
:1058900000534552564F313B00534552564F323B11
:1058A00000534552564F333B00424C41434B424F0D
:1058B000583B004641494C534146453B000C0102D0
:1058C0000005040300000000E1550108EA55010845
:1058D000F0550108F6550108FF5501080A56010860
:1058E000105601081D5601080000803F000080BFCF
:1058F0000000803F000080BF0000803F000080BFAC
:10590000000080BF0000803F0000803F0000803F1B
:105910000000803F0000803F0000803F0000803F8B
:10592000000080BF000080BF0701010202020503E2
:10593000080406050A06090701000000F8590108D5
:105940002E56010802010000215A01083E560108A6
:1059500003020000345A01084E56010804030000F7
:10596000415A010856560108050400004B5A010827
:105970005956010806050000185A0108605601082A
:1059800007060000375A01086F5601080807000093
:105990003A5A01087C5601080908000067240020D3
:1059A000000000000A090000505A0108845601084E
:1059B0000C0A0000045A01088B5601080D0B000068
:1059C000FF5901089B5601080E0C0000095A0108F6
:1059D000B05601080F0D00006724002000000000F1
:1059E0000B0E00003D5A0108BB560108100F0000C5
:1059F000465A0108C9560108140A140A140AFF1469
:105A00000F2305FF05050505FF0405040508050F1F
:105A100005080504050405FF05050F0505050F1E0E
:105A2000FF0A0A0A0A0A28280A280A28280A0A0A4B
:105A30000A0A46FF3232FF3202FF1932FF00640ABF
:105A4000FF0F050F05FF00F50A05FF1E050505FF01
:105A50000A0AFF0100010200010300010400010520
:105A600000010600010700010800010900010A0009
:105A7000010B00010C01030D00010E00010F0001DC
:105A800010000111000112000113000114000100B7
:105A90000000000080250000004B00000096000080
:105AA00000E1000000C201000084030090D0030068
:105AB00000010000524F4C4C3B50495443483B5965
:105AC00041573B414C543B506F733B506F73523BBB
:105AD0004E6176523B4C4556454C3B4D41473B56FB
:105AE000454C3B0000000000DB57010800000000AF
:105AF00001000000E0570108010000000200000062
:105B0000E75701080200000003000000F0570108F9
:105B10000300000004000000F65701080500000023
:105B200005000000FB570108060000000600000009
:105B30000558010807000000070000000E58010882
:105B400008000000080000001758010809000000C4
:105B500009000000205801080A0000000A000000A7
:105B60002A5801080B0000000B00000034580108FF
:105B70000C0000000C0000003E5801080D00000061
:105B80000D000000465801080E0000000E00000045
:105B90004E5801080F0000000F0000005658010881
:105BA00010000000100000005F5801081100000004
:105BB00011000000665801081200000012000000E9
:105BC0007058010813000000130000007858010805
:105BD00014000000140000008358010815000000A4
:105BE000150000008A580108160000001600000089
:105BF000915801081700000017000000995801088B
:105C00001800000018000000A15801081900000049
:105C100019000000A95801081A0000001A0000002D
:105C2000B35801081B0000001B000000000000002A
:105C3000FF00000041455254313233343536373895
:105C40006162636465666768000001000200040029
:105C5000060008000A000C00100020004000800030
:105C60000001000000000000000000000000010230
:105C700003040102030406070809000000000000F5
:105C8000004F00000007000700147F147F14242A2F
:105C90007F2A1223130864623649552250000503F7
:105CA0000000001C2241000041221C0014083E0894
:105CB0001408083E080800503000000808080808CA
:105CC000006060000020100804023E5149453E007B
:105CD000427F400042615149462141454B311814F1
:105CE000127F1027454545393C4A49493001710921
:105CF00005033649494936064949291E003636000A
:105D00000000563600000814224100141414141424
:105D100000412214080201510906324979413E7EB0
:105D20001111117E7F494949363E414141227F414F
:105D300041221C7F494949417F090909013E4149E6
:105D4000497A7F0808087F00417F41002040413F99
:105D5000017F081422417F404040407F020C027FB7
:105D60007F0408107F3E4141413E7F090909063EFC
:105D70004151215E7F0919294646494949310101AE
:105D80007F01013F4040403F1F2040201F3F4038DF
:105D9000403F6314081463070870080761514945C0
:105DA00043007F41410002040810200041417F0070
:105DB000040201020440404040400102040000206F
:105DC000545454787F484444383844444420384438
:105DD00044487F3854545418087E09010206494942
:105DE000493F7F0804047800447D40002040443D42
:105DF000007F1028440000417F40007C0418047C90
:105E00007C0804047838444444387C14141408088A
:105E10001414187C7C080404084854545420043F8B
:105E20004440203C4040207C1C2040201C3C403012
:105E3000403C44281028440C5050503C4464544C7E
:105E400044000836410000007F0000004136080091
:105E500002010204023E55554122000000000000EC
:105E6000007900001824742E24487E4942405D22A7
:105E700022225D15167C161500007700000A555584
:105E800055280001000100000A0D0A0408142A1414
:105E900022040404041C0008080800010101010197
:105EA000000205020044445F444400000402017EF5
:105EB0002020103E060F7F007F00181800000040D1
:105EC000502000000A0D0A0022142A140817083472
:105ED0002A7D1708046A5930484540204200420094
:105EE000427E420042007E7E0042007E7E7E420074
:105EF0007E7E7E7E007E7E7E7E7E5A0000005A5A26
:105F00004040405A7A6060607A7A7070707A7A782D
:105F100078787A7A7C7C7C7A7A7E7E7E7A00000041
:105F2000C1C80008BDC80008C5C8000800040801B1
:105F300000000048000100000000020000040048CA
:105F400004000000000004000004004840000000BD
:105F5000000004000004004880000000000004006D
:105F60000004004800800000000004000004004815
:105F70000040000000000400000400480020000071
:105F800000000400000400480010000000000400AD
:105F9000000000481000000000000200000000485F
:105FA0000020000000000200000000480040000047
:105FB000000002000004004810000000000004007F
:105FC0000004004820000000000004000000004819
:105FD000200000000000020000040048080000004B
:105FE00000000400000000480080000000000200E3
:105FF0000000004808000000000002000000004807
:106000000400000000000200C01200008025000013
:1060100040380000004B00000096000000E1000046
:1060200000C2010000F4010000E8030000050600C2
:10603000F0180020010908008817002002040F0052
:106040002016002003070E00B814002004FF0D00E6
:1060500050130020686001087E6001086460010838
:1060600066600108FFFFFFFF000301030203030353
:10607000040205030603070308040903FFFF0003E6
:1060800001030203030304010503060307030804D5
:10609000FFFF0000850F0108950D0108D90C0108CC
:1060A000C90D0108890D0108FF0C01088F0D0108B9
:1060B000000000000000004B000000CB000000804A
:1060C000DB0F4940DB0F49C0DB0F49BFE4CB164073
:1060D000E4CB16C0000FC93F000F494000CB9640EB
:1060E000000FC9400053FB4000CB164100ED2F418B
:1060F000000F49410031624100537B41003A8A411F
:1061000000CB9641005CA34100EDAF41007EBC4155
:10611000000FC94100A0D5410031E24100C2EE416B
:106120000053FB4100F20342003A0A42008310424E
:1061300000CB164200141D42005C234200A52942F8
:1061400000ED2F4200363642007E3C4200C74242FC
:10615000000F4942A2000000F90000008300000087
:106160006E0000004E00000044000000150000001A
:1061700029000000FC00000027000000570000007C
:10618000D1000000F500000034000000DD00000038
:10619000C0000000DB00000062000000950000006D
:1061A000990000003C000000430000009000000047
:1061B00041000000FE0000005100000063000000EC
:1061C000AB000000DE000000BB000000C5000000C6
:1061D00061000000B7000000240000006E00000015
:1061E0003A000000420000004D000000D200000014
:1061F000E000000006000000490000002E00000042
:10620000EA00000009000000D10000009200000038
:106210001C000000FE0000001D000000EB0000005C
:106220001C000000B100000029000000A7000000D1
:106230003E000000E8000000820000003500000081
:10624000F50000002E000000BB000000440000002C
:1062500084000000E90000009C00000070000000C5
:1062600026000000B40000005F0000007E00000077
:10627000410000003900000091000000D60000003D
:1062800039000000830000005300000039000000C6
:10629000F40000009C000000840000005F0000008B
:1062A0008B000000BD000000F90000002800000085
:1062B0003B0000001F000000F800000097000000F5
:1062C000FF000000DE000000050000009800000054
:1062D0000F000000EF0000002F0000001100000080
:1062E0008B0000005A0000000A0000006D00000052
:1062F0001F0000006D000000360000007E0000005E
:10630000CF00000027000000CB00000009000000C3
:10631000B70000004F000000460000003F000000F2
:10632000660000009E0000005F000000EA00000020
:106330002D0000007500000027000000BA000000DA
:10634000C7000000EB000000E5000000F1000000C5
:106350007B0000003D000000070000003900000045
:10636000F70000008A0000005200000092000000C8
:10637000EA0000006B000000FB0000005F0000006E
:10638000B10000001F0000008D0000005D00000053
:10639000080000005600000003000000300000006C
:1063A00046000000FC0000007B0000006B000000C5
:1063B000AB000000F0000000CF000000BC000000B7
:1063C000200000009A000000F400000036000000E9
:1063D0001D000000A9000000E30000009100000083
:1063E000610000005E000000E60000001B000000ED
:1063F0000800000065000000990000008500000012
:106400005F00000014000000A00000006800000011
:10641000400000008D000000FF000000D8000000D8
:10642000800000004D000000730000002700000005
:10643000310000000600000006000000150000000A
:1064400056000000CA00000073000000A800000011
:10645000C900000060000000E20000007B000000B6
:10646000C00000008C0000006B0000006937AC31F8
:1064700068212233B40F14336821A2333863ED3E10
:10648000DA0F493F5E987B3FDA0FC93F0000C93FF2
:106490000000F0390000DA370000A2330000842E3B
:1064A0000000502B0000C2270000D0220000C41FB3
:1064B0000000C61B00004417040000000700000095
:0464C00009000000CF
:1064C40008B10181B0B000840000000008B101816E
:1064D400B0B000840000000008B10181B0B00084B5
:1064E4000000000008B10181B0B000840000000089
:1064F400C9080181B0B0AF800000000008B101817B
:10650400B0B000840000000008B10181B0B0008484
:106514000000000080C90181B0AF08B10000000094
:1065240008B10181B0B000840000000008B101810D
:10653400B0B000840000000008B10181B0B0008454
:106544000000000008B10181B0B000840000000028
:1065540084030181B00EB1000000000080C90181F4
:10656400B0A908B10000000008B10181B0B00084F6
:106574000000000008B10181B0B0008400000000F8
:1065840008B10181B0B000840000000008B10181AD
:10659400B0B0008400000000C90C0181B0B0AF802D
:1065A40000000000C90C0181B0B0AF800000000001
:1065B400C9060181B0B0AF8400000000C9060181A2
:1065C400B0B0AF8300000000C9080181B0B0AF8053
:1065D4000000000080C90181008408B100000000AF
:1065E40008B10181B0B000840000000082C90181BB
:1065F400B0A908B100000000C9040181B0B0AB82A9
:106604000000000081C90181B0AB08B100000000A6
:1066140080C90181008408B10000000008B1018133
:10662400B0B000840000000008B10181B0B0008463
:1066340000000000C9200181B0B0AF80000000005C
:1066440008B10181B0B000840000000008B10181EC
:10665400B0B000840000000008B10181B0B0008433
:106664000000000008B10181B0B000840000000007
:1066740008B10181B0B000840000000008B10181BC
:10668400B0B000840000000008B10181B0B0008403
:106694000000000008B10181B0B0008400000000D7
:1066A400C9020181B0B0AD800000000008B10181D1
:1066B400B0B000840000000080C90181B0AF08B10F
:1066C4000000000008B10181B0B0008400000000A7
:1066D40008B10181B0B000840000000008B101815C
:1066E400B0B000840000000008B10181B0B00084A3
:1066F4000000000008B10181B0B000840000000077
:1067040008B10181B0B000840000000008B101812B
:10671400B0B000840000000008B10181B0B0008472
:106724000000000008B10181B0B000840000000046
:1067340008B10181B0B000840000000080C901816B
:10674400B0AD08B10000000008B10181B0B0008410
:046754000000000041
:10675800689AFE7F010000007A9EFE7F60FDFF7F41
:10676800829EFE7F01000000829EFE7F5CFDFF7F0F
:106778008A9EFE7F01000000F09EFE7FB0AB06807F
:106788004CA2FE7F50FDFF7F50A2FE7F010000005B
:106798006CA2FE7F4CFDFF7FD0A2FE7F50FDFF7FE5
:1067A80030A7FE7FB0B0A88010A8FE7F4CFDFF7F09
:1067B800D4A8FE7F010000008CA9FE7FB0B0A8809D
:1067C80058AAFE7FB0B0AA80D0AAFE7FAD08B180DB
:1067D80070ADFE7FB0AD028040AEFE7FA908B180EB
:1067E80078AFFE7FB0AC01804CB1FE7F01000000A5
:1067F80010B3FE7FB0B0A8802CB3FE7FB0A9028092
:10680800FCB3FE7F01000000F8B3FE7FAB08B18047
:106818008CB4FE7F01000000ACB4FE7FE8FCFF7F73
:10682800D8B4FE7F0100000008B5FE7FE4FCFF7FBE
:106838006CB8FE7F0100000088B8FE7FE0FCFF7F97
:1068480020B9FE7FB0B0A880A0B9FE7FDCFCFF7F36
:10685800A8B9FE7FE0FCFF7FB0B9FE7FB0B0A8808A
:10686800CCB9FE7F01000000DCB9FE7FB0B0A88083
:1068780010BAFE7F0100000068BAFE7FB0B0AC809D
:1068880048BCFE7FBCFCFF7F64BCFE7F01000000AB
:1068980040C0FE7FAD08B18090C0FE7F01000000BF
:1068A800A0C0FE7FB0AE078064C2FE7FA0FCFF7F61
:1068B80088C2FE7F010000000CC4FE7FAF08B180D3
:1068C800A8C5FE7FA908B18014C6FE7F010000009C
:1068D8003CC6FE7FAC80C980B4C7FE7F01000000C3
:1068E8006CC9FE7F74FCFF7FA8C9FE7F0100000011
:1068F800ACC9FE7FB0B0A88008CAFE7FAC81C98051
:1069080038CCFE7F0100000014CDFE7F58FCFF7FCD
:1069180024CDFE7F5CFCFF7F3CCDFE7F60FCFF7FCB
:1069280054CDFE7FB0AF0280D4CEFE7F5CFCFF7FEB
:1069380060CFFE7F60FCFF7F3CD2FE7F64FCFF7F60
:1069480058D5FE7FB0AF0A8004D8FE7F60FCFF7F79
:106958004CDDFE7F64FCFF7F24E0FE7F68FCFF7F48
:10696800C0E2FE7F010000000CE5FE7FB0B0AA8007
:1069780050E5FE7F0100000000E8FE7FB0AB0A8012
:10698800E4E9FE7F0100000090ECFE7F44FCFF7FFD
:10699800E0ECFE7F01000000F4EDFE7F40FCFF7F8D
:1069A800C4EEFE7F01000000D8EFFE7F3CFCFF7FB5
:1069B80060F1FE7F40FCFF7F9CF4FE7F44FCFF7F7C
:1069C80094F6FE7F48FCFF7F24F7FE7F010000005D
:1069D80060F7FE7FAB08B1808CF7FE7F01000000F6
:1069E800B8F7FE7FB0B0AA80ECF7FE7F0100000088
:1069F8000CF8FE7F24FCFF7F34F8FE7F01000000C6
:106A080038F8FE7FAF08B18034FAFE7F010000003D
:106A18000CFDFE7F10FCFF7F30FDFE7F01000000B3
:106A28006CFDFE7FB0B0AA8014FEFE7F010000005E
:106A3800CC02FF7FA908B1801003FF7FB0AD0280B0
:106A48007405FF7F010000009005FF7FA908B18051
:106A5800D405FF7FAB08B1800406FF7F010000006A
:106A68002C06FF7FB0B0AA807809FF7FB0B0A8805D
:106A78009409FF7FB0AF0480840AFF7FB0B0AA807A
:106A8800B00AFF7F01000000EC0CFF7FB0AC018072
:106A9800540DFF7F01000000AC0DFF7FB0B0A8804F
:106AA800BC0DFF7F01000000040EFF7FB0B0A8807E
:106AB800200EFF7FA908B180580EFF7F010000005B
:106AC800580EFF7FB0B0A880780EFF7F010000004D
:106AD800780EFF7F5CFBFF7FC81AFF7FB0AE018096
:106AE800401BFF7FAB08B180701CFF7F01000000D6
:106AF8007C1CFF7FB0AF0A806C25FF7F010000007F
:106B08008025FF7F38FBFF7F9025FF7F0100000075
:106B18008C25FF7F34FBFF7F8E25FF7F010000005F
:106B2800B825FF7FB0AA0380F825FF7F28FBFF7FE9
:106B38000826FF7FB0AF0480DC26FF7F0084048036
:106B48002427FF7FAB08B1804827FF7FB0B0A8801B
:106B58005C27FF7F010000005827FF7FB0B0A880A6
:106B6800A427FF7F01000000C427FF7FF4FAFF7FFE
:106B78005028FF7FAD08B1805029FF7F0100000039
:106B88008C29FF7FE8FAFF7FB429FF7FECFAFF7FAB
:106B9800CC29FF7FA908B180C42AFF7F010000002B
:106BA800D82AFF7FB0AF0480042DFF7F01000000CA
:106BB800382DFF7FD0FAFF7F942DFF7F0100000062
:106BC800EC34FF7FB0AA01807035FF7F0100000020
:106BD8009035FF7FB0B0AC803836FF7F01000000F1
:106BE8006836FF7FB0B0AC800438FF7F010000003A
:106BF8001C38FF7FB0B0A8806C38FF7F0100000010
:106C08007C38FF7FAB08B1802839FF7F84FAFF7F8B
:106C18008039FF7FB0B0AC80683AFF7FB0A90280AE
:106C2800043CFF7F78FAFF7F483FFF7FB0A80380CE
:106C3800903FFF7F010000009C40FF7F6CFAFF7FC0
:106C4800AC40FF7FB0B0AE809842FF7F01000000EB
:106C5800B842FF7F60FAFF7FD043FF7FB0B0A880C3
:106C6800F843FF7F010000001844FF7FAF08B180A0
:106C7800E444FF7F4CFAFF7F1845FF7F01000000C6
:106C8800284AFF7FB0B0AA80144EFF7F01000000A1
:106C9800944FFF7FB0B0AA80D850FF7FAC80C980E6
:106CA8003053FF7F01000000E854FF7FB0A9028045
:106CB800A855FF7FA908B180B855FF7FAB08B18000
:106CC8002056FF7FB0B0A8809456FF7FAB08B180F4
:106CD8004057FF7FB0B0A8809C57FF7F010000009D
:106CE800D057FF7FB0B0A8800058FF7FB0AC1980A4
:106CF8005C59FF7F00841280D459FF7F0084148080
:106D0800705AFF7F00841280E45AFF7F0084148049
:106D1800845BFF7FB8F9FF7F9C5BFF7F0100000069
:106D2800A85BFF7FB0A90280EC5BFF7F0100000039
:106D3800185CFF7F00840280405CFF7F9CF9FF7F26
:106D4800685CFF7F010000006C5CFF7F98F9FF7FA3
:106D5800F05CFF7F9CF9FF7F145DFF7F010000005E
:106D6800445DFF7FB0B0A880805DFF7F0100000018
:106D7800A85DFF7FAF08B1809C5EFF7F0100000027
:106D8800C85EFF7FAF08B1806C61FF7F0100000023
:106D98007461FF7FAB08B180F062FF7F01000000E3
:106DA8000C63FF7FA908B1802C64FF7F00840280F8
:106DB8006064FF7F010000007E89FF7F40F9FF7F4C
:106DC8008C89FF7F010000009089FF7FB0AB0480B1
:106DD800D88AFF7FB0A90280788BFF7F010000006E
:106DE800808BFF7F24F9FF7F8C8BFF7FB0A8018009
:106DF8004C8CFF7F01000000B094FF7F18F9FF7FE3
:106E0800B694FF7FB0A80180FC94FF7F01000000CA
:106E1800F894FF7F0CF9FF7F1895FF7FB0A90280D7
:106E28006895FF7F01000000AC96FF7FB0B0A88096
:106E3800D096FF7FB0A801801497FF7FB0B0AA80DA
:106E48002C97FF7F008402800498FF7FE0F8FF7F83
:106E58002098FF7F008402806898FF7F010000006F
:106E68008098FF7FB0A90280D898FF7F01000000BA
:106E7800D898FF7FB0B0AE806C99FF7F010000000A
:106E88000C9AFF7FB0AF0680289BFF7F01000000AF
:106E9800589BFF7FAD08B1808C9BFF7F01000000ED
:106EA800909BFF7FB0B0A880049CFF7F010000008A
:106EB800489DFF7FB0AA0380009EFF7F010000006D
:106EC800C8A4FF7FB0B0AC804AA5FF7F01000000D6
:106ED8000CA6FF7F0084028024A6FF7FB0AA03804F
:106EE80060A6FF7FB0B0A88082A6FF7F01000000E7
:106EF80088A6FF7FAD08B180ECA6FF7F01000000E7
:106F08005CA7FF7FA908B180C8A7FF7F0100000028
:106F1800F8A7FF7FB0A8018050A8FF7FB0AC03801E
:106F280044A9FF7F0100000084AAFF7FB0AA038064
:106F380028ABFF7F0100000048ABFF7FB0B0AA80FC
:106F480090ABFF7F0100000028ACFF7FECF7FF7FCC
:106F5800F4ACFF7F0100000024D8FF7FB0A90280B5
:106F6800B4D8FF7FB0B0A88004D9FF7F010000002B
:106F78000CD9FF7FB0B0AA8040D9FF7FAF76B2802E
:106F880014DAFF7FAB3F3A8078DAFF7F0100000018
:106F980080DAFF7FB0B0AA80BCDAFF7FA8F7FF7F56
:106FA800D0DAFF7F0100000064DBFF7FAC0FB28006
:106FB800ECDBFF7FB0AF08808CDEFF7F01000000B4
:106FC8009CDEFF7FAC3F038080E1FF7F0100000073
:106FD800B0E1FF7FB0AD0480A8E4FF7F01000000AE
:046FE800F560000848
:106FEC005300000000A24A0401000000F40100005C
:106FFC006400000000000040FFFF00000F000000D4
:10700C00010000000A000000FFFF01009938000891
:10701C000AD7233CCDCC4C3E728A0E3CCDCC4C3E98
:10702C000000803F00000000000000000000000095
:10703C000000803F00000000000000000000000085
:10704C000000803F0200000001000000B592000823
:10705C00010100016400000000005C420000803F60
:10706C000000803F0101010001010100FFFF000051
:10707C000000C03FFF00140578000000B6030000BC
:10708C0001010200FFFFFFFF0100FFFFFFFFFFFFF9
:10709C00FFFFFFFF01010100A08601000101FF00BD
:1070AC0001800101FF0101000001FF01014F0201FC
:1070BC00FF0E01000301018401020A010303010414
:1070CC00080105C801060301078D0108080109C65E
:1070DC00010A01010B02010C00010DD5010E180172
:1070EC000F120110010111820112000113D50114BC
:1070FC001801151301160301178601180A01190945
:10710C00011A08011BC2011C03011D8F011E0A017B
:10711C001F060120010121020122000123D50124B7
:10712C00180125220126010127820128000129D5F9
:10713C00012A18012B0B012C28012D78012E280176
:10714C002F9101300001310B01320001330B01345E
:10715C00000135A10136000137A0013800013904C6
:10716C00013A28013B30013C0C013D04013E0F016A
:10717C003F7901402801411E01422F014387014400
:10718C000001450B01460001470B0148000149A7CE
:10719C00014A00014BA6014C00014D04014E0101B6
:1071AC004F00015000015180015209015308015454
:1071BC000101550001560F01577901580901590574
:1071CC00015A00015B60015C05015DD1015E0C019F
:1071DC005F3C0160000161D001620B01630301643B
:1071EC002801651001662A01673901680B016902E3
:1071FC00016A28016B10016C2A016D61016E0C0192
:10720C006F0001700F01717901720001730B017431
:10721C000001750B0176000177A10178000179A0BE
:10722C00017A00017B0401FF0401791D017B270118
:10723C00960E0197FE0198030199EF019A02019BAA
:10724C004401730701700101FF0101000101FF00FE
:10725C0000000001FF0101000001FF000109000115
:10726C0010000111000124010125FF01750001FF2F
:10727C0001014E2C01480001302001FF00013009B2
:10728C000154000131040132030140830146250100
:10729C006000012700015006015100015296015671
:1072AC0008015730016100016200016400016500B2
:1072BC000166A001FF010122320147140149FF01BF
:1072CC004A0001FF00017A0A017B0001782101FFCD
:1072DC00010123340142000144FF0145260146050A
:1072EC00014040010E0601201A01434001FF00013C
:1072FC00340301354401FF01013104014B09014CF8
:10730C0005014D0401FF000144000145200147081F
:10731C000148280167000170040171010172FE012E
:10732C00760001770001FF01010D0101FF000180D2
:10733C00010101F801FF01018E0101000101FF00B3
:10734C0001800000000000000A00000005000000A1
:10735C00000000000500000000000000000100001B
:10736C00000000000000000001000000900300205D
:10737C0000000000541F0020BC1F0020242000200F
:10738C0000000000000000000000000000000000F1
:10739C0000000000000000000000000000000000E1
:1073AC0000000000000000000000000000000000D1
:1073BC0000000000000000000000000000000000C1
:1073CC0000000000000000000000000000000000B1
:1073DC0000000000000000000000000000000000A1
:1073EC000000000000000000000000000000000091
:1073FC000000000000000000000000000000000081
:10740C00000000000000000001000000000000006F
:10741C000E33CDAB34126DE6ECDE05000B00000034
:10742C000000000000000000000000000000000050
:10743C000000000000000000000000000000000040
:10744C000000000000000000000000000000000030
:10745C000000000000000000000000000000000020
:10746C000000000000000000000000000000000010
:10747C000000000000000000000000000000000000
:10748C0000000000000000000000000000000000F0
:10749C0000000000000000000000000000000000E0
:1074AC0000000000000000000000000000000000D0
:0400000508000000EF
:00000001FF
